logged_at_utc,sport,market_type,market_ticker,title,reason,prev_price_cents,curr_price_cents,price_delta_cents,prev_volume,curr_volume,volume_delta,is_live,explanation,explanation_source,explanation_updated_at
2026-10-01T20:31:01.426915+00:00,nfl,prop_passyds,KXNFLPASSYDS-26OCT04GBTB-TBJDANIELS10-125,Jalon Daniels: 125+ passing yards,price moved +75c,0,75,75,0,30,30,False,,,
2026-10-01T20:31:01.426915+00:00,nfl,prop_passyds,KXNFLPASSYDS-26OCT04NEBUF-BUFJALLEN17-175,Josh Allen: 175+ passing yards,price moved +83c,0,83,83,0,1,1,False,,,
2026-10-01T20:31:01.426915+00:00,nfl,prop_passyds,KXNFLPASSYDS-26OCT04NEBUF-BUFJALLEN17-200,Josh Allen: 200+ passing yards,price moved +75c,0,75,75,0,1,1,False,,,
2026-10-01T20:31:01.426915+00:00,nfl,prop_passyds,KXNFLPASSYDS-26OCT04NEBUF-BUFJALLEN17-225,Josh Allen: 225+ passing yards,price moved +60c,0,60,60,0,1,1,False,,,
2026-10-01T20:31:01.426915+00:00,nfl,prop_passyds,KXNFLPASSYDS-26OCT04MIAMIN-MINKMURRAY1-225,Kyler Murray: 225+ passing yards,volume spike x20.0,40,41,1,1,20,19,False,,,
2026-10-01T20:31:01.426915+00:00,nfl,prop_passtds,KXNFLPASSTDS-26OCT04NYJCHI-CHITBAGENT17-1,Tyson Bagent: 1+ passing touchdowns,volume spike x26.0,75,75,0,1,26,25,False,,,
2026-10-01T20:31:01.426915+00:00,nfl,prop_passint,KXNFLPASSINT-26OCT01PITCLE-PITARODGERS8-3,Aaron Rodgers: 3+ passing interceptions,volume spike x5.4,5,6,1,55,298,243,False,,,
2026-10-01T20:31:01.426915+00:00,nfl,prop_passint,KXNFLPASSINT-26OCT04NYJCHI-CHITBAGENT17-1,Tyson Bagent: 1+ passing interceptions,volume spike x44.6,50,44,-6,19,848,829,False,,,
2026-10-01T20:31:01.426915+00:00,nfl,prop_passcomp,KXNFLPASSCOMP-26OCT04ARINYG-ARIJBRISSETT7-29,Jacoby Brissett: 29+ passing completions,price moved +23c,0,23,23,0,1,1,False,,,
2026-10-01T20:31:01.426915+00:00,nfl,prop_passatt,KXNFLPASSATT-26OCT04INDWAS-INDDJONES17-27,Daniel Jones: 27+ passing attempts,price moved +73c,0,73,73,0,23,23,False,,,
2026-10-01T20:31:01.426915+00:00,nfl,prop_passatt,KXNFLPASSATT-26OCT04JACCIN-CINJBURROW9-36,Joe Burrow: 36+ passing attempts,price moved +53c,0,53,53,0,987,987,False,,,
2026-10-01T20:31:01.426915+00:00,nfl,prop_rshyds,KXNFLRSHYDS-26OCT01PITCLE-CLEQJUDKINS10-100,Quinshon Judkins: 100+ rushing yards,volume spike x3.9,12,12,0,163,634,471,False,,,
2026-10-01T20:31:01.426915+00:00,nfl,prop_rshyds,KXNFLRSHYDS-26OCT01PITCLE-CLERSANDERS23-20,Raheim Sanders: 20+ rushing yards,volume spike x3.3,12,12,0,48,157,109,False,,,
2026-10-01T20:31:01.426915+00:00,nfl,prop_rshyds,KXNFLRSHYDS-26OCT01PITCLE-PITTHOMER21-15,Travis Homer: 15+ rushing yards,price moved +23c,0,23,23,0,133,133,False,,,
2026-10-01T20:31:01.426915+00:00,nfl,prop_rshyds,KXNFLRSHYDS-26OCT04INDWAS-WASJCROSKEYMERRITT22-60,Jacory Croskey-Merritt: 60+ rushing yards,price moved +7c,47,54,7,4,910,906,False,,,
2026-10-01T20:31:01.426915+00:00,nfl,prop_rshyds,KXNFLRSHYDS-26OCT04INDWAS-WASJCROSKEYMERRITT22-60,Jacory Croskey-Merritt: 60+ rushing yards,volume spike x227.5,47,54,7,4,910,906,False,,,
2026-10-01T20:31:01.426915+00:00,nfl,prop_rshyds,KXNFLRSHYDS-26OCT04DALHOU-HOUWMARKS4-60,Woody Marks: 60+ rushing yards,volume spike x4.0,21,19,-2,6,24,18,False,,,
2026-10-01T20:31:01.426915+00:00,nfl,prop_rshyds,KXNFLRSHYDS-26OCT04DALHOU-HOUWMARKS4-70,Woody Marks: 70+ rushing yards,volume spike x7.7,14,12,-2,6,46,40,False,,,
2026-10-01T20:31:01.426915+00:00,nfl,prop_rshyds,KXNFLRSHYDS-26OCT04GBTB-TBBIRVING7-90,Bucky Irving: 90+ rushing yards,price moved +19c,0,19,19,0,3,3,False,,,
2026-10-01T20:31:01.426915+00:00,nfl,prop_rshyds,KXNFLRSHYDS-26OCT04LARPHI-LARKWILLIAMS23-50,Kyren Williams: 50+ rushing yards,volume spike x14.3,61,61,0,9,129,120,False,,,
2026-10-01T20:31:01.426915+00:00,nfl,prop_rshyds,KXNFLRSHYDS-26OCT04NYJCHI-CHIKMONANGAI25-40,Kyle Monangai: 40+ rushing yards,volume spike x209.7,49,53,4,39,8178,8139,False,,,
2026-10-01T20:31:01.426915+00:00,nfl,prop_rshyds,KXNFLRSHYDS-26OCT04NYJCHI-CHIKMONANGAI25-50,Kyle Monangai: 50+ rushing yards,volume spike x433.4,36,38,2,13,5634,5621,False,,,
2026-10-01T20:31:01.426915+00:00,nfl,prop_rshyds,KXNFLRSHYDS-26OCT04NYJCHI-CHIKMONANGAI25-60,Kyle Monangai: 60+ rushing yards,price moved +30c,0,30,30,0,2516,2516,False,,,
2026-10-01T20:31:01.426915+00:00,nfl,prop_rshyds,KXNFLRSHYDS-26OCT04NYJCHI-CHIKMONANGAI25-70,Kyle Monangai: 70+ rushing yards,price moved +87c,0,87,87,0,1609,1609,False,,,
2026-10-01T20:31:01.426915+00:00,nfl,prop_rshyds,KXNFLRSHYDS-26OCT04NYJCHI-CHIKMONANGAI25-80,Kyle Monangai: 80+ rushing yards,price moved +20c,0,20,20,0,1051,1051,False,,,
2026-10-01T20:31:01.426915+00:00,nfl,prop_rshyds,KXNFLRSHYDS-26OCT04NYJCHI-CHIKMONANGAI25-90,Kyle Monangai: 90+ rushing yards,price moved +10c,0,10,10,0,1075,1075,False,,,
2026-10-01T20:31:01.426915+00:00,nfl,prop_rshyds,KXNFLRSHYDS-26OCT04TENBAL-BALDHENRY22-80,Derrick Henry: 80+ rushing yards,price moved +68c,0,68,68,0,1,1,False,,,
2026-10-01T20:31:01.426915+00:00,nfl,prop_rshyds,KXNFLRSHYDS-26OCT04TENBAL-BALLJACKSON8-60,Lamar Jackson: 60+ rushing yards,price moved +9c,0,9,9,0,3,3,False,,,
2026-10-01T20:31:01.426915+00:00,nfl,prop_rshyds,KXNFLRSHYDS-26OCT04MIAMIN-MIAMWASHINGTON6-10,Malik Washington: 10+ rushing yards,price moved +17c,0,17,17,0,39,39,False,,,
2026-10-01T20:31:01.426915+00:00,nfl,prop_rshyds,KXNFLRSHYDS-26OCT04KCLV-KCPMAHOMES15-30,Patrick Mahomes: 30+ rushing yards,price moved +23c,0,23,23,0,10,10,False,,,
2026-10-01T20:31:01.426915+00:00,nfl,prop_rshyds,KXNFLRSHYDS-26OCT04KCLV-LVMWASHINGTON4-30,Mike Washington Jr.: 30+ rushing yards,price moved +25c,0,25,25,0,38,38,False,,,
2026-10-01T20:31:01.426915+00:00,nfl,prop_rshyds,KXNFLRSHYDS-26OCT05ATLNO-NOAKAMARA41-70,Alvin Kamara: 70+ rushing yards,price moved +16c,0,16,16,0,460,460,False,,,
2026-10-01T20:31:01.426915+00:00,nfl,prop_rshatt,KXNFLRSHATT-26OCT01PITCLE-CLEQJUDKINS10-20,Quinshon Judkins: 20+ rushing attempts,volume spike x15.0,26,27,1,25,375,350,False,,,
2026-10-01T20:31:01.426915+00:00,nfl,prop_rshatt,KXNFLRSHATT-26OCT04NYJCHI-CHIKMONANGAI25-10,Kyle Monangai: 10+ rushing attempts,price moved +63c,0,63,63,0,2057,2057,False,,,
2026-10-01T20:31:01.426915+00:00,nfl,prop_rshatt,KXNFLRSHATT-26OCT04NYJCHI-CHIDSWIFT4-14,D'Andre Swift: 14+ rushing attempts,price moved +66c,0,66,66,0,2,2,False,,,
2026-10-01T20:31:01.426915+00:00,nfl,prop_rshatt,KXNFLRSHATT-26OCT04NYJCHI-CHIDSWIFT4-17,D'Andre Swift: 17+ rushing attempts,volume spike x3.8,42,40,-2,130,493,363,False,,,
2026-10-01T20:31:01.426915+00:00,nfl,prop_rshatt,KXNFLRSHATT-26OCT04NYJCHI-NYJBALLEN0-15,Braelon Allen: 15+ rushing attempts,price moved +40c,0,40,40,0,32,32,False,,,
2026-10-01T20:31:01.426915+00:00,nfl,prop_recyds,KXNFLRECYDS-26OCT01PITCLE-CLEDBOSTON12-15,Denzel Boston: 15+ receiving yards,volume spike x7.8,79,80,1,357,2795,2438,False,,,
2026-10-01T20:31:01.426915+00:00,nfl,prop_recyds,KXNFLRECYDS-26OCT01PITCLE-CLEDBOSTON12-110,Denzel Boston: 110+ receiving yards,volume spike x4.1,5,6,1,480,1958,1478,False,,,
2026-10-01T20:31:01.426915+00:00,nfl,prop_recyds,KXNFLRECYDS-26OCT01PITCLE-CLEHFANNIN44-80,Harold Fannin Jr.: 80+ receiving yards,volume spike x3.6,12,12,0,92,328,236,False,,,
2026-10-01T20:31:01.426915+00:00,nfl,prop_recyds,KXNFLRECYDS-26OCT01PITCLE-PITPFREIERMUTH88-50,Pat Freiermuth: 50+ receiving yards,volume spike x3.7,20,20,0,919,3419,2500,False,,,
2026-10-01T20:31:01.426915+00:00,nfl,prop_recyds,KXNFLRECYDS-26OCT01PITCLE-CLEBWHITEHEART86-40,Blake Whiteheart: 40+ receiving yards,volume spike x118.0,5,4,-1,1,118,117,False,,,
2026-10-01T20:31:01.426915+00:00,nfl,prop_recyds,KXNFLRECYDS-26OCT04INDWAS-INDLTREADWELL13-40,Laquon Treadwell: 40+ receiving yards,price moved +16c,0,16,16,0,30,30,False,,,
2026-10-01T20:31:01.426915+00:00,nfl,prop_recyds,KXNFLRECYDS-26OCT04ARINYG-ARITMCBRIDE85-70,Trey McBride: 70+ receiving yards,volume spike x3.3,50,47,-3,9,30,21,False,,,
2026-10-01T20:31:01.426915+00:00,nfl,prop_recyds,KXNFLRECYDS-26OCT04ARINYG-NYGMFIELDS88-15,Malachi Fields: 15+ receiving yards,price moved +56c,0,56,56,0,117,117,False,,,
2026-10-01T20:31:01.426915+00:00,nfl,prop_recyds,KXNFLRECYDS-26OCT04DALHOU-DALRFLOURNOY19-60,Ryan Flournoy: 60+ receiving yards,volume spike x5.8,19,20,1,4,23,19,False,,,
2026-10-01T20:31:01.426915+00:00,nfl,prop_recyds,KXNFLRECYDS-26OCT04DALHOU-HOUXHUTCHINSON19-15,Xavier Hutchinson: 15+ receiving yards,price moved +68c,0,68,68,0,105,105,False,,,
2026-10-01T20:31:01.426915+00:00,nfl,prop_recyds,KXNFLRECYDS-26OCT04JACCIN-CINJCHASE1-110,Ja'Marr Chase: 110+ receiving yards,volume spike x28.4,26,27,1,29,823,794,False,,,
2026-10-01T20:31:01.426915+00:00,nfl,prop_recyds,KXNFLRECYDS-26OCT04JACCIN-CINDMEYERS81-40,Dohnte Meyers: 40+ receiving yards,price moved +23c,0,23,23,0,801,801,False,,,
2026-10-01T20:31:01.426915+00:00,nfl,prop_recyds,KXNFLRECYDS-26OCT04LARPHI-PHIDSMITH6-40,DeVonta Smith: 40+ receiving yards,price moved +75c,0,75,75,0,1,1,False,,,
2026-10-01T20:31:01.426915+00:00,nfl,prop_recyds,KXNFLRECYDS-26OCT04LARPHI-PHIDWICKS13-40,Dontayvion Wicks: 40+ receiving yards,volume spike x44.8,51,56,5,20,896,876,False,,,
2026-10-01T20:31:01.426915+00:00,nfl,prop_recyds,KXNFLRECYDS-26OCT04LARPHI-PHIDWICKS13-70,Dontayvion Wicks: 70+ receiving yards,volume spike x6.2,22,22,0,4,25,21,False,,,
2026-10-01T20:31:01.426915+00:00,nfl,prop_recyds,KXNFLRECYDS-26OCT04NEBUF-BUFKSHAKIR10-60,Khalil Shakir: 60+ receiving yards,price moved +24c,0,24,24,0,5,5,False,,,
2026-10-01T20:31:01.426915+00:00,nfl,prop_recyds,KXNFLRECYDS-26OCT04NEBUF-NEDDOUGLAS3-40,DeMario Douglas: 40+ receiving yards,price moved +31c,0,31,31,0,1,1,False,,,
2026-10-01T20:31:01.426915+00:00,nfl,prop_recyds,KXNFLRECYDS-26OCT04NYJCHI-CHICKMET85-25,Cole Kmet: 25+ receiving yards,price moved +20c,0,20,20,0,35,35,False,,,
2026-10-01T20:31:01.426915+00:00,nfl,prop_recyds,KXNFLRECYDS-26OCT04NYJCHI-NYJIDAVIS32-25,Isaiah Davis: 25+ receiving yards,price moved +20c,0,20,20,0,28,28,False,,,
2026-10-01T20:31:01.426915+00:00,nfl,prop_recyds,KXNFLRECYDS-26OCT04TENBAL-BALRBATEMAN7-80,Rashod Bateman: 80+ receiving yards,price moved +7c,0,7,7,0,4,4,False,,,
2026-10-01T20:31:01.426915+00:00,nfl,prop_recyds,KXNFLRECYDS-26OCT04KCLV-LVAJEANTY2-50,Ashton Jeanty: 50+ receiving yards,price moved +9c,0,9,9,0,10,10,False,,,
2026-10-01T20:31:01.426915+00:00,nfl,prop_recyds,KXNFLRECYDS-26OCT04LACSEA-LACOGADSDEN86-40,Oronde Gadsden: 40+ receiving yards,volume spike x64.4,27,30,3,5,322,317,False,,,
2026-10-01T20:31:01.426915+00:00,nfl,prop_recyds,KXNFLRECYDS-26OCT04LACSEA-LACTHARRIS9-25,Tre' Harris: 25+ receiving yards,price moved +66c,0,66,66,0,74,74,False,,,
2026-10-01T20:31:01.426915+00:00,nfl,prop_recyds,KXNFLRECYDS-26OCT04LACSEA-LACTHARRIS9-40,Tre' Harris: 40+ receiving yards,price moved +45c,0,45,45,0,418,418,False,,,
2026-10-01T20:31:01.426915+00:00,nfl,prop_recyds,KXNFLRECYDS-26OCT04LACSEA-LACTHARRIS9-50,Tre' Harris: 50+ receiving yards,price moved +32c,0,32,32,0,172,172,False,,,
2026-10-01T20:31:01.426915+00:00,nfl,prop_recyds,KXNFLRECYDS-26OCT04LACSEA-LACTHARRIS9-60,Tre' Harris: 60+ receiving yards,price moved +22c,0,22,22,0,23,23,False,,,
2026-10-01T20:31:01.426915+00:00,nfl,prop_recyds,KXNFLRECYDS-26OCT04LACSEA-LACTHARRIS9-70,Tre' Harris: 70+ receiving yards,volume spike x4.3,13,15,2,9,39,30,False,,,
2026-10-01T20:31:01.426915+00:00,nfl,prop_recyds,KXNFLRECYDS-26OCT05ATLNO-NOAKAMARA41-40,Alvin Kamara: 40+ receiving yards,price moved +15c,0,15,15,0,163,163,False,,,
2026-10-01T20:31:01.426915+00:00,nfl,prop_recyds,KXNFLRECYDS-26OCT05ATLNO-NODVELE14-70,Devaughn Vele: 70+ receiving yards,price moved +25c,0,25,25,0,23,23,False,,,
2026-10-01T20:31:01.426915+00:00,nfl,prop_rec,KXNFLREC-26OCT01PITCLE-PITDMETCALF4-2,DK Metcalf: 2+ receptions,volume spike x8.9,88,86,-2,205,1815,1610,False,,,
2026-10-01T20:31:01.426915+00:00,nfl,prop_rec,KXNFLREC-26OCT01PITCLE-PITMPITTMAN11-5,Michael Pittman Jr.: 5+ receptions,volume spike x4.8,27,26,-1,1073,5158,4085,False,,,
2026-10-01T20:31:01.426915+00:00,nfl,prop_rec,KXNFLREC-26OCT01PITCLE-CLEBWHITEHEART86-1,Blake Whiteheart: 1+ receptions,volume spike x444.0,51,49,-2,1,444,443,False,,,
2026-10-01T20:31:01.426915+00:00,nfl,prop_rec,KXNFLREC-26OCT01PITCLE-CLEBWHITEHEART86-2,Blake Whiteheart: 2+ receptions,volume spike x4.6,19,17,-2,7,32,25,False,,,
2026-10-01T20:31:01.426915+00:00,nfl,prop_rec,KXNFLREC-26OCT04ARINYG-NYGMNABERS1-5,Malik Nabers: 5+ receptions,volume spike x5.1,54,53,-1,10,51,41,False,,,
2026-10-01T20:31:01.426915+00:00,nfl,prop_rec,KXNFLREC-26OCT04GBTB-GBSMOORE23-3,Skyy Moore: 3+ receptions,price moved +35c,0,35,35,0,50,50,False,,,
2026-10-01T20:31:01.426915+00:00,nfl,prop_rec,KXNFLREC-26OCT04GBTB-GBSMOORE23-4,Skyy Moore: 4+ receptions,price moved +19c,0,19,19,0,90,90,False,,,
2026-10-01T20:31:01.426915+00:00,nfl,prop_rec,KXNFLREC-26OCT04LARPHI-PHIMLEMON9-5,Makai Lemon: 5+ receptions,price moved +15c,0,15,15,0,79,79,False,,,
2026-10-01T20:31:01.426915+00:00,nfl,prop_rec,KXNFLREC-26OCT04NYJCHI-CHIKMONANGAI25-2,Kyle Monangai: 2+ receptions,price moved +44c,0,44,44,0,553,553,False,,,
2026-10-01T20:31:01.426915+00:00,nfl,prop_rec,KXNFLREC-26OCT04NYJCHI-CHIKMONANGAI25-3,Kyle Monangai: 3+ receptions,price moved +16c,0,16,16,0,375,375,False,,,
2026-10-01T20:31:01.426915+00:00,nfl,prop_rec,KXNFLREC-26OCT04NYJCHI-CHIKMONANGAI25-4,Kyle Monangai: 4+ receptions,price moved +13c,0,13,13,0,497,497,False,,,
2026-10-01T20:31:01.426915+00:00,nfl,prop_rec,KXNFLREC-26OCT04NYJCHI-NYJGWILSON5-7,Garrett Wilson: 7+ receptions,price moved +48c,0,48,48,0,40,40,False,,,
2026-10-01T20:31:01.426915+00:00,nfl,prop_rec,KXNFLREC-26OCT04NYJCHI-NYJGWILSON5-8,Garrett Wilson: 8+ receptions,price moved +35c,0,35,35,0,31,31,False,,,
2026-10-01T20:31:01.426915+00:00,nfl,prop_rec,KXNFLREC-26OCT04NYJCHI-NYJGWILSON5-9,Garrett Wilson: 9+ receptions,price moved +24c,0,24,24,0,27,27,False,,,
2026-10-01T20:31:01.426915+00:00,nfl,prop_rec,KXNFLREC-26OCT04NYJCHI-NYJGWILSON5-10,Garrett Wilson: 10+ receptions,price moved +16c,0,16,16,0,23,23,False,,,
2026-10-01T20:31:01.426915+00:00,nfl,prop_rec,KXNFLREC-26OCT04NYJCHI-NYJGWILSON5-11,Garrett Wilson: 11+ receptions,price moved +11c,0,11,11,0,21,21,False,,,
2026-10-01T20:31:01.426915+00:00,nfl,prop_rec,KXNFLREC-26OCT04NYJCHI-NYJGWILSON5-12,Garrett Wilson: 12+ receptions,price moved +8c,0,8,8,0,23,23,False,,,
2026-10-01T20:31:01.426915+00:00,nfl,prop_longrec,KXNFLLONGREC-26OCT01PITCLE-PITMPITTMAN11-17,Michael Pittman Jr.: longest reception over 16.5 yards,volume spike x17.8,47,49,2,121,2155,2034,False,,,
2026-10-01T20:31:01.426915+00:00,nfl,prop_rryds,KXNFLRRYDS-26OCT04NYJCHI-CHIDSWIFT4-80,D'Andre Swift: 80+ rushing and receiving yards combined,price moved +59c,0,59,59,0,1,1,False,,,
2026-10-01T20:31:01.426915+00:00,nfl,prop_td,KXNFLTD-26OCT01PITCLE-CLEBWHITEHEART86-1,Blake Whiteheart: 1+ touchdowns,volume spike x3.2,7,7,0,8803,27921,19118,False,,,
2026-10-01T20:31:01.426915+00:00,nfl,prop_td,KXNFLTD-26OCT04INDWAS-WASDBROWN6-1,Dyami Brown: 1+ touchdowns,volume spike x228.0,6,11,5,1,228,227,False,,,
2026-10-01T20:31:01.426915+00:00,nfl,prop_td,KXNFLTD-26OCT04INDWAS-INDJTAYLOR28-3,Jonathan Taylor: 3+ touchdowns,price moved +11c,0,11,11,0,261,261,False,,,
2026-10-01T20:31:01.426915+00:00,nfl,prop_td,KXNFLTD-26OCT04NEBUF-NEMHOLLINS13-1,Mack Hollins: 1+ touchdowns,volume spike x20.8,25,24,-1,5,104,99,False,,,
2026-10-01T20:31:01.426915+00:00,nfl,prop_td,KXNFLTD-26OCT04NYJCHI-CHIKMONANGAI25-1,Kyle Monangai: 1+ touchdowns,price moved +33c,0,33,33,0,78873,78873,False,,,
2026-10-01T20:31:01.426915+00:00,nfl,prop_td,KXNFLTD-26OCT04NYJCHI-CHIDSWIFT4-1,D'Andre Swift: 1+ touchdowns,volume spike x36.3,53,50,-3,45,1635,1590,False,,,
2026-10-01T20:31:01.426915+00:00,nfl,prop_td,KXNFLTD-26OCT04NYJCHI-NYJBALLEN0-1,Braelon Allen: 1+ touchdowns,volume spike x6.5,43,43,0,11,71,60,False,,,
2026-10-01T20:31:01.426915+00:00,nfl,prop_td,KXNFLTD-26OCT04TENBAL-TENCDIKE17-1,Chimere Dike: 1+ touchdowns,volume spike x4.6,6,7,1,74,343,269,False,,,
2026-10-01T20:31:01.426915+00:00,nfl,prop_td,KXNFLTD-26OCT04DENSF-SFCMCCAFFREY23-2,Christian McCaffrey: 2+ touchdowns,volume spike x6.7,22,23,1,43,288,245,False,,,
2026-10-01T20:31:01.426915+00:00,nfl,prop_td,KXNFLTD-26OCT04DENSF-DENNADKINS45-1,Nate Adkins: 1+ touchdowns,volume spike x3.7,9,6,-3,261,968,707,False,,,
2026-10-01T20:31:01.426915+00:00,nfl,prop_td,KXNFLTD-26OCT04LACSEA-LACQJOHNSTON1-1,Quentin Johnston: 1+ touchdowns,volume spike x11.7,19,21,2,97,1135,1038,False,,,
2026-10-01T20:31:01.426915+00:00,nfl,prop_firsttd,KXNFLFIRSTTD-26OCT04NYJCHI-CHIKMONANGAI25,Kyle Monangai: 1st Touchdown,price moved +10c,0,10,10,0,9413,9413,False,,,
2026-10-01T20:31:01.426915+00:00,nfl,prop_firsttd,KXNFLFIRSTTD-26OCT04MIAMIN-MINAJONES33,Aaron Jones Sr.: 1st Touchdown,volume spike x9.7,23,22,-1,3,29,26,False,,,
2026-10-01T20:31:01.426915+00:00,nfl,prop_ffpts,KXNFLFFPTS-26OCT04INDWAS-WASMMARIOTA8-16P7,Marcus Mariota: Over 16.7 fantasy points,price moved -16c,60,44,-16,3,37,34,False,,,
2026-10-01T20:31:01.426915+00:00,nfl,prop_ffpts,KXNFLFFPTS-26OCT04INDWAS-WASMMARIOTA8-16P7,Marcus Mariota: Over 16.7 fantasy points,volume spike x12.3,60,44,-16,3,37,34,False,,,
2026-10-01T20:31:01.426915+00:00,nfl,prop_ffpts,KXNFLFFPTS-26OCT04NYJCHI-CHICKEENUM11-14P5,Case Keenum: Over 14.5 fantasy points,price moved -50c,53,3,-50,20,212,192,False,,,
2026-10-01T20:31:01.426915+00:00,nfl,prop_ffpts,KXNFLFFPTS-26OCT04NYJCHI-CHICKEENUM11-14P5,Case Keenum: Over 14.5 fantasy points,volume spike x10.6,53,3,-50,20,212,192,False,,,
2026-10-02T00:36:23.711207+00:00,nfl,prop_passyds,KXNFLPASSYDS-26OCT01PITCLE-CLEDWATSON4-125,Deshaun Watson: 125+ passing yards,volume spike x3.7,84,83,-1,1623,6071,4448,True,"Live: CLE 0, PIT 0 -- 5:48 - 1st",live_score_auto,2026-10-02T00:36:23.711207+00:00
2026-10-02T00:36:23.711207+00:00,nfl,prop_passyds,KXNFLPASSYDS-26OCT01PITCLE-CLEDWATSON4-150,Deshaun Watson: 150+ passing yards,price moved -7c,73,66,-7,12386,17475,5089,True,"Live: CLE 0, PIT 0 -- 5:48 - 1st",live_score_auto,2026-10-02T00:36:23.711207+00:00
2026-10-02T00:36:23.711207+00:00,nfl,prop_passyds,KXNFLPASSYDS-26OCT01PITCLE-CLEDWATSON4-175,Deshaun Watson: 175+ passing yards,price moved -16c,59,43,-16,7331,44361,37030,True,"Live: CLE 0, PIT 0 -- 5:48 - 1st",live_score_auto,2026-10-02T00:36:23.711207+00:00
2026-10-02T00:36:23.711207+00:00,nfl,prop_passyds,KXNFLPASSYDS-26OCT01PITCLE-CLEDWATSON4-175,Deshaun Watson: 175+ passing yards,volume spike x6.1,59,43,-16,7331,44361,37030,True,"Live: CLE 0, PIT 0 -- 5:48 - 1st",live_score_auto,2026-10-02T00:36:23.711207+00:00
2026-10-02T00:36:23.711207+00:00,nfl,prop_passyds,KXNFLPASSYDS-26OCT01PITCLE-CLEDWATSON4-200,Deshaun Watson: 200+ passing yards,price moved -10c,42,32,-10,9046,33899,24853,True,"Live: CLE 0, PIT 0 -- 5:48 - 1st",live_score_auto,2026-10-02T00:36:23.711207+00:00
2026-10-02T00:36:23.711207+00:00,nfl,prop_passyds,KXNFLPASSYDS-26OCT01PITCLE-CLEDWATSON4-200,Deshaun Watson: 200+ passing yards,volume spike x3.7,42,32,-10,9046,33899,24853,True,"Live: CLE 0, PIT 0 -- 5:48 - 1st",live_score_auto,2026-10-02T00:36:23.711207+00:00
2026-10-02T00:36:23.711207+00:00,nfl,prop_passyds,KXNFLPASSYDS-26OCT01PITCLE-CLEDWATSON4-225,Deshaun Watson: 225+ passing yards,price moved -8c,28,20,-8,7235,26168,18933,True,"Live: CLE 0, PIT 0 -- 5:48 - 1st",live_score_auto,2026-10-02T00:36:23.711207+00:00
2026-10-02T00:36:23.711207+00:00,nfl,prop_passyds,KXNFLPASSYDS-26OCT01PITCLE-CLEDWATSON4-225,Deshaun Watson: 225+ passing yards,volume spike x3.6,28,20,-8,7235,26168,18933,True,"Live: CLE 0, PIT 0 -- 5:48 - 1st",live_score_auto,2026-10-02T00:36:23.711207+00:00
2026-10-02T00:36:23.711207+00:00,nfl,prop_passyds,KXNFLPASSYDS-26OCT01PITCLE-CLEDWATSON4-250,Deshaun Watson: 250+ passing yards,price moved -7c,17,10,-7,4241,10645,6404,True,"Live: CLE 0, PIT 0 -- 5:48 - 1st",live_score_auto,2026-10-02T00:36:23.711207+00:00
2026-10-02T00:36:23.711207+00:00,nfl,prop_passyds,KXNFLPASSYDS-26OCT01PITCLE-CLEDWATSON4-275,Deshaun Watson: 275+ passing yards,price moved -8c,10,2,-8,2946,10391,7445,True,"Live: CLE 0, PIT 0 -- 5:48 - 1st",live_score_auto,2026-10-02T00:36:23.711207+00:00
2026-10-02T00:36:23.711207+00:00,nfl,prop_passyds,KXNFLPASSYDS-26OCT01PITCLE-CLEDWATSON4-275,Deshaun Watson: 275+ passing yards,volume spike x3.5,10,2,-8,2946,10391,7445,True,"Live: CLE 0, PIT 0 -- 5:48 - 1st",live_score_auto,2026-10-02T00:36:23.711207+00:00
2026-10-02T00:36:23.711207+00:00,nfl,prop_passyds,KXNFLPASSYDS-26OCT01PITCLE-PITARODGERS8-150,Aaron Rodgers: 150+ passing yards,price moved +11c,85,96,11,4991,22683,17692,True,"Live: CLE 0, PIT 0 -- 5:48 - 1st",live_score_auto,2026-10-02T00:36:23.711207+00:00
2026-10-02T00:36:23.711207+00:00,nfl,prop_passyds,KXNFLPASSYDS-26OCT01PITCLE-PITARODGERS8-150,Aaron Rodgers: 150+ passing yards,volume spike x4.5,85,96,11,4991,22683,17692,True,"Live: CLE 0, PIT 0 -- 5:48 - 1st",live_score_auto,2026-10-02T00:36:23.711207+00:00
2026-10-02T00:36:23.711207+00:00,nfl,prop_passyds,KXNFLPASSYDS-26OCT01PITCLE-PITARODGERS8-175,Aaron Rodgers: 175+ passing yards,price moved +15c,73,88,15,7029,17748,10719,True,"Live: CLE 0, PIT 0 -- 5:48 - 1st",live_score_auto,2026-10-02T00:36:23.711207+00:00
2026-10-02T00:36:23.711207+00:00,nfl,prop_passyds,KXNFLPASSYDS-26OCT01PITCLE-PITARODGERS8-200,Aaron Rodgers: 200+ passing yards,price moved +13c,61,74,13,26037,61665,35628,True,"Live: CLE 0, PIT 0 -- 5:48 - 1st",live_score_auto,2026-10-02T00:36:23.711207+00:00
2026-10-02T00:36:23.711207+00:00,nfl,prop_passyds,KXNFLPASSYDS-26OCT01PITCLE-PITARODGERS8-225,Aaron Rodgers: 225+ passing yards,price moved +11c,44,55,11,30789,102982,72193,True,"Live: CLE 0, PIT 0 -- 5:48 - 1st",live_score_auto,2026-10-02T00:36:23.711207+00:00
2026-10-02T00:36:23.711207+00:00,nfl,prop_passyds,KXNFLPASSYDS-26OCT01PITCLE-PITARODGERS8-225,Aaron Rodgers: 225+ passing yards,volume spike x3.3,44,55,11,30789,102982,72193,True,"Live: CLE 0, PIT 0 -- 5:48 - 1st",live_score_auto,2026-10-02T00:36:23.711207+00:00
2026-10-02T00:36:23.711207+00:00,nfl,prop_passyds,KXNFLPASSYDS-26OCT01PITCLE-PITARODGERS8-250,Aaron Rodgers: 250+ passing yards,price moved +10c,30,40,10,2851,24684,21833,True,"Live: CLE 0, PIT 0 -- 5:48 - 1st",live_score_auto,2026-10-02T00:36:23.711207+00:00
2026-10-02T00:36:23.711207+00:00,nfl,prop_passyds,KXNFLPASSYDS-26OCT01PITCLE-PITARODGERS8-250,Aaron Rodgers: 250+ passing yards,volume spike x8.7,30,40,10,2851,24684,21833,True,"Live: CLE 0, PIT 0 -- 5:48 - 1st",live_score_auto,2026-10-02T00:36:23.711207+00:00
2026-10-02T00:36:23.711207+00:00,nfl,prop_passyds,KXNFLPASSYDS-26OCT01PITCLE-PITARODGERS8-275,Aaron Rodgers: 275+ passing yards,price moved +7c,19,26,7,2171,20231,18060,True,"Live: CLE 0, PIT 0 -- 5:48 - 1st",live_score_auto,2026-10-02T00:36:23.711207+00:00
2026-10-02T00:36:23.711207+00:00,nfl,prop_passyds,KXNFLPASSYDS-26OCT01PITCLE-PITARODGERS8-275,Aaron Rodgers: 275+ passing yards,volume spike x9.3,19,26,7,2171,20231,18060,True,"Live: CLE 0, PIT 0 -- 5:48 - 1st",live_score_auto,2026-10-02T00:36:23.711207+00:00
2026-10-02T00:36:23.711207+00:00,nfl,prop_passyds,KXNFLPASSYDS-26OCT01PITCLE-PITARODGERS8-300,Aaron Rodgers: 300+ passing yards,volume spike x4.6,13,8,-5,7497,34347,26850,True,"Live: CLE 0, PIT 0 -- 5:48 - 1st",live_score_auto,2026-10-02T00:36:23.711207+00:00
2026-10-02T00:36:23.711207+00:00,nfl,prop_passyds,KXNFLPASSYDS-26OCT01PITCLE-PITARODGERS8-325,Aaron Rodgers: 325+ passing yards,volume spike x10.2,7,9,2,525,5357,4832,True,"Live: CLE 0, PIT 0 -- 5:48 - 1st",live_score_auto,2026-10-02T00:36:23.711207+00:00
2026-10-02T00:36:23.711207+00:00,nfl,prop_passyds,KXNFLPASSYDS-26OCT04DALHOU-HOUCSTROUD7-300,C.J. Stroud: 300+ passing yards,price moved +23c,0,23,23,0,8,8,False,,,
2026-10-02T00:36:23.711207+00:00,nfl,prop_passyds,KXNFLPASSYDS-26OCT04GBTB-TBJDANIELS10-125,Jalon Daniels: 125+ passing yards,price moved -10c,75,65,-10,30,60,30,False,,,
2026-10-02T00:36:23.711207+00:00,nfl,prop_passyds,KXNFLPASSYDS-26OCT04GBTB-GBJLOVE10-200,Jordan Love: 200+ passing yards,price moved +73c,0,73,73,0,506,506,False,,,
2026-10-02T00:36:23.711207+00:00,nfl,prop_passyds,KXNFLPASSYDS-26OCT04GBTB-GBJLOVE10-225,Jordan Love: 225+ passing yards,price moved +63c,0,63,63,0,23,23,False,,,
2026-10-02T00:36:23.711207+00:00,nfl,prop_passyds,KXNFLPASSYDS-26OCT04GBTB-GBJLOVE10-250,Jordan Love: 250+ passing yards,volume spike x1889.0,47,45,-2,1,1889,1888,False,,,
2026-10-02T00:36:23.711207+00:00,nfl,prop_passyds,KXNFLPASSYDS-26OCT04GBTB-GBJLOVE10-300,Jordan Love: 300+ passing yards,price moved +21c,0,21,21,0,71,71,False,,,
2026-10-02T00:36:23.711207+00:00,nfl,prop_passyds,KXNFLPASSYDS-26OCT04LARPHI-PHIJHURTS1-175,Jalen Hurts: 175+ passing yards,price moved +63c,0,63,63,0,6,6,False,,,
2026-10-02T00:36:23.711207+00:00,nfl,prop_passyds,KXNFLPASSYDS-26OCT04LARPHI-PHIJHURTS1-200,Jalen Hurts: 200+ passing yards,price moved -15c,54,39,-15,1497,22167,20670,False,,,
2026-10-02T00:36:23.711207+00:00,nfl,prop_passyds,KXNFLPASSYDS-26OCT04LARPHI-PHIJHURTS1-200,Jalen Hurts: 200+ passing yards,volume spike x14.8,54,39,-15,1497,22167,20670,False,,,
2026-10-02T00:36:23.711207+00:00,nfl,prop_passyds,KXNFLPASSYDS-26OCT04LARPHI-PHIJHURTS1-225,Jalen Hurts: 225+ passing yards,price moved -7c,39,32,-7,225,255,30,False,,,
2026-10-02T00:36:23.711207+00:00,nfl,prop_passyds,KXNFLPASSYDS-26OCT04NEBUF-BUFJALLEN17-200,Josh Allen: 200+ passing yards,volume spike x103.0,75,75,0,1,103,102,False,,,
2026-10-02T00:36:23.711207+00:00,nfl,prop_passyds,KXNFLPASSYDS-26OCT04NEBUF-BUFJALLEN17-225,Josh Allen: 225+ passing yards,volume spike x17.0,60,60,0,1,17,16,False,,,
2026-10-02T00:36:23.711207+00:00,nfl,prop_passyds,KXNFLPASSYDS-26OCT04NYJCHI-CHITBAGENT17-200,Tyson Bagent: 200+ passing yards,volume spike x4.7,46,44,-2,450,2122,1672,False,,,
2026-10-02T00:36:23.711207+00:00,nfl,prop_passyds,KXNFLPASSYDS-26OCT04NYJCHI-CHITBAGENT17-275,Tyson Bagent: 275+ passing yards,price moved +10c,0,10,10,0,19,19,False,,,
2026-10-02T00:36:23.711207+00:00,nfl,prop_passyds,KXNFLPASSYDS-26OCT04NYJCHI-NYJGSMITH7-225,Geno Smith: 225+ passing yards,volume spike x4.7,50,54,4,120,558,438,False,,,
2026-10-02T00:36:23.711207+00:00,nfl,prop_passyds,KXNFLPASSYDS-26OCT04TENBAL-BALLJACKSON8-175,Lamar Jackson: 175+ passing yards,price moved +75c,0,75,75,0,25,25,False,,,
2026-10-02T00:36:23.711207+00:00,nfl,prop_passyds,KXNFLPASSYDS-26OCT04TENBAL-BALLJACKSON8-250,Lamar Jackson: 250+ passing yards,volume spike x6.3,36,34,-2,10,63,53,False,,,
2026-10-02T00:36:23.711207+00:00,nfl,prop_passyds,KXNFLPASSYDS-26OCT04TENBAL-TENCWARD1-175,Cam Ward: 175+ passing yards,price moved +59c,0,59,59,0,44,44,False,,,
2026-10-02T00:36:23.711207+00:00,nfl,prop_passyds,KXNFLPASSYDS-26OCT04MIAMIN-MINKMURRAY1-250,Kyler Murray: 250+ passing yards,price moved +24c,0,24,24,0,0,0,False,,,
2026-10-02T00:36:23.711207+00:00,nfl,prop_passyds,KXNFLPASSYDS-26OCT04KCLV-LVKCOUSINS8-300,Kirk Cousins: 300+ passing yards,volume spike x3.2,15,14,-1,31,98,67,False,,,
2026-10-02T00:36:23.711207+00:00,nfl,prop_passyds,KXNFLPASSYDS-26OCT04LACSEA-SEASDARNOLD14-150,Sam Darnold: 150+ passing yards,price moved +90c,0,90,90,0,2,2,False,,,
2026-10-02T00:36:23.711207+00:00,nfl,prop_passyds,KXNFLPASSYDS-26OCT04LACSEA-SEASDARNOLD14-175,Sam Darnold: 175+ passing yards,price moved +82c,0,82,82,0,1,1,False,,,
2026-10-02T00:36:23.711207+00:00,nfl,prop_passyds,KXNFLPASSYDS-26OCT04LACSEA-LACJHERBERT10-150,Justin Herbert: 150+ passing yards,price moved +81c,0,81,81,0,24,24,False,,,
2026-10-02T00:36:23.711207+00:00,nfl,prop_passyds,KXNFLPASSYDS-26OCT04LACSEA-LACJHERBERT10-200,Justin Herbert: 200+ passing yards,volume spike x8.1,51,48,-3,257,2093,1836,False,,,
2026-10-02T00:36:23.711207+00:00,nfl,prop_passyds,KXNFLPASSYDS-26OCT04DETCAR-CARBYOUNG9-300,Bryce Young: 300+ passing yards,volume spike x3.2,25,24,-1,210,675,465,False,,,
2026-10-02T00:36:23.711207+00:00,nfl,prop_passyds,KXNFLPASSYDS-26OCT04DETCAR-CARBYOUNG9-325,Bryce Young: 325+ passing yards,volume spike x104.1,15,17,2,12,1249,1237,False,,,
2026-10-02T00:36:23.711207+00:00,nfl,prop_passyds,KXNFLPASSYDS-26OCT04DETCAR-CARBYOUNG9-350,Bryce Young: 350+ passing yards,price moved +11c,0,11,11,0,1120,1120,False,,,
2026-10-02T00:36:23.711207+00:00,nfl,prop_passyds,KXNFLPASSYDS-26OCT05ATLNO-NOTSHOUGH6-200,Tyler Shough: 200+ passing yards,price moved +81c,0,81,81,0,0,0,False,,,
2026-10-02T00:36:23.711207+00:00,nfl,prop_passtds,KXNFLPASSTDS-26OCT01PITCLE-CLEDWATSON4-2,Deshaun Watson: 2+ passing touchdowns,volume spike x3.7,28,24,-4,13969,51854,37885,True,"Live: CLE 0, PIT 0 -- 5:48 - 1st",live_score_auto,2026-10-02T00:36:23.711207+00:00
2026-10-02T00:36:23.711207+00:00,nfl,prop_passtds,KXNFLPASSTDS-26OCT01PITCLE-CLEDWATSON4-3,Deshaun Watson: 3+ passing touchdowns,volume spike x9.9,8,6,-2,3535,35078,31543,True,"Live: CLE 0, PIT 0 -- 5:48 - 1st",live_score_auto,2026-10-02T00:36:23.711207+00:00
2026-10-02T00:36:23.711207+00:00,nfl,prop_passtds,KXNFLPASSTDS-26OCT01PITCLE-CLEDWATSON4-4,Deshaun Watson: 4+ passing touchdowns,volume spike x8.3,2,1,-1,893,7410,6517,True,"Live: CLE 0, PIT 0 -- 5:48 - 1st",live_score_auto,2026-10-02T00:36:23.711207+00:00
2026-10-02T00:36:23.711207+00:00,nfl,prop_passtds,KXNFLPASSTDS-26OCT01PITCLE-PITARODGERS8-1,Aaron Rodgers: 1+ passing touchdowns,volume spike x7.2,75,77,2,2562,18426,15864,True,"Live: CLE 0, PIT 0 -- 5:48 - 1st",live_score_auto,2026-10-02T00:36:23.711207+00:00
2026-10-02T00:36:23.711207+00:00,nfl,prop_passtds,KXNFLPASSTDS-26OCT01PITCLE-PITARODGERS8-3,Aaron Rodgers: 3+ passing touchdowns,volume spike x3.1,13,14,1,10943,33862,22919,True,"Live: CLE 0, PIT 0 -- 5:48 - 1st",live_score_auto,2026-10-02T00:36:23.711207+00:00
2026-10-02T00:36:23.711207+00:00,nfl,prop_passtds,KXNFLPASSTDS-26OCT04LARPHI-LARMSTAFFORD9-1,Matthew Stafford: 1+ passing touchdowns,volume spike x3.4,85,86,1,11,37,26,False,,,
2026-10-02T00:36:23.711207+00:00,nfl,prop_passtds,KXNFLPASSTDS-26OCT04NYJCHI-CHITBAGENT17-2,Tyson Bagent: 2+ passing touchdowns,price moved +37c,0,37,37,0,3803,3803,False,,,
2026-10-02T00:36:23.711207+00:00,nfl,prop_passtds,KXNFLPASSTDS-26OCT04MIAMIN-MIAMWILLIS2-1,Malik Willis: 1+ passing touchdowns,price moved +48c,0,48,48,0,374,374,False,,,
2026-10-02T00:36:23.711207+00:00,nfl,prop_passint,KXNFLPASSINT-26OCT01PITCLE-CLEDWATSON4-3,Deshaun Watson: 3+ passing interceptions,price moved -7c,8,1,-7,15,2577,2562,True,"Live: CLE 0, PIT 0 -- 5:48 - 1st",live_score_auto,2026-10-02T00:36:23.711207+00:00
2026-10-02T00:36:23.711207+00:00,nfl,prop_passint,KXNFLPASSINT-26OCT01PITCLE-CLEDWATSON4-3,Deshaun Watson: 3+ passing interceptions,volume spike x171.8,8,1,-7,15,2577,2562,True,"Live: CLE 0, PIT 0 -- 5:48 - 1st",live_score_auto,2026-10-02T00:36:23.711207+00:00
2026-10-02T00:36:23.711207+00:00,nfl,prop_passint,KXNFLPASSINT-26OCT01PITCLE-PITARODGERS8-2,Aaron Rodgers: 2+ passing interceptions,volume spike x5.0,14,13,-1,331,1651,1320,True,"Live: CLE 0, PIT 0 -- 5:48 - 1st",live_score_auto,2026-10-02T00:36:23.711207+00:00
2026-10-02T00:36:23.711207+00:00,nfl,prop_passint,KXNFLPASSINT-26OCT04ARINYG-ARIJBRISSETT7-1,Jacoby Brissett: 1+ passing interceptions,volume spike x8.1,47,48,1,91,738,647,False,,,
2026-10-02T00:36:23.711207+00:00,nfl,prop_passint,KXNFLPASSINT-26OCT04LARPHI-PHIJHURTS1-1,Jalen Hurts: 1+ passing interceptions,volume spike x4.3,49,50,1,115,494,379,False,,,
2026-10-02T00:36:23.711207+00:00,nfl,prop_passint,KXNFLPASSINT-26OCT04NYJCHI-CHITBAGENT17-1,Tyson Bagent: 1+ passing interceptions,volume spike x4.2,44,44,0,848,3603,2755,False,,,
2026-10-02T00:36:23.711207+00:00,nfl,prop_passint,KXNFLPASSINT-26OCT04MIAMIN-MIAMWILLIS2-1,Malik Willis: 1+ passing interceptions,price moved +55c,0,55,55,0,15,15,False,,,
2026-10-02T00:36:23.711207+00:00,nfl,prop_passcomp,KXNFLPASSCOMP-26OCT01PITCLE-CLEDWATSON4-14,Deshaun Watson: 14+ passing completions,volume spike x4.6,85,90,5,96,445,349,True,"Live: CLE 0, PIT 0 -- 5:48 - 1st",live_score_auto,2026-10-02T00:36:23.711207+00:00
2026-10-02T00:36:23.711207+00:00,nfl,prop_passcomp,KXNFLPASSCOMP-26OCT01PITCLE-CLEDWATSON4-24,Deshaun Watson: 24+ passing completions,price moved +20c,15,35,20,159,476,317,True,"Live: CLE 0, PIT 0 -- 5:48 - 1st",live_score_auto,2026-10-02T00:36:23.711207+00:00
2026-10-02T00:36:23.711207+00:00,nfl,prop_passcomp,KXNFLPASSCOMP-26OCT01PITCLE-PITARODGERS8-17,Aaron Rodgers: 17+ passing completions,price moved +12c,78,90,12,189,2735,2546,True,"Live: CLE 0, PIT 0 -- 5:48 - 1st",live_score_auto,2026-10-02T00:36:23.711207+00:00
2026-10-02T00:36:23.711207+00:00,nfl,prop_passcomp,KXNFLPASSCOMP-26OCT01PITCLE-PITARODGERS8-17,Aaron Rodgers: 17+ passing completions,volume spike x14.5,78,90,12,189,2735,2546,True,"Live: CLE 0, PIT 0 -- 5:48 - 1st",live_score_auto,2026-10-02T00:36:23.711207+00:00
2026-10-02T00:36:23.711207+00:00,nfl,prop_passcomp,KXNFLPASSCOMP-26OCT01PITCLE-PITARODGERS8-22,Aaron Rodgers: 22+ passing completions,price moved +20c,38,58,20,12556,22790,10234,True,"Live: CLE 0, PIT 0 -- 5:48 - 1st",live_score_auto,2026-10-02T00:36:23.711207+00:00
2026-10-02T00:36:23.711207+00:00,nfl,prop_passcomp,KXNFLPASSCOMP-26OCT01PITCLE-PITARODGERS8-27,Aaron Rodgers: 27+ passing completions,price moved +30c,13,43,30,1342,2132,790,True,"Live: CLE 0, PIT 0 -- 5:48 - 1st",live_score_auto,2026-10-02T00:36:23.711207+00:00
2026-10-02T00:36:23.711207+00:00,nfl,prop_passcomp,KXNFLPASSCOMP-26OCT04NEBUF-NEDMAYE10-20,Drake Maye: 20+ passing completions,price moved +53c,0,53,53,0,2111,2111,False,,,
2026-10-02T00:36:23.711207+00:00,nfl,prop_passcomp,KXNFLPASSCOMP-26OCT04MIAMIN-MINKMURRAY1-20,Kyler Murray: 20+ passing completions,price moved +48c,0,48,48,0,427,427,False,,,
2026-10-02T00:36:23.711207+00:00,nfl,prop_passcomp,KXNFLPASSCOMP-26OCT04MIAMIN-MIAMWILLIS2-16,Malik Willis: 16+ passing completions,price moved +53c,0,53,53,0,91,91,False,,,
2026-10-02T00:36:23.711207+00:00,nfl,prop_passatt,KXNFLPASSATT-26OCT01PITCLE-CLEDWATSON4-29,Deshaun Watson: 29+ passing attempts,volume spike x3.4,54,57,3,6573,22031,15458,True,"Live: CLE 0, PIT 0 -- 5:48 - 1st",live_score_auto,2026-10-02T00:36:23.711207+00:00
2026-10-02T00:36:23.711207+00:00,nfl,prop_passatt,KXNFLPASSATT-26OCT01PITCLE-PITARODGERS8-30,Aaron Rodgers: 30+ passing attempts,price moved -17c,74,57,-17,1715,2665,950,True,"Live: CLE 0, PIT 0 -- 5:48 - 1st",live_score_auto,2026-10-02T00:36:23.711207+00:00
2026-10-02T00:36:23.711207+00:00,nfl,prop_passatt,KXNFLPASSATT-26OCT01PITCLE-PITARODGERS8-35,Aaron Rodgers: 35+ passing attempts,price moved +14c,45,59,14,17515,32541,15026,True,"Live: CLE 0, PIT 0 -- 5:48 - 1st",live_score_auto,2026-10-02T00:36:23.711207+00:00
2026-10-02T00:36:23.711207+00:00,nfl,prop_passatt,KXNFLPASSATT-26OCT01PITCLE-PITARODGERS8-40,Aaron Rodgers: 40+ passing attempts,volume spike x3.1,24,26,2,2331,7279,4948,True,"Live: CLE 0, PIT 0 -- 5:48 - 1st",live_score_auto,2026-10-02T00:36:23.711207+00:00
2026-10-02T00:36:23.711207+00:00,nfl,prop_passatt,KXNFLPASSATT-26OCT04NYJCHI-CHITBAGENT17-30,Tyson Bagent: 30+ passing attempts,volume spike x1086.4,46,48,2,5,5432,5427,False,,,
2026-10-02T00:36:23.711207+00:00,nfl,prop_rshyds,KXNFLRSHYDS-26OCT01PITCLE-CLEQJUDKINS10-30,Quinshon Judkins: 30+ rushing yards,price moved -7c,82,75,-7,6457,17467,11010,True,"Live: CLE 0, PIT 0 -- 5:48 - 1st",live_score_auto,2026-10-02T00:36:23.711207+00:00
2026-10-02T00:36:23.711207+00:00,nfl,prop_rshyds,KXNFLRSHYDS-26OCT01PITCLE-CLEQJUDKINS10-40,Quinshon Judkins: 40+ rushing yards,price moved -12c,72,60,-12,6855,21880,15025,True,"Live: CLE 0, PIT 0 -- 5:48 - 1st",live_score_auto,2026-10-02T00:36:23.711207+00:00
2026-10-02T00:36:23.711207+00:00,nfl,prop_rshyds,KXNFLRSHYDS-26OCT01PITCLE-CLEQJUDKINS10-40,Quinshon Judkins: 40+ rushing yards,volume spike x3.2,72,60,-12,6855,21880,15025,True,"Live: CLE 0, PIT 0 -- 5:48 - 1st",live_score_auto,2026-10-02T00:36:23.711207+00:00
2026-10-02T00:36:23.711207+00:00,nfl,prop_rshyds,KXNFLRSHYDS-26OCT01PITCLE-CLEQJUDKINS10-50,Quinshon Judkins: 50+ rushing yards,price moved -15c,58,43,-15,2623,18804,16181,True,"Live: CLE 0, PIT 0 -- 5:48 - 1st",live_score_auto,2026-10-02T00:36:23.711207+00:00
2026-10-02T00:36:23.711207+00:00,nfl,prop_rshyds,KXNFLRSHYDS-26OCT01PITCLE-CLEQJUDKINS10-50,Quinshon Judkins: 50+ rushing yards,volume spike x7.2,58,43,-15,2623,18804,16181,True,"Live: CLE 0, PIT 0 -- 5:48 - 1st",live_score_auto,2026-10-02T00:36:23.711207+00:00
2026-10-02T00:36:23.711207+00:00,nfl,prop_rshyds,KXNFLRSHYDS-26OCT01PITCLE-CLEQJUDKINS10-60,Quinshon Judkins: 60+ rushing yards,price moved -22c,46,24,-22,12886,43328,30442,True,"Live: CLE 0, PIT 0 -- 5:48 - 1st",live_score_auto,2026-10-02T00:36:23.711207+00:00
2026-10-02T00:36:23.711207+00:00,nfl,prop_rshyds,KXNFLRSHYDS-26OCT01PITCLE-CLEQJUDKINS10-60,Quinshon Judkins: 60+ rushing yards,volume spike x3.4,46,24,-22,12886,43328,30442,True,"Live: CLE 0, PIT 0 -- 5:48 - 1st",live_score_auto,2026-10-02T00:36:23.711207+00:00
2026-10-02T00:36:23.711207+00:00,nfl,prop_rshyds,KXNFLRSHYDS-26OCT01PITCLE-CLEQJUDKINS10-70,Quinshon Judkins: 70+ rushing yards,price moved -9c,34,25,-9,2935,6001,3066,True,"Live: CLE 0, PIT 0 -- 5:48 - 1st",live_score_auto,2026-10-02T00:36:23.711207+00:00
2026-10-02T00:36:23.711207+00:00,nfl,prop_rshyds,KXNFLRSHYDS-26OCT01PITCLE-CLEQJUDKINS10-80,Quinshon Judkins: 80+ rushing yards,price moved -8c,25,17,-8,1588,4246,2658,True,"Live: CLE 0, PIT 0 -- 5:48 - 1st",live_score_auto,2026-10-02T00:36:23.711207+00:00
2026-10-02T00:36:23.711207+00:00,nfl,prop_rshyds,KXNFLRSHYDS-26OCT01PITCLE-CLEQJUDKINS10-100,Quinshon Judkins: 100+ rushing yards,volume spike x6.7,12,8,-4,634,4271,3637,True,"Live: CLE 0, PIT 0 -- 5:48 - 1st",live_score_auto,2026-10-02T00:36:23.711207+00:00
2026-10-02T00:36:23.711207+00:00,nfl,prop_rshyds,KXNFLRSHYDS-26OCT01PITCLE-CLEQJUDKINS10-110,Quinshon Judkins: 110+ rushing yards,volume spike x12.6,8,8,0,595,7492,6897,True,"Live: CLE 0, PIT 0 -- 5:48 - 1st",live_score_auto,2026-10-02T00:36:23.711207+00:00
2026-10-02T00:36:23.711207+00:00,nfl,prop_rshyds,KXNFLRSHYDS-26OCT01PITCLE-CLEQJUDKINS10-120,Quinshon Judkins: 120+ rushing yards,volume spike x10.2,7,5,-2,166,1692,1526,True,"Live: CLE 0, PIT 0 -- 5:48 - 1st",live_score_auto,2026-10-02T00:36:23.711207+00:00
2026-10-02T00:36:23.711207+00:00,nfl,prop_rshyds,KXNFLRSHYDS-26OCT01PITCLE-CLEQJUDKINS10-130,Quinshon Judkins: 130+ rushing yards,volume spike x18.6,5,1,-4,44,818,774,True,"Live: CLE 0, PIT 0 -- 5:48 - 1st",live_score_auto,2026-10-02T00:36:23.711207+00:00
2026-10-02T00:36:23.711207+00:00,nfl,prop_rshyds,KXNFLRSHYDS-26OCT01PITCLE-CLEDWATSON4-15,Deshaun Watson: 15+ rushing yards,volume spike x5.0,78,74,-4,1411,7008,5597,True,"Live: CLE 0, PIT 0 -- 5:48 - 1st",live_score_auto,2026-10-02T00:36:23.711207+00:00
2026-10-02T00:36:23.711207+00:00,nfl,prop_rshyds,KXNFLRSHYDS-26OCT01PITCLE-CLEDWATSON4-20,Deshaun Watson: 20+ rushing yards,price moved -10c,70,60,-10,1671,8449,6778,True,"Live: CLE 0, PIT 0 -- 5:48 - 1st",live_score_auto,2026-10-02T00:36:23.711207+00:00
2026-10-02T00:36:23.711207+00:00,nfl,prop_rshyds,KXNFLRSHYDS-26OCT01PITCLE-CLEDWATSON4-20,Deshaun Watson: 20+ rushing yards,volume spike x5.1,70,60,-10,1671,8449,6778,True,"Live: CLE 0, PIT 0 -- 5:48 - 1st",live_score_auto,2026-10-02T00:36:23.711207+00:00
2026-10-02T00:36:23.711207+00:00,nfl,prop_rshyds,KXNFLRSHYDS-26OCT01PITCLE-CLEDWATSON4-25,Deshaun Watson: 25+ rushing yards,price moved -10c,60,50,-10,5644,20956,15312,True,"Live: CLE 0, PIT 0 -- 5:48 - 1st",live_score_auto,2026-10-02T00:36:23.711207+00:00
2026-10-02T00:36:23.711207+00:00,nfl,prop_rshyds,KXNFLRSHYDS-26OCT01PITCLE-CLEDWATSON4-25,Deshaun Watson: 25+ rushing yards,volume spike x3.7,60,50,-10,5644,20956,15312,True,"Live: CLE 0, PIT 0 -- 5:48 - 1st",live_score_auto,2026-10-02T00:36:23.711207+00:00
2026-10-02T00:36:23.711207+00:00,nfl,prop_rshyds,KXNFLRSHYDS-26OCT01PITCLE-CLEDWATSON4-30,Deshaun Watson: 30+ rushing yards,price moved -11c,48,37,-11,23539,177739,154200,True,"Live: CLE 0, PIT 0 -- 5:48 - 1st",live_score_auto,2026-10-02T00:36:23.711207+00:00
2026-10-02T00:36:23.711207+00:00,nfl,prop_rshyds,KXNFLRSHYDS-26OCT01PITCLE-CLEDWATSON4-30,Deshaun Watson: 30+ rushing yards,volume spike x7.6,48,37,-11,23539,177739,154200,True,"Live: CLE 0, PIT 0 -- 5:48 - 1st",live_score_auto,2026-10-02T00:36:23.711207+00:00
2026-10-02T00:36:23.711207+00:00,nfl,prop_rshyds,KXNFLRSHYDS-26OCT01PITCLE-CLEDWATSON4-40,Deshaun Watson: 40+ rushing yards,price moved -12c,32,20,-12,1260,4967,3707,True,"Live: CLE 0, PIT 0 -- 5:48 - 1st",live_score_auto,2026-10-02T00:36:23.711207+00:00
2026-10-02T00:36:23.711207+00:00,nfl,prop_rshyds,KXNFLRSHYDS-26OCT01PITCLE-CLEDWATSON4-40,Deshaun Watson: 40+ rushing yards,volume spike x3.9,32,20,-12,1260,4967,3707,True,"Live: CLE 0, PIT 0 -- 5:48 - 1st",live_score_auto,2026-10-02T00:36:23.711207+00:00
2026-10-02T00:36:23.711207+00:00,nfl,prop_rshyds,KXNFLRSHYDS-26OCT01PITCLE-CLEDWATSON4-50,Deshaun Watson: 50+ rushing yards,price moved -7c,19,12,-7,2573,3894,1321,True,"Live: CLE 0, PIT 0 -- 5:48 - 1st",live_score_auto,2026-10-02T00:36:23.711207+00:00
2026-10-02T00:36:23.711207+00:00,nfl,prop_rshyds,KXNFLRSHYDS-26OCT01PITCLE-CLEDWATSON4-60,Deshaun Watson: 60+ rushing yards,volume spike x8.0,11,13,2,288,2315,2027,True,"Live: CLE 0, PIT 0 -- 5:48 - 1st",live_score_auto,2026-10-02T00:36:23.711207+00:00
2026-10-02T00:36:23.711207+00:00,nfl,prop_rshyds,KXNFLRSHYDS-26OCT01PITCLE-PITJWARREN30-80,Jaylen Warren: 80+ rushing yards,volume spike x4.8,45,48,3,9776,46837,37061,True,"Live: CLE 0, PIT 0 -- 5:48 - 1st",live_score_auto,2026-10-02T00:36:23.711207+00:00
2026-10-02T00:36:23.711207+00:00,nfl,prop_rshyds,KXNFLRSHYDS-26OCT01PITCLE-PITJWARREN30-100,Jaylen Warren: 100+ rushing yards,price moved +8c,26,34,8,7623,12265,4642,True,"Live: CLE 0, PIT 0 -- 5:48 - 1st",live_score_auto,2026-10-02T00:36:23.711207+00:00
2026-10-02T00:36:23.711207+00:00,nfl,prop_rshyds,KXNFLRSHYDS-26OCT01PITCLE-PITJWARREN30-140,Jaylen Warren: 140+ rushing yards,volume spike x238.0,7,2,-5,10,2380,2370,True,"Live: CLE 0, PIT 0 -- 5:48 - 1st",live_score_auto,2026-10-02T00:36:23.711207+00:00
2026-10-02T00:36:23.711207+00:00,nfl,prop_rshyds,KXNFLRSHYDS-26OCT01PITCLE-PITJWARREN30-150,Jaylen Warren: 150+ rushing yards,volume spike x16.7,3,3,0,278,4643,4365,True,"Live: CLE 0, PIT 0 -- 5:48 - 1st",live_score_auto,2026-10-02T00:36:23.711207+00:00
2026-10-02T00:36:23.711207+00:00,nfl,prop_rshyds,KXNFLRSHYDS-26OCT01PITCLE-PITARODGERS8-10,Aaron Rodgers: 10+ rushing yards,volume spike x4.0,22,21,-1,6863,27501,20638,True,"Live: CLE 0, PIT 0 -- 5:48 - 1st",live_score_auto,2026-10-02T00:36:23.711207+00:00
2026-10-02T00:36:23.711207+00:00,nfl,prop_rshyds,KXNFLRSHYDS-26OCT01PITCLE-CLERSANDERS23-10,Raheim Sanders: 10+ rushing yards,price moved -8c,34,26,-8,3899,12446,8547,True,"Live: CLE 0, PIT 0 -- 5:48 - 1st",live_score_auto,2026-10-02T00:36:23.711207+00:00
2026-10-02T00:36:23.711207+00:00,nfl,prop_rshyds,KXNFLRSHYDS-26OCT01PITCLE-CLERSANDERS23-10,Raheim Sanders: 10+ rushing yards,volume spike x3.2,34,26,-8,3899,12446,8547,True,"Live: CLE 0, PIT 0 -- 5:48 - 1st",live_score_auto,2026-10-02T00:36:23.711207+00:00
2026-10-02T00:36:23.711207+00:00,nfl,prop_rshyds,KXNFLRSHYDS-26OCT01PITCLE-CLERSANDERS23-15,Raheim Sanders: 15+ rushing yards,volume spike x19.8,21,16,-5,416,8229,7813,True,"Live: CLE 0, PIT 0 -- 5:48 - 1st",live_score_auto,2026-10-02T00:36:23.711207+00:00
2026-10-02T00:36:23.711207+00:00,nfl,prop_rshyds,KXNFLRSHYDS-26OCT01PITCLE-CLERSANDERS23-20,Raheim Sanders: 20+ rushing yards,volume spike x20.1,12,13,1,157,3157,3000,True,"Live: CLE 0, PIT 0 -- 5:48 - 1st",live_score_auto,2026-10-02T00:36:23.711207+00:00
2026-10-02T00:36:23.711207+00:00,nfl,prop_rshyds,KXNFLRSHYDS-26OCT01PITCLE-CLERSANDERS23-25,Raheim Sanders: 25+ rushing yards,volume spike x15.2,8,9,1,177,2684,2507,True,"Live: CLE 0, PIT 0 -- 5:48 - 1st",live_score_auto,2026-10-02T00:36:23.711207+00:00
2026-10-02T00:36:23.711207+00:00,nfl,prop_rshyds,KXNFLRSHYDS-26OCT01PITCLE-CLERSANDERS23-30,Raheim Sanders: 30+ rushing yards,volume spike x3.3,6,10,4,733,2441,1708,True,"Live: CLE 0, PIT 0 -- 5:48 - 1st",live_score_auto,2026-10-02T00:36:23.711207+00:00
2026-10-02T00:36:23.711207+00:00,nfl,prop_rshyds,KXNFLRSHYDS-26OCT01PITCLE-PITTHOMER21-10,Travis Homer: 10+ rushing yards,volume spike x31.7,37,42,5,136,4306,4170,True,"Live: CLE 0, PIT 0 -- 5:48 - 1st",live_score_auto,2026-10-02T00:36:23.711207+00:00
2026-10-02T00:36:23.711207+00:00,nfl,prop_rshyds,KXNFLRSHYDS-26OCT01PITCLE-PITTHOMER21-15,Travis Homer: 15+ rushing yards,price moved -7c,23,16,-7,133,852,719,True,"Live: CLE 0, PIT 0 -- 5:48 - 1st",live_score_auto,2026-10-02T00:36:23.711207+00:00
2026-10-02T00:36:23.711207+00:00,nfl,prop_rshyds,KXNFLRSHYDS-26OCT01PITCLE-PITTHOMER21-15,Travis Homer: 15+ rushing yards,volume spike x6.4,23,16,-7,133,852,719,True,"Live: CLE 0, PIT 0 -- 5:48 - 1st",live_score_auto,2026-10-02T00:36:23.711207+00:00
2026-10-02T00:36:23.711207+00:00,nfl,prop_rshyds,KXNFLRSHYDS-26OCT04INDWAS-WASJCROSKEYMERRITT22-30,Jacory Croskey-Merritt: 30+ rushing yards,price moved +7c,75,82,7,978,984,6,False,,,
2026-10-02T00:36:23.711207+00:00,nfl,prop_rshyds,KXNFLRSHYDS-26OCT04INDWAS-WASMMARIOTA8-25,Marcus Mariota: 25+ rushing yards,volume spike x4.2,53,51,-2,221,932,711,False,,,
2026-10-02T00:36:23.711207+00:00,nfl,prop_rshyds,KXNFLRSHYDS-26OCT04INDWAS-INDDJONES17-20,Daniel Jones: 20+ rushing yards,volume spike x16.0,31,26,-5,1,16,15,False,,,
2026-10-02T00:36:23.711207+00:00,nfl,prop_rshyds,KXNFLRSHYDS-26OCT04ARINYG-ARIJLOVE4-50,Jeremiyah Love: 50+ rushing yards,price moved +70c,0,70,70,0,48,48,False,,,
2026-10-02T00:36:23.711207+00:00,nfl,prop_rshyds,KXNFLRSHYDS-26OCT04ARINYG-ARIJBRISSETT7-20,Jacoby Brissett: 20+ rushing yards,price moved +17c,0,17,17,0,4,4,False,,,
2026-10-02T00:36:23.711207+00:00,nfl,prop_rshyds,KXNFLRSHYDS-26OCT04DALHOU-HOUCSTROUD7-30,C.J. Stroud: 30+ rushing yards,price moved +13c,0,13,13,0,3,3,False,,,
2026-10-02T00:36:23.711207+00:00,nfl,prop_rshyds,KXNFLRSHYDS-26OCT04GBTB-TBKGAINWELL1-15,Kenny Gainwell: 15+ rushing yards,price moved +53c,0,53,53,0,2,2,False,,,
2026-10-02T00:36:23.711207+00:00,nfl,prop_rshyds,KXNFLRSHYDS-26OCT04JACCIN-JACBTUTEN33-90,Bhayshul Tuten: 90+ rushing yards,volume spike x3.2,17,17,0,717,2323,1606,False,,,
2026-10-02T00:36:23.711207+00:00,nfl,prop_rshyds,KXNFLRSHYDS-26OCT04JACCIN-JACBTUTEN33-100,Bhayshul Tuten: 100+ rushing yards,volume spike x3.1,12,12,0,714,2245,1531,False,,,
2026-10-02T00:36:23.711207+00:00,nfl,prop_rshyds,KXNFLRSHYDS-26OCT04JACCIN-JACBTUTEN33-110,Bhayshul Tuten: 110+ rushing yards,volume spike x3.5,9,9,0,605,2099,1494,False,,,
2026-10-02T00:36:23.711207+00:00,nfl,prop_rshyds,KXNFLRSHYDS-26OCT04JACCIN-JACTLAWRENCE16-20,Trevor Lawrence: 20+ rushing yards,volume spike x9.6,33,33,0,18,172,154,False,,,
2026-10-02T00:36:23.711207+00:00,nfl,prop_rshyds,KXNFLRSHYDS-26OCT04JACCIN-JACTLAWRENCE16-25,Trevor Lawrence: 25+ rushing yards,volume spike x5.9,22,23,1,27,159,132,False,,,
2026-10-02T00:36:23.711207+00:00,nfl,prop_rshyds,KXNFLRSHYDS-26OCT04JACCIN-JACCRODRIGUEZ24-30,Chris Rodriguez Jr.: 30+ rushing yards,price moved +28c,0,28,28,0,1,1,False,,,
2026-10-02T00:36:23.711207+00:00,nfl,prop_rshyds,KXNFLRSHYDS-26OCT04JACCIN-JACCRODRIGUEZ24-40,Chris Rodriguez Jr.: 40+ rushing yards,price moved +15c,0,15,15,0,4,4,False,,,
2026-10-02T00:36:23.711207+00:00,nfl,prop_rshyds,KXNFLRSHYDS-26OCT04JACCIN-JACCRODRIGUEZ24-50,Chris Rodriguez Jr.: 50+ rushing yards,price moved +8c,0,8,8,0,3,3,False,,,
2026-10-02T00:36:23.711207+00:00,nfl,prop_rshyds,KXNFLRSHYDS-26OCT04LARPHI-PHIJHURTS1-25,Jalen Hurts: 25+ rushing yards,volume spike x28.0,48,52,4,74,2074,2000,False,,,
2026-10-02T00:36:23.711207+00:00,nfl,prop_rshyds,KXNFLRSHYDS-26OCT04LARPHI-PHIJHURTS1-40,Jalen Hurts: 40+ rushing yards,price moved +22c,0,22,22,0,4,4,False,,,
2026-10-02T00:36:23.711207+00:00,nfl,prop_rshyds,KXNFLRSHYDS-26OCT04LARPHI-PHIJHURTS1-50,Jalen Hurts: 50+ rushing yards,price moved +12c,0,12,12,0,8,8,False,,,
2026-10-02T00:36:23.711207+00:00,nfl,prop_rshyds,KXNFLRSHYDS-26OCT04LARPHI-LARBCORUM24-40,Blake Corum: 40+ rushing yards,price moved +52c,0,52,52,0,11,11,False,,,
2026-10-02T00:36:23.711207+00:00,nfl,prop_rshyds,KXNFLRSHYDS-26OCT04LARPHI-LARBCORUM24-60,Blake Corum: 60+ rushing yards,price moved +25c,0,25,25,0,10,10,False,,,
2026-10-02T00:36:23.711207+00:00,nfl,prop_rshyds,KXNFLRSHYDS-26OCT04NEBUF-NETHENDERSON32-40,TreVeyon Henderson: 40+ rushing yards,volume spike x304.5,55,52,-3,8,2436,2428,False,,,
2026-10-02T00:36:23.711207+00:00,nfl,prop_rshyds,KXNFLRSHYDS-26OCT04NEBUF-NETHENDERSON32-50,TreVeyon Henderson: 50+ rushing yards,volume spike x22.7,40,36,-4,35,795,760,False,,,
2026-10-02T00:36:23.711207+00:00,nfl,prop_rshyds,KXNFLRSHYDS-26OCT04NEBUF-NETHENDERSON32-60,TreVeyon Henderson: 60+ rushing yards,price moved +25c,0,25,25,0,760,760,False,,,
2026-10-02T00:36:23.711207+00:00,nfl,prop_rshyds,KXNFLRSHYDS-26OCT04NEBUF-NETHENDERSON32-70,TreVeyon Henderson: 70+ rushing yards,price moved +18c,0,18,18,0,2108,2108,False,,,
2026-10-02T00:36:23.711207+00:00,nfl,prop_rshyds,KXNFLRSHYDS-26OCT04NEBUF-NETHENDERSON32-80,TreVeyon Henderson: 80+ rushing yards,price moved +12c,0,12,12,0,2155,2155,False,,,
2026-10-02T00:36:23.711207+00:00,nfl,prop_rshyds,KXNFLRSHYDS-26OCT04NEBUF-BUFJALLEN17-30,Josh Allen: 30+ rushing yards,price moved +7c,49,56,7,74,874,800,False,,,
2026-10-02T00:36:23.711207+00:00,nfl,prop_rshyds,KXNFLRSHYDS-26OCT04NEBUF-BUFJALLEN17-30,Josh Allen: 30+ rushing yards,volume spike x11.8,49,56,7,74,874,800,False,,,
2026-10-02T00:36:23.711207+00:00,nfl,prop_rshyds,KXNFLRSHYDS-26OCT04NEBUF-BUFJALLEN17-50,Josh Allen: 50+ rushing yards,price moved +25c,0,25,25,0,1760,1760,False,,,
2026-10-02T00:36:23.711207+00:00,nfl,prop_rshyds,KXNFLRSHYDS-26OCT04NEBUF-BUFJALLEN17-60,Josh Allen: 60+ rushing yards,price moved +16c,0,16,16,0,1763,1763,False,,,
2026-10-02T00:36:23.711207+00:00,nfl,prop_rshyds,KXNFLRSHYDS-26OCT04NYJCHI-CHIKMONANGAI25-50,Kyle Monangai: 50+ rushing yards,price moved +49c,38,87,49,5634,5664,30,False,,,
2026-10-02T00:36:23.711207+00:00,nfl,prop_rshyds,KXNFLRSHYDS-26OCT04NYJCHI-CHIKMONANGAI25-70,Kyle Monangai: 70+ rushing yards,price moved -65c,87,22,-65,1609,1797,188,False,,,
2026-10-02T00:36:23.711207+00:00,nfl,prop_rshyds,KXNFLRSHYDS-26OCT04NYJCHI-CHIKMONANGAI25-80,Kyle Monangai: 80+ rushing yards,price moved -10c,20,10,-10,1051,1104,53,False,,,
2026-10-02T00:36:23.711207+00:00,nfl,prop_rshyds,KXNFLRSHYDS-26OCT04NYJCHI-CHIDSWIFT4-40,D'Andre Swift: 40+ rushing yards,price moved +10c,72,82,10,6,6,0,False,,,
2026-10-02T00:36:23.711207+00:00,nfl,prop_rshyds,KXNFLRSHYDS-26OCT04NYJCHI-CHIDSWIFT4-60,D'Andre Swift: 60+ rushing yards,price moved +60c,0,60,60,0,1,1,False,,,
2026-10-02T00:36:23.711207+00:00,nfl,prop_rshyds,KXNFLRSHYDS-26OCT04TENBAL-BALDHENRY22-60,Derrick Henry: 60+ rushing yards,volume spike x6.1,86,84,-2,15,92,77,False,,,
2026-10-02T00:36:23.711207+00:00,nfl,prop_rshyds,KXNFLRSHYDS-26OCT04TENBAL-BALDHENRY22-80,Derrick Henry: 80+ rushing yards,volume spike x95.0,68,69,1,1,95,94,False,,,
2026-10-02T00:36:23.711207+00:00,nfl,prop_rshyds,KXNFLRSHYDS-26OCT04TENBAL-BALLJACKSON8-30,Lamar Jackson: 30+ rushing yards,volume spike x8.9,55,56,1,237,2098,1861,False,,,
2026-10-02T00:36:23.711207+00:00,nfl,prop_rshyds,KXNFLRSHYDS-26OCT04TENBAL-BALLJACKSON8-40,Lamar Jackson: 40+ rushing yards,volume spike x35.9,37,37,0,33,1185,1152,False,,,
2026-10-02T00:36:23.711207+00:00,nfl,prop_rshyds,KXNFLRSHYDS-26OCT04TENBAL-BALLJACKSON8-50,Lamar Jackson: 50+ rushing yards,price moved +24c,0,24,24,0,1960,1960,False,,,
2026-10-02T00:36:23.711207+00:00,nfl,prop_rshyds,KXNFLRSHYDS-26OCT04TENBAL-BALLJACKSON8-60,Lamar Jackson: 60+ rushing yards,volume spike x401.0,9,14,5,3,1203,1200,False,,,
2026-10-02T00:36:23.711207+00:00,nfl,prop_rshyds,KXNFLRSHYDS-26OCT04TENBAL-TENTSPEARS2-20,Tyjae Spears: 20+ rushing yards,price moved +36c,0,36,36,0,4,4,False,,,
2026-10-02T00:36:23.711207+00:00,nfl,prop_rshyds,KXNFLRSHYDS-26OCT04TENBAL-TENTSPEARS2-25,Tyjae Spears: 25+ rushing yards,price moved +25c,0,25,25,0,3,3,False,,,
2026-10-02T00:36:23.711207+00:00,nfl,prop_rshyds,KXNFLRSHYDS-26OCT04TENBAL-TENTSPEARS2-30,Tyjae Spears: 30+ rushing yards,price moved +18c,0,18,18,0,3,3,False,,,
2026-10-02T00:36:23.711207+00:00,nfl,prop_rshyds,KXNFLRSHYDS-26OCT04TENBAL-TENCWARD1-10,Cam Ward: 10+ rushing yards,volume spike x79.7,52,52,0,9,717,708,False,,,
2026-10-02T00:36:23.711207+00:00,nfl,prop_rshyds,KXNFLRSHYDS-26OCT04TENBAL-TENCWARD1-15,Cam Ward: 15+ rushing yards,price moved +36c,0,36,36,0,1448,1448,False,,,
2026-10-02T00:36:23.711207+00:00,nfl,prop_rshyds,KXNFLRSHYDS-26OCT04TENBAL-TENCWARD1-25,Cam Ward: 25+ rushing yards,price moved +16c,0,16,16,0,1448,1448,False,,,
2026-10-02T00:36:23.711207+00:00,nfl,prop_rshyds,KXNFLRSHYDS-26OCT04TENBAL-TENCWARD1-30,Cam Ward: 30+ rushing yards,price moved +11c,0,11,11,0,2160,2160,False,,,
2026-10-02T00:36:23.711207+00:00,nfl,prop_rshyds,KXNFLRSHYDS-26OCT04MIAMIN-MIAMWILLIS2-40,Malik Willis: 40+ rushing yards,price moved +33c,0,33,33,0,60,60,False,,,
2026-10-02T00:36:23.711207+00:00,nfl,prop_rshyds,KXNFLRSHYDS-26OCT04MIAMIN-MIAOGORDON0-15,Ollie Gordon II: 15+ rushing yards,price moved +72c,0,72,72,0,100,100,False,,,
2026-10-02T00:36:23.711207+00:00,nfl,prop_rshyds,KXNFLRSHYDS-26OCT04MIAMIN-MIAOGORDON0-25,Ollie Gordon II: 25+ rushing yards,price moved -7c,60,53,-7,64,2763,2699,False,,,
2026-10-02T00:36:23.711207+00:00,nfl,prop_rshyds,KXNFLRSHYDS-26OCT04MIAMIN-MIAOGORDON0-25,Ollie Gordon II: 25+ rushing yards,volume spike x43.2,60,53,-7,64,2763,2699,False,,,
2026-10-02T00:36:23.711207+00:00,nfl,prop_rshyds,KXNFLRSHYDS-26OCT04MIAMIN-MIAOGORDON0-30,Ollie Gordon II: 30+ rushing yards,price moved -7c,52,45,-7,2608,3797,1189,False,,,
2026-10-02T00:36:23.711207+00:00,nfl,prop_rshyds,KXNFLRSHYDS-26OCT04MIAMIN-MIAMWASHINGTON6-10,Malik Washington: 10+ rushing yards,price moved +9c,17,26,9,39,42,3,False,,,
2026-10-02T00:36:23.711207+00:00,nfl,prop_rshyds,KXNFLRSHYDS-26OCT04DENSF-SFCMCCAFFREY23-50,Christian McCaffrey: 50+ rushing yards,volume spike x22.0,71,70,-1,1,22,21,False,,,
2026-10-02T00:36:23.711207+00:00,nfl,prop_rshyds,KXNFLRSHYDS-26OCT04DENSF-DENJDOBBINS27-80,J.K. Dobbins: 80+ rushing yards,price moved +28c,0,28,28,0,0,0,False,,,
2026-10-02T00:36:23.711207+00:00,nfl,prop_rshyds,KXNFLRSHYDS-26OCT04DENSF-DENBNIX10-30,Bo Nix: 30+ rushing yards,price moved +21c,0,21,21,0,4,4,False,,,
2026-10-02T00:36:23.711207+00:00,nfl,prop_rshyds,KXNFLRSHYDS-26OCT04DENSF-DENBNIX10-40,Bo Nix: 40+ rushing yards,price moved +8c,0,8,8,0,4,4,False,,,
2026-10-02T00:36:23.711207+00:00,nfl,prop_rshyds,KXNFLRSHYDS-26OCT04DENSF-DENRHARVEY12-20,RJ Harvey: 20+ rushing yards,price moved +42c,0,42,42,0,4,4,False,,,
2026-10-02T00:36:23.711207+00:00,nfl,prop_rshyds,KXNFLRSHYDS-26OCT04KCLV-KCPMAHOMES15-20,Patrick Mahomes: 20+ rushing yards,price moved +41c,0,41,41,0,4,4,False,,,
2026-10-02T00:36:23.711207+00:00,nfl,prop_rshyds,KXNFLRSHYDS-26OCT04KCLV-LVMWASHINGTON4-15,Mike Washington Jr.: 15+ rushing yards,price moved +56c,0,56,56,0,40,40,False,,,
2026-10-02T00:36:23.711207+00:00,nfl,prop_rshyds,KXNFLRSHYDS-26OCT04LACSEA-SEAEWILSON23-40,Emanuel Wilson: 40+ rushing yards,price moved +10c,47,57,10,777,5977,5200,False,,,
2026-10-02T00:36:23.711207+00:00,nfl,prop_rshyds,KXNFLRSHYDS-26OCT04LACSEA-SEAEWILSON23-40,Emanuel Wilson: 40+ rushing yards,volume spike x7.7,47,57,10,777,5977,5200,False,,,
2026-10-02T00:36:23.711207+00:00,nfl,prop_rshyds,KXNFLRSHYDS-26OCT04LACSEA-SEAEWILSON23-50,Emanuel Wilson: 50+ rushing yards,volume spike x41.5,36,35,-1,18,747,729,False,,,
2026-10-02T00:36:23.711207+00:00,nfl,prop_rshyds,KXNFLRSHYDS-26OCT04LACSEA-SEAEWILSON23-60,Emanuel Wilson: 60+ rushing yards,volume spike x7.2,25,28,3,544,3915,3371,False,,,
2026-10-02T00:36:23.711207+00:00,nfl,prop_rshyds,KXNFLRSHYDS-26OCT04LACSEA-SEAEWILSON23-70,Emanuel Wilson: 70+ rushing yards,price moved +18c,0,18,18,0,2359,2359,False,,,
2026-10-02T00:36:23.711207+00:00,nfl,prop_rshyds,KXNFLRSHYDS-26OCT04LACSEA-SEAEWILSON23-80,Emanuel Wilson: 80+ rushing yards,price moved +12c,0,12,12,0,1318,1318,False,,,
2026-10-02T00:36:23.711207+00:00,nfl,prop_rshyds,KXNFLRSHYDS-26OCT04LACSEA-SEAEWILSON23-90,Emanuel Wilson: 90+ rushing yards,price moved +8c,0,8,8,0,1268,1268,False,,,
2026-10-02T00:36:23.711207+00:00,nfl,prop_rshyds,KXNFLRSHYDS-26OCT04LACSEA-LACOHAMPTON8-25,Omarion Hampton: 25+ rushing yards,price moved +83c,0,83,83,0,0,0,False,,,
2026-10-02T00:36:23.711207+00:00,nfl,prop_rshyds,KXNFLRSHYDS-26OCT04DETCAR-CARCHUBBARD30-70,Chuba Hubbard: 70+ rushing yards,price moved +48c,0,48,48,0,2,2,False,,,
2026-10-02T00:36:23.711207+00:00,nfl,prop_rshyds,KXNFLRSHYDS-26OCT04DETCAR-DETJGIBBS0-60,Jahmyr Gibbs: 60+ rushing yards,price moved +84c,0,84,84,0,0,0,False,,,
2026-10-02T00:36:23.711207+00:00,nfl,prop_rshyds,KXNFLRSHYDS-26OCT04DETCAR-DETJGIBBS0-130,Jahmyr Gibbs: 130+ rushing yards,price moved +27c,0,27,27,0,363,363,False,,,
2026-10-02T00:36:23.711207+00:00,nfl,prop_rshyds,KXNFLRSHYDS-26OCT04DETCAR-DETSVAKI33-10,Sione Vaki: 10+ rushing yards,price moved +52c,0,52,52,0,3,3,False,,,
2026-10-02T00:36:23.711207+00:00,nfl,prop_rshyds,KXNFLRSHYDS-26OCT05ATLNO-NOAKAMARA41-40,Alvin Kamara: 40+ rushing yards,price moved +46c,0,46,46,0,72,72,False,,,
2026-10-02T00:36:23.711207+00:00,nfl,prop_rshyds,KXNFLRSHYDS-26OCT05ATLNO-NOKMILLER5-30,Kendre Miller: 30+ rushing yards,volume spike x3.9,41,44,3,15,59,44,False,,,
2026-10-02T00:36:23.711207+00:00,nfl,prop_rshyds,KXNFLRSHYDS-26OCT05ATLNO-NOKMILLER5-40,Kendre Miller: 40+ rushing yards,price moved +30c,0,30,30,0,38,38,False,,,
2026-10-02T00:36:23.711207+00:00,nfl,prop_rshyds,KXNFLRSHYDS-26OCT05ATLNO-NOKMILLER5-50,Kendre Miller: 50+ rushing yards,volume spike x18.4,15,20,5,22,405,383,False,,,
2026-10-02T00:36:23.711207+00:00,nfl,prop_rshyds,KXNFLRSHYDS-26OCT05ATLNO-NOKMILLER5-60,Kendre Miller: 60+ rushing yards,price moved +11c,0,11,11,0,42,42,False,,,
2026-10-02T00:36:23.711207+00:00,nfl,prop_rshyds,KXNFLRSHYDS-26OCT05ATLNO-ATLMPENIX9-10,Michael Penix Jr.: 10+ rushing yards,price moved +32c,0,32,32,0,218,218,False,,,
2026-10-02T00:36:23.711207+00:00,nfl,prop_rshyds,KXNFLRSHYDS-26OCT05ATLNO-ATLBROBINSON7-50,Bijan Robinson: 50+ rushing yards,price moved +84c,0,84,84,0,9,9,False,,,
2026-10-02T00:36:23.711207+00:00,nfl,prop_rshatt,KXNFLRSHATT-26OCT01PITCLE-CLEQJUDKINS10-14,Quinshon Judkins: 14+ rushing attempts,price moved -37c,70,33,-37,3646,8991,5345,True,"Live: CLE 0, PIT 0 -- 5:48 - 1st",live_score_auto,2026-10-02T00:36:23.711207+00:00
2026-10-02T00:36:23.711207+00:00,nfl,prop_rshatt,KXNFLRSHATT-26OCT01PITCLE-CLEQJUDKINS10-17,Quinshon Judkins: 17+ rushing attempts,price moved -19c,46,27,-19,11078,23045,11967,True,"Live: CLE 0, PIT 0 -- 5:48 - 1st",live_score_auto,2026-10-02T00:36:23.711207+00:00
2026-10-02T00:36:23.711207+00:00,nfl,prop_rshatt,KXNFLRSHATT-26OCT01PITCLE-CLEQJUDKINS10-20,Quinshon Judkins: 20+ rushing attempts,price moved -9c,27,18,-9,375,1050,675,True,"Live: CLE 0, PIT 0 -- 5:48 - 1st",live_score_auto,2026-10-02T00:36:23.711207+00:00
2026-10-02T00:36:23.711207+00:00,nfl,prop_rshatt,KXNFLRSHATT-26OCT01PITCLE-CLEDWATSON4-6,Deshaun Watson: 6+ rushing attempts,price moved -18c,57,39,-18,10298,19816,9518,True,"Live: CLE 0, PIT 0 -- 5:48 - 1st",live_score_auto,2026-10-02T00:36:23.711207+00:00
2026-10-02T00:36:23.711207+00:00,nfl,prop_rshatt,KXNFLRSHATT-26OCT01PITCLE-PITJWARREN30-13,Jaylen Warren: 13+ rushing attempts,price moved +16c,82,98,16,541,1891,1350,True,"Live: CLE 0, PIT 0 -- 5:48 - 1st",live_score_auto,2026-10-02T00:36:23.711207+00:00
2026-10-02T00:36:23.711207+00:00,nfl,prop_rshatt,KXNFLRSHATT-26OCT01PITCLE-PITJWARREN30-13,Jaylen Warren: 13+ rushing attempts,volume spike x3.5,82,98,16,541,1891,1350,True,"Live: CLE 0, PIT 0 -- 5:48 - 1st",live_score_auto,2026-10-02T00:36:23.711207+00:00
2026-10-02T00:36:23.711207+00:00,nfl,prop_rshatt,KXNFLRSHATT-26OCT01PITCLE-PITJWARREN30-16,Jaylen Warren: 16+ rushing attempts,price moved +19c,65,84,19,21744,28434,6690,True,"Live: CLE 0, PIT 0 -- 5:48 - 1st",live_score_auto,2026-10-02T00:36:23.711207+00:00
2026-10-02T00:36:23.711207+00:00,nfl,prop_rshatt,KXNFLRSHATT-26OCT01PITCLE-PITJWARREN30-19,Jaylen Warren: 19+ rushing attempts,price moved +24c,42,66,24,624,3002,2378,True,"Live: CLE 0, PIT 0 -- 5:48 - 1st",live_score_auto,2026-10-02T00:36:23.711207+00:00
2026-10-02T00:36:23.711207+00:00,nfl,prop_rshatt,KXNFLRSHATT-26OCT01PITCLE-PITJWARREN30-19,Jaylen Warren: 19+ rushing attempts,volume spike x4.8,42,66,24,624,3002,2378,True,"Live: CLE 0, PIT 0 -- 5:48 - 1st",live_score_auto,2026-10-02T00:36:23.711207+00:00
2026-10-02T00:36:23.711207+00:00,nfl,prop_rshatt,KXNFLRSHATT-26OCT04LARPHI-PHISBARKLEY26-15,Saquon Barkley: 15+ rushing attempts,price moved +67c,0,67,67,0,31,31,False,,,
2026-10-02T00:36:23.711207+00:00,nfl,prop_rshatt,KXNFLRSHATT-26OCT04LARPHI-PHIJHURTS1-4,Jalen Hurts: 4+ rushing attempts,volume spike x7.7,82,82,0,191,1467,1276,False,,,
2026-10-02T00:36:23.711207+00:00,nfl,prop_rshatt,KXNFLRSHATT-26OCT04NEBUF-BUFJALLEN17-8,Josh Allen: 8+ rushing attempts,price moved +57c,0,57,57,0,2088,2088,False,,,
2026-10-02T00:36:23.711207+00:00,nfl,prop_rshatt,KXNFLRSHATT-26OCT04NEBUF-BUFJCOOK4-18,James Cook III: 18+ rushing attempts,volume spike x13.4,50,54,4,97,1298,1201,False,,,
2026-10-02T00:36:23.711207+00:00,nfl,prop_rshatt,KXNFLRSHATT-26OCT04NEBUF-NERSTEVENSON38-6,Rhamondre Stevenson: 6+ rushing attempts,price moved +79c,0,79,79,0,160,160,False,,,
2026-10-02T00:36:23.711207+00:00,nfl,prop_rshatt,KXNFLRSHATT-26OCT04NYJCHI-CHIDSWIFT4-14,D'Andre Swift: 14+ rushing attempts,price moved +9c,66,75,9,2,12,10,False,,,
2026-10-02T00:36:23.711207+00:00,nfl,prop_rshatt,KXNFLRSHATT-26OCT04TENBAL-BALDHENRY22-23,Derrick Henry: 23+ rushing attempts,price moved -14c,54,40,-14,414,474,60,False,,,
2026-10-02T00:36:23.711207+00:00,nfl,prop_rshatt,KXNFLRSHATT-26OCT04MIAMIN-MIAMWILLIS2-4,Malik Willis: 4+ rushing attempts,price moved +81c,0,81,81,0,45,45,False,,,
2026-10-02T00:36:23.711207+00:00,nfl,prop_longrsh,KXNFLLONGRSH-26OCT01PITCLE-CLEQJUDKINS10-13,Quinshon Judkins: longest rush over 12.5 yards,volume spike x3.0,51,47,-4,2959,8945,5986,True,"Live: CLE 0, PIT 0 -- 5:48 - 1st",live_score_auto,2026-10-02T00:36:23.711207+00:00
2026-10-02T00:36:23.711207+00:00,nfl,prop_longrsh,KXNFLLONGRSH-26OCT01PITCLE-CLEDWATSON4-13,Deshaun Watson: longest rush over 12.5 yards,price moved -8c,47,39,-8,58,1908,1850,True,"Live: CLE 0, PIT 0 -- 5:48 - 1st",live_score_auto,2026-10-02T00:36:23.711207+00:00
2026-10-02T00:36:23.711207+00:00,nfl,prop_longrsh,KXNFLLONGRSH-26OCT01PITCLE-CLEDWATSON4-13,Deshaun Watson: longest rush over 12.5 yards,volume spike x32.9,47,39,-8,58,1908,1850,True,"Live: CLE 0, PIT 0 -- 5:48 - 1st",live_score_auto,2026-10-02T00:36:23.711207+00:00
2026-10-02T00:36:23.711207+00:00,nfl,prop_longrsh,KXNFLLONGRSH-26OCT01PITCLE-PITARODGERS8-3,Aaron Rodgers: longest rush over 2.5 yards,volume spike x13.6,49,51,2,392,5315,4923,True,"Live: CLE 0, PIT 0 -- 5:48 - 1st",live_score_auto,2026-10-02T00:36:23.711207+00:00
2026-10-02T00:36:23.711207+00:00,nfl,prop_longrsh,KXNFLLONGRSH-26OCT01PITCLE-PITJWARREN30-15,Jaylen Warren: longest rush over 14.5 yards,volume spike x4.9,54,59,5,1383,6754,5371,True,"Live: CLE 0, PIT 0 -- 5:48 - 1st",live_score_auto,2026-10-02T00:36:23.711207+00:00
2026-10-02T00:36:23.711207+00:00,nfl,prop_longrsh,KXNFLLONGRSH-26OCT04TENBAL-BALDHENRY22-19,Derrick Henry: longest rush over 18.5 yards,price moved +52c,0,52,52,0,61,61,False,,,
2026-10-02T00:36:23.711207+00:00,nfl,prop_recyds,KXNFLRECYDS-26OCT01PITCLE-CLEDBOSTON12-40,Denzel Boston: 40+ receiving yards,volume spike x4.3,48,49,1,26697,116074,89377,True,"Live: CLE 0, PIT 0 -- 5:48 - 1st",live_score_auto,2026-10-02T00:36:23.711207+00:00
2026-10-02T00:36:23.711207+00:00,nfl,prop_recyds,KXNFLRECYDS-26OCT01PITCLE-CLEDBOSTON12-100,Denzel Boston: 100+ receiving yards,volume spike x3.3,8,7,-1,3118,10228,7110,True,"Live: CLE 0, PIT 0 -- 5:48 - 1st",live_score_auto,2026-10-02T00:36:23.711207+00:00
2026-10-02T00:36:23.711207+00:00,nfl,prop_recyds,KXNFLRECYDS-26OCT01PITCLE-CLEHFANNIN44-40,Harold Fannin Jr.: 40+ receiving yards,price moved -8c,52,44,-8,10959,32362,21403,True,"Live: CLE 0, PIT 0 -- 5:48 - 1st",live_score_auto,2026-10-02T00:36:23.711207+00:00
2026-10-02T00:36:23.711207+00:00,nfl,prop_recyds,KXNFLRECYDS-26OCT01PITCLE-CLEHFANNIN44-50,Harold Fannin Jr.: 50+ receiving yards,volume spike x6.8,37,36,-1,1646,11267,9621,True,"Live: CLE 0, PIT 0 -- 5:48 - 1st",live_score_auto,2026-10-02T00:36:23.711207+00:00
2026-10-02T00:36:23.711207+00:00,nfl,prop_recyds,KXNFLRECYDS-26OCT01PITCLE-CLEHFANNIN44-70,Harold Fannin Jr.: 70+ receiving yards,volume spike x3.8,19,14,-5,534,2035,1501,True,"Live: CLE 0, PIT 0 -- 5:48 - 1st",live_score_auto,2026-10-02T00:36:23.711207+00:00
2026-10-02T00:36:23.711207+00:00,nfl,prop_recyds,KXNFLRECYDS-26OCT01PITCLE-CLEHFANNIN44-80,Harold Fannin Jr.: 80+ receiving yards,volume spike x5.6,12,14,2,328,1836,1508,True,"Live: CLE 0, PIT 0 -- 5:48 - 1st",live_score_auto,2026-10-02T00:36:23.711207+00:00
2026-10-02T00:36:23.711207+00:00,nfl,prop_recyds,KXNFLRECYDS-26OCT01PITCLE-CLEHFANNIN44-100,Harold Fannin Jr.: 100+ receiving yards,volume spike x278.7,6,5,-1,3,836,833,True,"Live: CLE 0, PIT 0 -- 5:48 - 1st",live_score_auto,2026-10-02T00:36:23.711207+00:00
2026-10-02T00:36:23.711207+00:00,nfl,prop_recyds,KXNFLRECYDS-26OCT01PITCLE-PITPFREIERMUTH88-15,Pat Freiermuth: 15+ receiving yards,volume spike x7.3,75,73,-2,642,4707,4065,True,"Live: CLE 0, PIT 0 -- 5:48 - 1st",live_score_auto,2026-10-02T00:36:23.711207+00:00
2026-10-02T00:36:23.711207+00:00,nfl,prop_recyds,KXNFLRECYDS-26OCT01PITCLE-PITDMETCALF4-15,DK Metcalf: 15+ receiving yards,price moved +13c,86,99,13,749,12905,12156,True,"Live: CLE 0, PIT 0 -- 5:48 - 1st",live_score_auto,2026-10-02T00:36:23.711207+00:00
2026-10-02T00:36:23.711207+00:00,nfl,prop_recyds,KXNFLRECYDS-26OCT01PITCLE-PITDMETCALF4-15,DK Metcalf: 15+ receiving yards,volume spike x17.2,86,99,13,749,12905,12156,True,"Live: CLE 0, PIT 0 -- 5:48 - 1st",live_score_auto,2026-10-02T00:36:23.711207+00:00
2026-10-02T00:36:23.711207+00:00,nfl,prop_recyds,KXNFLRECYDS-26OCT01PITCLE-PITDMETCALF4-25,DK Metcalf: 25+ receiving yards,price moved +20c,75,95,20,945,3979,3034,True,"Live: CLE 0, PIT 0 -- 5:48 - 1st",live_score_auto,2026-10-02T00:36:23.711207+00:00
2026-10-02T00:36:23.711207+00:00,nfl,prop_recyds,KXNFLRECYDS-26OCT01PITCLE-PITDMETCALF4-25,DK Metcalf: 25+ receiving yards,volume spike x4.2,75,95,20,945,3979,3034,True,"Live: CLE 0, PIT 0 -- 5:48 - 1st",live_score_auto,2026-10-02T00:36:23.711207+00:00
2026-10-02T00:36:23.711207+00:00,nfl,prop_recyds,KXNFLRECYDS-26OCT01PITCLE-PITDMETCALF4-40,DK Metcalf: 40+ receiving yards,price moved +21c,58,79,21,69253,86584,17331,True,"Live: CLE 0, PIT 0 -- 5:48 - 1st",live_score_auto,2026-10-02T00:36:23.711207+00:00
2026-10-02T00:36:23.711207+00:00,nfl,prop_recyds,KXNFLRECYDS-26OCT01PITCLE-PITDMETCALF4-50,DK Metcalf: 50+ receiving yards,price moved +22c,45,67,22,28425,59091,30666,True,"Live: CLE 0, PIT 0 -- 5:48 - 1st",live_score_auto,2026-10-02T00:36:23.711207+00:00
2026-10-02T00:36:23.711207+00:00,nfl,prop_recyds,KXNFLRECYDS-26OCT01PITCLE-PITDMETCALF4-60,DK Metcalf: 60+ receiving yards,price moved +22c,35,57,22,4583,26204,21621,True,"Live: CLE 0, PIT 0 -- 5:48 - 1st",live_score_auto,2026-10-02T00:36:23.711207+00:00
2026-10-02T00:36:23.711207+00:00,nfl,prop_recyds,KXNFLRECYDS-26OCT01PITCLE-PITDMETCALF4-60,DK Metcalf: 60+ receiving yards,volume spike x5.7,35,57,22,4583,26204,21621,True,"Live: CLE 0, PIT 0 -- 5:48 - 1st",live_score_auto,2026-10-02T00:36:23.711207+00:00
2026-10-02T00:36:23.711207+00:00,nfl,prop_recyds,KXNFLRECYDS-26OCT01PITCLE-PITDMETCALF4-70,DK Metcalf: 70+ receiving yards,price moved +18c,27,45,18,6956,14264,7308,True,"Live: CLE 0, PIT 0 -- 5:48 - 1st",live_score_auto,2026-10-02T00:36:23.711207+00:00
2026-10-02T00:36:23.711207+00:00,nfl,prop_recyds,KXNFLRECYDS-26OCT01PITCLE-PITDMETCALF4-80,DK Metcalf: 80+ receiving yards,price moved +10c,20,30,10,9666,16710,7044,True,"Live: CLE 0, PIT 0 -- 5:48 - 1st",live_score_auto,2026-10-02T00:36:23.711207+00:00
2026-10-02T00:36:23.711207+00:00,nfl,prop_recyds,KXNFLRECYDS-26OCT01PITCLE-PITDMETCALF4-90,DK Metcalf: 90+ receiving yards,price moved +11c,15,26,11,8275,10530,2255,True,"Live: CLE 0, PIT 0 -- 5:48 - 1st",live_score_auto,2026-10-02T00:36:23.711207+00:00
2026-10-02T00:36:23.711207+00:00,nfl,prop_recyds,KXNFLRECYDS-26OCT01PITCLE-PITDMETCALF4-100,DK Metcalf: 100+ receiving yards,price moved +7c,11,18,7,11256,23230,11974,True,"Live: CLE 0, PIT 0 -- 5:48 - 1st",live_score_auto,2026-10-02T00:36:23.711207+00:00
2026-10-02T00:36:23.711207+00:00,nfl,prop_recyds,KXNFLRECYDS-26OCT01PITCLE-PITDMETCALF4-110,DK Metcalf: 110+ receiving yards,price moved +12c,7,19,12,2600,5740,3140,True,"Live: CLE 0, PIT 0 -- 5:48 - 1st",live_score_auto,2026-10-02T00:36:23.711207+00:00
2026-10-02T00:36:23.711207+00:00,nfl,prop_recyds,KXNFLRECYDS-26OCT01PITCLE-PITMPITTMAN11-15,Michael Pittman Jr.: 15+ receiving yards,price moved +16c,78,94,16,76,476,400,True,"Live: CLE 0, PIT 0 -- 5:48 - 1st",live_score_auto,2026-10-02T00:36:23.711207+00:00
2026-10-02T00:36:23.711207+00:00,nfl,prop_recyds,KXNFLRECYDS-26OCT01PITCLE-PITMPITTMAN11-15,Michael Pittman Jr.: 15+ receiving yards,volume spike x6.3,78,94,16,76,476,400,True,"Live: CLE 0, PIT 0 -- 5:48 - 1st",live_score_auto,2026-10-02T00:36:23.711207+00:00
2026-10-02T00:36:23.711207+00:00,nfl,prop_recyds,KXNFLRECYDS-26OCT01PITCLE-PITMPITTMAN11-25,Michael Pittman Jr.: 25+ receiving yards,volume spike x5.1,65,62,-3,587,2979,2392,True,"Live: CLE 0, PIT 0 -- 5:48 - 1st",live_score_auto,2026-10-02T00:36:23.711207+00:00
2026-10-02T00:36:23.711207+00:00,nfl,prop_recyds,KXNFLRECYDS-26OCT01PITCLE-PITMPITTMAN11-40,Michael Pittman Jr.: 40+ receiving yards,volume spike x9.6,42,36,-6,1398,13358,11960,True,"Live: CLE 0, PIT 0 -- 5:48 - 1st",live_score_auto,2026-10-02T00:36:23.711207+00:00
2026-10-02T00:36:23.711207+00:00,nfl,prop_recyds,KXNFLRECYDS-26OCT01PITCLE-PITJWARREN30-15,Jaylen Warren: 15+ receiving yards,price moved +13c,72,85,13,1019,4391,3372,True,"Live: CLE 0, PIT 0 -- 5:48 - 1st",live_score_auto,2026-10-02T00:36:23.711207+00:00
2026-10-02T00:36:23.711207+00:00,nfl,prop_recyds,KXNFLRECYDS-26OCT01PITCLE-PITJWARREN30-15,Jaylen Warren: 15+ receiving yards,volume spike x4.3,72,85,13,1019,4391,3372,True,"Live: CLE 0, PIT 0 -- 5:48 - 1st",live_score_auto,2026-10-02T00:36:23.711207+00:00
2026-10-02T00:36:23.711207+00:00,nfl,prop_recyds,KXNFLRECYDS-26OCT01PITCLE-PITJWARREN30-25,Jaylen Warren: 25+ receiving yards,price moved +17c,53,70,17,23501,63729,40228,True,"Live: CLE 0, PIT 0 -- 5:48 - 1st",live_score_auto,2026-10-02T00:36:23.711207+00:00
2026-10-02T00:36:23.711207+00:00,nfl,prop_recyds,KXNFLRECYDS-26OCT01PITCLE-PITJWARREN30-40,Jaylen Warren: 40+ receiving yards,price moved +11c,29,40,11,5469,9854,4385,True,"Live: CLE 0, PIT 0 -- 5:48 - 1st",live_score_auto,2026-10-02T00:36:23.711207+00:00
2026-10-02T00:36:23.711207+00:00,nfl,prop_recyds,KXNFLRECYDS-26OCT01PITCLE-PITJWARREN30-60,Jaylen Warren: 60+ receiving yards,price moved +7c,10,17,7,4237,5578,1341,True,"Live: CLE 0, PIT 0 -- 5:48 - 1st",live_score_auto,2026-10-02T00:36:23.711207+00:00
2026-10-02T00:36:23.711207+00:00,nfl,prop_recyds,KXNFLRECYDS-26OCT01PITCLE-PITDWASHINGTON80-15,Darnell Washington: 15+ receiving yards,price moved +11c,56,67,11,25982,184727,158745,True,"Live: CLE 0, PIT 0 -- 5:48 - 1st",live_score_auto,2026-10-02T00:36:23.711207+00:00
2026-10-02T00:36:23.711207+00:00,nfl,prop_recyds,KXNFLRECYDS-26OCT01PITCLE-PITDWASHINGTON80-15,Darnell Washington: 15+ receiving yards,volume spike x7.1,56,67,11,25982,184727,158745,True,"Live: CLE 0, PIT 0 -- 5:48 - 1st",live_score_auto,2026-10-02T00:36:23.711207+00:00
2026-10-02T00:36:23.711207+00:00,nfl,prop_recyds,KXNFLRECYDS-26OCT01PITCLE-PITDWASHINGTON80-25,Darnell Washington: 25+ receiving yards,price moved +12c,35,47,12,3658,22494,18836,True,"Live: CLE 0, PIT 0 -- 5:48 - 1st",live_score_auto,2026-10-02T00:36:23.711207+00:00
2026-10-02T00:36:23.711207+00:00,nfl,prop_recyds,KXNFLRECYDS-26OCT01PITCLE-PITDWASHINGTON80-25,Darnell Washington: 25+ receiving yards,volume spike x6.1,35,47,12,3658,22494,18836,True,"Live: CLE 0, PIT 0 -- 5:48 - 1st",live_score_auto,2026-10-02T00:36:23.711207+00:00
2026-10-02T00:36:23.711207+00:00,nfl,prop_recyds,KXNFLRECYDS-26OCT01PITCLE-PITDWASHINGTON80-40,Darnell Washington: 40+ receiving yards,volume spike x11.5,16,17,1,4489,51789,47300,True,"Live: CLE 0, PIT 0 -- 5:48 - 1st",live_score_auto,2026-10-02T00:36:23.711207+00:00
2026-10-02T00:36:23.711207+00:00,nfl,prop_recyds,KXNFLRECYDS-26OCT01PITCLE-PITDWASHINGTON80-60,Darnell Washington: 60+ receiving yards,price moved +9c,6,15,9,4108,6974,2866,True,"Live: CLE 0, PIT 0 -- 5:48 - 1st",live_score_auto,2026-10-02T00:36:23.711207+00:00
2026-10-02T00:36:23.711207+00:00,nfl,prop_recyds,KXNFLRECYDS-26OCT01PITCLE-CLEQJUDKINS10-15,Quinshon Judkins: 15+ receiving yards,price moved -12c,43,31,-12,7427,31468,24041,True,"Live: CLE 0, PIT 0 -- 5:48 - 1st",live_score_auto,2026-10-02T00:36:23.711207+00:00
2026-10-02T00:36:23.711207+00:00,nfl,prop_recyds,KXNFLRECYDS-26OCT01PITCLE-CLEQJUDKINS10-15,Quinshon Judkins: 15+ receiving yards,volume spike x4.2,43,31,-12,7427,31468,24041,True,"Live: CLE 0, PIT 0 -- 5:48 - 1st",live_score_auto,2026-10-02T00:36:23.711207+00:00
2026-10-02T00:36:23.711207+00:00,nfl,prop_recyds,KXNFLRECYDS-26OCT01PITCLE-CLEQJUDKINS10-25,Quinshon Judkins: 25+ receiving yards,price moved -9c,23,14,-9,650,4327,3677,True,"Live: CLE 0, PIT 0 -- 5:48 - 1st",live_score_auto,2026-10-02T00:36:23.711207+00:00
2026-10-02T00:36:23.711207+00:00,nfl,prop_recyds,KXNFLRECYDS-26OCT01PITCLE-CLEQJUDKINS10-25,Quinshon Judkins: 25+ receiving yards,volume spike x6.7,23,14,-9,650,4327,3677,True,"Live: CLE 0, PIT 0 -- 5:48 - 1st",live_score_auto,2026-10-02T00:36:23.711207+00:00
2026-10-02T00:36:23.711207+00:00,nfl,prop_recyds,KXNFLRECYDS-26OCT01PITCLE-CLEQJUDKINS10-50,Quinshon Judkins: 50+ receiving yards,volume spike x12.4,7,5,-2,61,755,694,True,"Live: CLE 0, PIT 0 -- 5:48 - 1st",live_score_auto,2026-10-02T00:36:23.711207+00:00
2026-10-02T00:36:23.711207+00:00,nfl,prop_recyds,KXNFLRECYDS-26OCT01PITCLE-CLERSANDERS23-40,Raheim Sanders: 40+ receiving yards,volume spike x3.2,10,10,0,588,1906,1318,True,"Live: CLE 0, PIT 0 -- 5:48 - 1st",live_score_auto,2026-10-02T00:36:23.711207+00:00
2026-10-02T00:36:23.711207+00:00,nfl,prop_recyds,KXNFLRECYDS-26OCT01PITCLE-PITRWILSON14-15,Roman Wilson: 15+ receiving yards,price moved -11c,61,50,-11,14176,23663,9487,True,"Live: CLE 0, PIT 0 -- 5:48 - 1st",live_score_auto,2026-10-02T00:36:23.711207+00:00
2026-10-02T00:36:23.711207+00:00,nfl,prop_recyds,KXNFLRECYDS-26OCT01PITCLE-PITRWILSON14-25,Roman Wilson: 25+ receiving yards,price moved -9c,41,32,-9,66959,142856,75897,True,"Live: CLE 0, PIT 0 -- 5:48 - 1st",live_score_auto,2026-10-02T00:36:23.711207+00:00
2026-10-02T00:36:23.711207+00:00,nfl,prop_recyds,KXNFLRECYDS-26OCT01PITCLE-PITRWILSON14-50,Roman Wilson: 50+ receiving yards,price moved +17c,15,32,17,22531,32244,9713,True,"Live: CLE 0, PIT 0 -- 5:48 - 1st",live_score_auto,2026-10-02T00:36:23.711207+00:00
2026-10-02T00:36:23.711207+00:00,nfl,prop_recyds,KXNFLRECYDS-26OCT01PITCLE-PITRWILSON14-70,Roman Wilson: 70+ receiving yards,volume spike x32.9,5,5,0,263,8644,8381,True,"Live: CLE 0, PIT 0 -- 5:48 - 1st",live_score_auto,2026-10-02T00:36:23.711207+00:00
2026-10-02T00:36:23.711207+00:00,nfl,prop_recyds,KXNFLRECYDS-26OCT01PITCLE-PITRWILSON14-80,Roman Wilson: 80+ receiving yards,volume spike x10.7,5,7,2,1324,14217,12893,True,"Live: CLE 0, PIT 0 -- 5:48 - 1st",live_score_auto,2026-10-02T00:36:23.711207+00:00
2026-10-02T00:36:23.711207+00:00,nfl,prop_recyds,KXNFLRECYDS-26OCT01PITCLE-PITGBERNARD17-15,Germie Bernard: 15+ receiving yards,price moved -9c,39,30,-9,988,10603,9615,True,"Live: CLE 0, PIT 0 -- 5:48 - 1st",live_score_auto,2026-10-02T00:36:23.711207+00:00
2026-10-02T00:36:23.711207+00:00,nfl,prop_recyds,KXNFLRECYDS-26OCT01PITCLE-PITGBERNARD17-15,Germie Bernard: 15+ receiving yards,volume spike x10.7,39,30,-9,988,10603,9615,True,"Live: CLE 0, PIT 0 -- 5:48 - 1st",live_score_auto,2026-10-02T00:36:23.711207+00:00
2026-10-02T00:36:23.711207+00:00,nfl,prop_recyds,KXNFLRECYDS-26OCT01PITCLE-PITGBERNARD17-40,Germie Bernard: 40+ receiving yards,volume spike x37.4,10,9,-1,184,6879,6695,True,"Live: CLE 0, PIT 0 -- 5:48 - 1st",live_score_auto,2026-10-02T00:36:23.711207+00:00
2026-10-02T00:36:23.711207+00:00,nfl,prop_recyds,KXNFLRECYDS-26OCT01PITCLE-CLEBWHITEHEART86-40,Blake Whiteheart: 40+ receiving yards,volume spike x16.0,4,3,-1,118,1892,1774,True,"Live: CLE 0, PIT 0 -- 5:48 - 1st",live_score_auto,2026-10-02T00:36:23.711207+00:00
2026-10-02T00:36:23.711207+00:00,nfl,prop_recyds,KXNFLRECYDS-26OCT04INDWAS-INDTWARREN84-70,Tyler Warren: 70+ receiving yards,volume spike x5.3,25,25,0,80,428,348,False,,,
2026-10-02T00:36:23.711207+00:00,nfl,prop_recyds,KXNFLRECYDS-26OCT04INDWAS-WASSDIGGS3-60,Stefon Diggs: 60+ receiving yards,price moved +33c,0,33,33,0,54,54,False,,,
2026-10-02T00:36:23.711207+00:00,nfl,prop_recyds,KXNFLRECYDS-26OCT04INDWAS-WASSDIGGS3-80,Stefon Diggs: 80+ receiving yards,price moved +13c,0,13,13,0,5,5,False,,,
2026-10-02T00:36:23.711207+00:00,nfl,prop_recyds,KXNFLRECYDS-26OCT04ARINYG-ARIMHARRISON18-90,Marvin Harrison Jr.: 90+ receiving yards,price moved +9c,0,9,9,0,1103,1103,False,,,
2026-10-02T00:36:23.711207+00:00,nfl,prop_recyds,KXNFLRECYDS-26OCT04DALHOU-HOUDSCHULTZ86-40,Dalton Schultz: 40+ receiving yards,price moved +43c,0,43,43,0,1476,1476,False,,,
2026-10-02T00:36:23.711207+00:00,nfl,prop_recyds,KXNFLRECYDS-26OCT04DALHOU-HOUDSCHULTZ86-60,Dalton Schultz: 60+ receiving yards,price moved -9c,34,25,-9,80,85,5,False,,,
2026-10-02T00:36:23.711207+00:00,nfl,prop_recyds,KXNFLRECYDS-26OCT04DALHOU-DALGPICKENS3-50,George Pickens: 50+ receiving yards,price moved +69c,0,69,69,0,99,99,False,,,
2026-10-02T00:36:23.711207+00:00,nfl,prop_recyds,KXNFLRECYDS-26OCT04DALHOU-DALGPICKENS3-70,George Pickens: 70+ receiving yards,volume spike x4.3,50,49,-1,6,26,20,False,,,
2026-10-02T00:36:23.711207+00:00,nfl,prop_recyds,KXNFLRECYDS-26OCT04GBTB-TBCGODWIN14-25,Chris Godwin Jr.: 25+ receiving yards,price moved +54c,0,54,54,0,0,0,False,,,
2026-10-02T00:36:23.711207+00:00,nfl,prop_recyds,KXNFLRECYDS-26OCT04GBTB-GBTKRAFT85-60,Tucker Kraft: 60+ receiving yards,volume spike x5.0,29,29,0,82,410,328,False,,,
2026-10-02T00:36:23.711207+00:00,nfl,prop_recyds,KXNFLRECYDS-26OCT04GBTB-GBCWATSON9-60,Christian Watson: 60+ receiving yards,price moved +57c,0,57,57,0,25,25,False,,,
2026-10-02T00:36:23.711207+00:00,nfl,prop_recyds,KXNFLRECYDS-26OCT04GBTB-GBCWATSON9-90,Christian Watson: 90+ receiving yards,price moved +30c,0,30,30,0,31,31,False,,,
2026-10-02T00:36:23.711207+00:00,nfl,prop_recyds,KXNFLRECYDS-26OCT04GBTB-GBJSMITH18-15,Jonnu Smith: 15+ receiving yards,volume spike x3.2,27,31,4,34,110,76,False,,,
2026-10-02T00:36:23.711207+00:00,nfl,prop_recyds,KXNFLRECYDS-26OCT04GBTB-GBMLLOYD32-15,MarShawn Lloyd: 15+ receiving yards,price moved +25c,0,25,25,0,270,270,False,,,
2026-10-02T00:36:23.711207+00:00,nfl,prop_recyds,KXNFLRECYDS-26OCT04GBTB-TBKGAINWELL1-10,Kenny Gainwell: 10+ receiving yards,price moved +48c,0,48,48,0,2,2,False,,,
2026-10-02T00:36:23.711207+00:00,nfl,prop_recyds,KXNFLRECYDS-26OCT04GBTB-TBKGAINWELL1-15,Kenny Gainwell: 15+ receiving yards,price moved +39c,0,39,39,0,45,45,False,,,
2026-10-02T00:36:23.711207+00:00,nfl,prop_recyds,KXNFLRECYDS-26OCT04GBTB-TBKGAINWELL1-25,Kenny Gainwell: 25+ receiving yards,price moved +18c,0,18,18,0,249,249,False,,,
2026-10-02T00:36:23.711207+00:00,nfl,prop_recyds,KXNFLRECYDS-26OCT04JACCIN-JACBTUTEN33-25,Bhayshul Tuten: 25+ receiving yards,price moved +16c,0,16,16,0,4,4,False,,,
2026-10-02T00:36:23.711207+00:00,nfl,prop_recyds,KXNFLRECYDS-26OCT04LARPHI-PHIMLEMON9-15,Makai Lemon: 15+ receiving yards,price moved +85c,0,85,85,0,15,15,False,,,
2026-10-02T00:36:23.711207+00:00,nfl,prop_recyds,KXNFLRECYDS-26OCT04LARPHI-PHIMLEMON9-40,Makai Lemon: 40+ receiving yards,price moved +11c,32,43,11,1760,9297,7537,False,,,
2026-10-02T00:36:23.711207+00:00,nfl,prop_recyds,KXNFLRECYDS-26OCT04LARPHI-PHIMLEMON9-40,Makai Lemon: 40+ receiving yards,volume spike x5.3,32,43,11,1760,9297,7537,False,,,
2026-10-02T00:36:23.711207+00:00,nfl,prop_recyds,KXNFLRECYDS-26OCT04LARPHI-PHIMLEMON9-50,Makai Lemon: 50+ receiving yards,price moved +11c,21,32,11,1760,6193,4433,False,,,
2026-10-02T00:36:23.711207+00:00,nfl,prop_recyds,KXNFLRECYDS-26OCT04LARPHI-PHIMLEMON9-50,Makai Lemon: 50+ receiving yards,volume spike x3.5,21,32,11,1760,6193,4433,False,,,
2026-10-02T00:36:23.711207+00:00,nfl,prop_recyds,KXNFLRECYDS-26OCT04LARPHI-PHIMLEMON9-80,Makai Lemon: 80+ receiving yards,price moved +12c,0,12,12,0,1064,1064,False,,,
2026-10-02T00:36:23.711207+00:00,nfl,prop_recyds,KXNFLRECYDS-26OCT04LARPHI-PHIDSMITH6-40,DeVonta Smith: 40+ receiving yards,price moved -30c,75,45,-30,1,593,592,False,,,
2026-10-02T00:36:23.711207+00:00,nfl,prop_recyds,KXNFLRECYDS-26OCT04LARPHI-PHIDSMITH6-40,DeVonta Smith: 40+ receiving yards,volume spike x593.0,75,45,-30,1,593,592,False,,,
2026-10-02T00:36:23.711207+00:00,nfl,prop_recyds,KXNFLRECYDS-26OCT04LARPHI-PHIDSMITH6-70,DeVonta Smith: 70+ receiving yards,price moved -14c,46,32,-14,0,200,200,False,,,
2026-10-02T00:36:23.711207+00:00,nfl,prop_recyds,KXNFLRECYDS-26OCT04LARPHI-PHIDSMITH6-120,DeVonta Smith: 120+ receiving yards,price moved -7c,14,7,-7,61,143,82,False,,,
2026-10-02T00:36:23.711207+00:00,nfl,prop_recyds,KXNFLRECYDS-26OCT04LARPHI-PHIDWICKS13-25,Dontayvion Wicks: 25+ receiving yards,price moved +77c,0,77,77,0,1175,1175,False,,,
2026-10-02T00:36:23.711207+00:00,nfl,prop_recyds,KXNFLRECYDS-26OCT04LARPHI-PHIDWICKS13-40,Dontayvion Wicks: 40+ receiving yards,price moved +11c,56,67,11,896,9249,8353,False,,,
2026-10-02T00:36:23.711207+00:00,nfl,prop_recyds,KXNFLRECYDS-26OCT04LARPHI-PHIDWICKS13-40,Dontayvion Wicks: 40+ receiving yards,volume spike x10.3,56,67,11,896,9249,8353,False,,,
2026-10-02T00:36:23.711207+00:00,nfl,prop_recyds,KXNFLRECYDS-26OCT04LARPHI-PHIDWICKS13-50,Dontayvion Wicks: 50+ receiving yards,price moved +13c,43,56,13,4,9006,9002,False,,,
2026-10-02T00:36:23.711207+00:00,nfl,prop_recyds,KXNFLRECYDS-26OCT04LARPHI-PHIDWICKS13-50,Dontayvion Wicks: 50+ receiving yards,volume spike x2251.5,43,56,13,4,9006,9002,False,,,
2026-10-02T00:36:23.711207+00:00,nfl,prop_recyds,KXNFLRECYDS-26OCT04LARPHI-PHIDWICKS13-60,Dontayvion Wicks: 60+ receiving yards,price moved +48c,0,48,48,0,6168,6168,False,,,
2026-10-02T00:36:23.711207+00:00,nfl,prop_recyds,KXNFLRECYDS-26OCT04LARPHI-PHIDWICKS13-70,Dontayvion Wicks: 70+ receiving yards,price moved +10c,22,32,10,25,3775,3750,False,,,
2026-10-02T00:36:23.711207+00:00,nfl,prop_recyds,KXNFLRECYDS-26OCT04LARPHI-PHIDWICKS13-70,Dontayvion Wicks: 70+ receiving yards,volume spike x151.0,22,32,10,25,3775,3750,False,,,
2026-10-02T00:36:23.711207+00:00,nfl,prop_recyds,KXNFLRECYDS-26OCT04LARPHI-PHIDWICKS13-80,Dontayvion Wicks: 80+ receiving yards,volume spike x34.6,15,21,6,43,1489,1446,False,,,
2026-10-02T00:36:23.711207+00:00,nfl,prop_recyds,KXNFLRECYDS-26OCT04LARPHI-PHIDWICKS13-90,Dontayvion Wicks: 90+ receiving yards,price moved +10c,0,10,10,0,5,5,False,,,
2026-10-02T00:36:23.711207+00:00,nfl,prop_recyds,KXNFLRECYDS-26OCT04LARPHI-PHIDWICKS13-100,Dontayvion Wicks: 100+ receiving yards,price moved +12c,0,12,12,0,36,36,False,,,
2026-10-02T00:36:23.711207+00:00,nfl,prop_recyds,KXNFLRECYDS-26OCT04LARPHI-PHIDWICKS13-110,Dontayvion Wicks: 110+ receiving yards,price moved +9c,0,9,9,0,18,18,False,,,
2026-10-02T00:36:23.711207+00:00,nfl,prop_recyds,KXNFLRECYDS-26OCT04NEBUF-BUFKSHAKIR10-40,Khalil Shakir: 40+ receiving yards,price moved +45c,0,45,45,0,9,9,False,,,
2026-10-02T00:36:23.711207+00:00,nfl,prop_recyds,KXNFLRECYDS-26OCT04NYJCHI-CHICLOVELAND84-70,Colston Loveland: 70+ receiving yards,price moved +9c,0,9,9,0,4,4,False,,,
2026-10-02T00:36:23.711207+00:00,nfl,prop_recyds,KXNFLRECYDS-26OCT04NYJCHI-CHIRODUNZE15-60,Rome Odunze: 60+ receiving yards,volume spike x4.4,19,19,0,37,162,125,False,,,
2026-10-02T00:36:23.711207+00:00,nfl,prop_recyds,KXNFLRECYDS-26OCT04NYJCHI-NYJGWILSON5-50,Garrett Wilson: 50+ receiving yards,price moved +75c,0,75,75,0,1,1,False,,,
2026-10-02T00:36:23.711207+00:00,nfl,prop_recyds,KXNFLRECYDS-26OCT04TENBAL-BALRBATEMAN7-40,Rashod Bateman: 40+ receiving yards,price moved +38c,0,38,38,0,658,658,False,,,
2026-10-02T00:36:23.711207+00:00,nfl,prop_recyds,KXNFLRECYDS-26OCT04TENBAL-BALZFLOWERS4-50,Zay Flowers: 50+ receiving yards,volume spike x5.4,66,70,4,32,172,140,False,,,
2026-10-02T00:36:23.711207+00:00,nfl,prop_recyds,KXNFLRECYDS-26OCT04TENBAL-BALZFLOWERS4-70,Zay Flowers: 70+ receiving yards,volume spike x10.2,50,48,-2,68,696,628,False,,,
2026-10-02T00:36:23.711207+00:00,nfl,prop_recyds,KXNFLRECYDS-26OCT04TENBAL-TENGHELM84-15,Gunnar Helm: 15+ receiving yards,price moved +60c,0,60,60,0,1760,1760,False,,,
2026-10-02T00:36:23.711207+00:00,nfl,prop_recyds,KXNFLRECYDS-26OCT04TENBAL-TENCTATE14-50,Carnell Tate: 50+ receiving yards,price moved +42c,0,42,42,0,1,1,False,,,
2026-10-02T00:36:23.711207+00:00,nfl,prop_recyds,KXNFLRECYDS-26OCT04TENBAL-TENCTATE14-60,Carnell Tate: 60+ receiving yards,price moved +26c,0,26,26,0,4,4,False,,,
2026-10-02T00:36:23.711207+00:00,nfl,prop_recyds,KXNFLRECYDS-26OCT04TENBAL-TENCRIDLEY0-15,Calvin Ridley: 15+ receiving yards,volume spike x4.3,30,32,2,23,98,75,False,,,
2026-10-02T00:36:23.711207+00:00,nfl,prop_recyds,KXNFLRECYDS-26OCT04MIAMIN-MIAGDULCICH85-50,Greg Dulcich: 50+ receiving yards,price moved +26c,0,26,26,0,36,36,False,,,
2026-10-02T00:36:23.711207+00:00,nfl,prop_recyds,KXNFLRECYDS-26OCT04MIAMIN-MIAGDULCICH85-60,Greg Dulcich: 60+ receiving yards,price moved +13c,0,13,13,0,4,4,False,,,
2026-10-02T00:36:23.711207+00:00,nfl,prop_recyds,KXNFLRECYDS-26OCT04MIAMIN-MIAMWASHINGTON6-40,Malik Washington: 40+ receiving yards,price moved +48c,0,48,48,0,201,201,False,,,
2026-10-02T00:36:23.711207+00:00,nfl,prop_recyds,KXNFLRECYDS-26OCT04DENSF-SFCMCCAFFREY23-60,Christian McCaffrey: 60+ receiving yards,price moved +27c,0,27,27,0,18,18,False,,,
2026-10-02T00:36:23.711207+00:00,nfl,prop_recyds,KXNFLRECYDS-26OCT04DENSF-DENRHARVEY12-40,RJ Harvey: 40+ receiving yards,price moved +22c,0,22,22,0,8,8,False,,,
2026-10-02T00:36:23.711207+00:00,nfl,prop_recyds,KXNFLRECYDS-26OCT04KCLV-KCEJOHNSON10-15,Emmett Johnson: 15+ receiving yards,price moved +36c,0,36,36,0,0,0,False,,,
2026-10-02T00:36:23.711207+00:00,nfl,prop_recyds,KXNFLRECYDS-26OCT04KCLV-KCRRICE4-70,Rashee Rice: 70+ receiving yards,price moved +35c,0,35,35,0,27,27,False,,,
2026-10-02T00:36:23.711207+00:00,nfl,prop_recyds,KXNFLRECYDS-26OCT04KCLV-KCRRICE4-100,Rashee Rice: 100+ receiving yards,price moved +15c,0,15,15,0,980,980,False,,,
2026-10-02T00:36:23.711207+00:00,nfl,prop_recyds,KXNFLRECYDS-26OCT04KCLV-KCTTHORNTON2-60,Tyquan Thornton: 60+ receiving yards,price moved +13c,0,13,13,0,36,36,False,,,
2026-10-02T00:36:23.711207+00:00,nfl,prop_recyds,KXNFLRECYDS-26OCT04DETCAR-DETJGIBBS0-50,Jahmyr Gibbs: 50+ receiving yards,volume spike x16.5,32,31,-1,4,66,62,False,,,
2026-10-02T00:36:23.711207+00:00,nfl,prop_recyds,KXNFLRECYDS-26OCT04DETCAR-CARDWALLER88-15,Darren Waller: 15+ receiving yards,price moved +73c,0,73,73,0,73,73,False,,,
2026-10-02T00:36:23.711207+00:00,nfl,prop_recyds,KXNFLRECYDS-26OCT04DETCAR-CARDWALLER88-80,Darren Waller: 80+ receiving yards,price moved +10c,0,10,10,0,11,11,False,,,
2026-10-02T00:36:23.711207+00:00,nfl,prop_recyds,KXNFLRECYDS-26OCT05ATLNO-NODVELE14-60,Devaughn Vele: 60+ receiving yards,price moved +34c,0,34,34,0,138,138,False,,,
2026-10-02T00:36:23.711207+00:00,nfl,prop_recyds,KXNFLRECYDS-26OCT05ATLNO-ATLKPITTS8-25,Kyle Pitts Sr.: 25+ receiving yards,price moved +54c,0,54,54,0,25,25,False,,,
2026-10-02T00:36:23.711207+00:00,nfl,prop_rec,KXNFLREC-26OCT01PITCLE-CLEDBOSTON12-2,Denzel Boston: 2+ receptions,price moved +12c,78,90,12,241,480,239,True,"Live: CLE 0, PIT 0 -- 5:48 - 1st",live_score_auto,2026-10-02T00:36:23.711207+00:00
2026-10-02T00:36:23.711207+00:00,nfl,prop_rec,KXNFLREC-26OCT01PITCLE-CLEDBOSTON12-3,Denzel Boston: 3+ receptions,price moved +20c,57,77,20,2998,17602,14604,True,"Live: CLE 0, PIT 0 -- 5:48 - 1st",live_score_auto,2026-10-02T00:36:23.711207+00:00
2026-10-02T00:36:23.711207+00:00,nfl,prop_rec,KXNFLREC-26OCT01PITCLE-CLEDBOSTON12-3,Denzel Boston: 3+ receptions,volume spike x5.9,57,77,20,2998,17602,14604,True,"Live: CLE 0, PIT 0 -- 5:48 - 1st",live_score_auto,2026-10-02T00:36:23.711207+00:00
2026-10-02T00:36:23.711207+00:00,nfl,prop_rec,KXNFLREC-26OCT01PITCLE-CLEDBOSTON12-4,Denzel Boston: 4+ receptions,price moved +18c,37,55,18,1989,3900,1911,True,"Live: CLE 0, PIT 0 -- 5:48 - 1st",live_score_auto,2026-10-02T00:36:23.711207+00:00
2026-10-02T00:36:23.711207+00:00,nfl,prop_rec,KXNFLREC-26OCT01PITCLE-CLEDBOSTON12-5,Denzel Boston: 5+ receptions,price moved +13c,19,32,13,374,8864,8490,True,"Live: CLE 0, PIT 0 -- 5:48 - 1st",live_score_auto,2026-10-02T00:36:23.711207+00:00
2026-10-02T00:36:23.711207+00:00,nfl,prop_rec,KXNFLREC-26OCT01PITCLE-CLEDBOSTON12-5,Denzel Boston: 5+ receptions,volume spike x23.7,19,32,13,374,8864,8490,True,"Live: CLE 0, PIT 0 -- 5:48 - 1st",live_score_auto,2026-10-02T00:36:23.711207+00:00
2026-10-02T00:36:23.711207+00:00,nfl,prop_rec,KXNFLREC-26OCT01PITCLE-CLEDBOSTON12-6,Denzel Boston: 6+ receptions,price moved +14c,9,23,14,837,5469,4632,True,"Live: CLE 0, PIT 0 -- 5:48 - 1st",live_score_auto,2026-10-02T00:36:23.711207+00:00
2026-10-02T00:36:23.711207+00:00,nfl,prop_rec,KXNFLREC-26OCT01PITCLE-CLEDBOSTON12-6,Denzel Boston: 6+ receptions,volume spike x6.5,9,23,14,837,5469,4632,True,"Live: CLE 0, PIT 0 -- 5:48 - 1st",live_score_auto,2026-10-02T00:36:23.711207+00:00
2026-10-02T00:36:23.711207+00:00,nfl,prop_rec,KXNFLREC-26OCT01PITCLE-CLEHFANNIN44-3,Harold Fannin Jr.: 3+ receptions,price moved -9c,81,72,-9,1179,1989,810,True,"Live: CLE 0, PIT 0 -- 5:48 - 1st",live_score_auto,2026-10-02T00:36:23.711207+00:00
2026-10-02T00:36:23.711207+00:00,nfl,prop_rec,KXNFLREC-26OCT01PITCLE-CLEHFANNIN44-4,Harold Fannin Jr.: 4+ receptions,volume spike x3.8,65,71,6,717,2739,2022,True,"Live: CLE 0, PIT 0 -- 5:48 - 1st",live_score_auto,2026-10-02T00:36:23.711207+00:00
2026-10-02T00:36:23.711207+00:00,nfl,prop_rec,KXNFLREC-26OCT01PITCLE-CLEHFANNIN44-5,Harold Fannin Jr.: 5+ receptions,price moved -7c,48,41,-7,6112,19879,13767,True,"Live: CLE 0, PIT 0 -- 5:48 - 1st",live_score_auto,2026-10-02T00:36:23.711207+00:00
2026-10-02T00:36:23.711207+00:00,nfl,prop_rec,KXNFLREC-26OCT01PITCLE-CLEHFANNIN44-5,Harold Fannin Jr.: 5+ receptions,volume spike x3.3,48,41,-7,6112,19879,13767,True,"Live: CLE 0, PIT 0 -- 5:48 - 1st",live_score_auto,2026-10-02T00:36:23.711207+00:00
2026-10-02T00:36:23.711207+00:00,nfl,prop_rec,KXNFLREC-26OCT01PITCLE-CLEHFANNIN44-6,Harold Fannin Jr.: 6+ receptions,price moved +17c,32,49,17,485,2590,2105,True,"Live: CLE 0, PIT 0 -- 5:48 - 1st",live_score_auto,2026-10-02T00:36:23.711207+00:00
2026-10-02T00:36:23.711207+00:00,nfl,prop_rec,KXNFLREC-26OCT01PITCLE-CLEHFANNIN44-6,Harold Fannin Jr.: 6+ receptions,volume spike x5.3,32,49,17,485,2590,2105,True,"Live: CLE 0, PIT 0 -- 5:48 - 1st",live_score_auto,2026-10-02T00:36:23.711207+00:00
2026-10-02T00:36:23.711207+00:00,nfl,prop_rec,KXNFLREC-26OCT01PITCLE-CLEHFANNIN44-9,Harold Fannin Jr.: 9+ receptions,volume spike x6.2,6,8,2,227,1412,1185,True,"Live: CLE 0, PIT 0 -- 5:48 - 1st",live_score_auto,2026-10-02T00:36:23.711207+00:00
2026-10-02T00:36:23.711207+00:00,nfl,prop_rec,KXNFLREC-26OCT01PITCLE-CLEJJEUDY3-4,Jerry Jeudy: 4+ receptions,volume spike x4.1,8,8,0,5835,24161,18326,True,"Live: CLE 0, PIT 0 -- 5:48 - 1st",live_score_auto,2026-10-02T00:36:23.711207+00:00
2026-10-02T00:36:23.711207+00:00,nfl,prop_rec,KXNFLREC-26OCT01PITCLE-CLEJJEUDY3-5,Jerry Jeudy: 5+ receptions,volume spike x37.8,4,5,1,473,17888,17415,True,"Live: CLE 0, PIT 0 -- 5:48 - 1st",live_score_auto,2026-10-02T00:36:23.711207+00:00
2026-10-02T00:36:23.711207+00:00,nfl,prop_rec,KXNFLREC-26OCT01PITCLE-PITPFREIERMUTH88-3,Pat Freiermuth: 3+ receptions,volume spike x39.3,62,64,2,296,11639,11343,True,"Live: CLE 0, PIT 0 -- 5:48 - 1st",live_score_auto,2026-10-02T00:36:23.711207+00:00
2026-10-02T00:36:23.711207+00:00,nfl,prop_rec,KXNFLREC-26OCT01PITCLE-PITPFREIERMUTH88-4,Pat Freiermuth: 4+ receptions,price moved -8c,41,33,-8,33788,40583,6795,True,"Live: CLE 0, PIT 0 -- 5:48 - 1st",live_score_auto,2026-10-02T00:36:23.711207+00:00
2026-10-02T00:36:23.711207+00:00,nfl,prop_rec,KXNFLREC-26OCT01PITCLE-PITPFREIERMUTH88-7,Pat Freiermuth: 7+ receptions,price moved +11c,0,11,11,0,52,52,True,"Live: CLE 0, PIT 0 -- 5:48 - 1st",live_score_auto,2026-10-02T00:36:23.711207+00:00
2026-10-02T00:36:23.711207+00:00,nfl,prop_rec,KXNFLREC-26OCT01PITCLE-PITDMETCALF4-2,DK Metcalf: 2+ receptions,price moved +13c,86,99,13,1815,5334,3519,True,"Live: CLE 0, PIT 0 -- 5:48 - 1st",live_score_auto,2026-10-02T00:36:23.711207+00:00
2026-10-02T00:36:23.711207+00:00,nfl,prop_rec,KXNFLREC-26OCT01PITCLE-PITDMETCALF4-3,DK Metcalf: 3+ receptions,price moved +14c,73,87,14,388,1302,914,True,"Live: CLE 0, PIT 0 -- 5:48 - 1st",live_score_auto,2026-10-02T00:36:23.711207+00:00
2026-10-02T00:36:23.711207+00:00,nfl,prop_rec,KXNFLREC-26OCT01PITCLE-PITDMETCALF4-3,DK Metcalf: 3+ receptions,volume spike x3.4,73,87,14,388,1302,914,True,"Live: CLE 0, PIT 0 -- 5:48 - 1st",live_score_auto,2026-10-02T00:36:23.711207+00:00
2026-10-02T00:36:23.711207+00:00,nfl,prop_rec,KXNFLREC-26OCT01PITCLE-PITDMETCALF4-4,DK Metcalf: 4+ receptions,price moved +40c,56,96,40,40201,59239,19038,True,"Live: CLE 0, PIT 0 -- 5:48 - 1st",live_score_auto,2026-10-02T00:36:23.711207+00:00
2026-10-02T00:36:23.711207+00:00,nfl,prop_rec,KXNFLREC-26OCT01PITCLE-PITDMETCALF4-5,DK Metcalf: 5+ receptions,price moved +32c,37,69,32,14923,22998,8075,True,"Live: CLE 0, PIT 0 -- 5:48 - 1st",live_score_auto,2026-10-02T00:36:23.711207+00:00
2026-10-02T00:36:23.711207+00:00,nfl,prop_rec,KXNFLREC-26OCT01PITCLE-PITDMETCALF4-6,DK Metcalf: 6+ receptions,price moved +25c,23,48,25,1511,3966,2455,True,"Live: CLE 0, PIT 0 -- 5:48 - 1st",live_score_auto,2026-10-02T00:36:23.711207+00:00
2026-10-02T00:36:23.711207+00:00,nfl,prop_rec,KXNFLREC-26OCT01PITCLE-PITDMETCALF4-7,DK Metcalf: 7+ receptions,price moved +17c,13,30,17,452,13156,12704,True,"Live: CLE 0, PIT 0 -- 5:48 - 1st",live_score_auto,2026-10-02T00:36:23.711207+00:00
2026-10-02T00:36:23.711207+00:00,nfl,prop_rec,KXNFLREC-26OCT01PITCLE-PITDMETCALF4-7,DK Metcalf: 7+ receptions,volume spike x29.1,13,30,17,452,13156,12704,True,"Live: CLE 0, PIT 0 -- 5:48 - 1st",live_score_auto,2026-10-02T00:36:23.711207+00:00
2026-10-02T00:36:23.711207+00:00,nfl,prop_rec,KXNFLREC-26OCT01PITCLE-PITDMETCALF4-8,DK Metcalf: 8+ receptions,price moved +29c,0,29,29,0,800,800,True,"Live: CLE 0, PIT 0 -- 5:48 - 1st",live_score_auto,2026-10-02T00:36:23.711207+00:00
2026-10-02T00:36:23.711207+00:00,nfl,prop_rec,KXNFLREC-26OCT01PITCLE-PITDMETCALF4-9,DK Metcalf: 9+ receptions,price moved +9c,0,9,9,0,1216,1216,True,"Live: CLE 0, PIT 0 -- 5:48 - 1st",live_score_auto,2026-10-02T00:36:23.711207+00:00
2026-10-02T00:36:23.711207+00:00,nfl,prop_rec,KXNFLREC-26OCT01PITCLE-PITMPITTMAN11-3,Michael Pittman Jr.: 3+ receptions,volume spike x4.5,66,65,-1,45,201,156,True,"Live: CLE 0, PIT 0 -- 5:48 - 1st",live_score_auto,2026-10-02T00:36:23.711207+00:00
2026-10-02T00:36:23.711207+00:00,nfl,prop_rec,KXNFLREC-26OCT01PITCLE-PITMPITTMAN11-7,Michael Pittman Jr.: 7+ receptions,price moved +8c,0,8,8,0,9199,9199,True,"Live: CLE 0, PIT 0 -- 5:48 - 1st",live_score_auto,2026-10-02T00:36:23.711207+00:00
2026-10-02T00:36:23.711207+00:00,nfl,prop_rec,KXNFLREC-26OCT01PITCLE-PITJWARREN30-2,Jaylen Warren: 2+ receptions,volume spike x11.1,86,90,4,131,1459,1328,True,"Live: CLE 0, PIT 0 -- 5:48 - 1st",live_score_auto,2026-10-02T00:36:23.711207+00:00
2026-10-02T00:36:23.711207+00:00,nfl,prop_rec,KXNFLREC-26OCT01PITCLE-PITJWARREN30-3,Jaylen Warren: 3+ receptions,price moved +23c,67,90,23,1518,4322,2804,True,"Live: CLE 0, PIT 0 -- 5:48 - 1st",live_score_auto,2026-10-02T00:36:23.711207+00:00
2026-10-02T00:36:23.711207+00:00,nfl,prop_rec,KXNFLREC-26OCT01PITCLE-PITJWARREN30-4,Jaylen Warren: 4+ receptions,price moved +14c,50,64,14,15952,32243,16291,True,"Live: CLE 0, PIT 0 -- 5:48 - 1st",live_score_auto,2026-10-02T00:36:23.711207+00:00
2026-10-02T00:36:23.711207+00:00,nfl,prop_rec,KXNFLREC-26OCT01PITCLE-PITJWARREN30-5,Jaylen Warren: 5+ receptions,price moved +22c,31,53,22,3543,5788,2245,True,"Live: CLE 0, PIT 0 -- 5:48 - 1st",live_score_auto,2026-10-02T00:36:23.711207+00:00
2026-10-02T00:36:23.711207+00:00,nfl,prop_rec,KXNFLREC-26OCT01PITCLE-PITDWASHINGTON80-2,Darnell Washington: 2+ receptions,price moved +28c,58,86,28,20227,32696,12469,True,"Live: CLE 0, PIT 0 -- 5:48 - 1st",live_score_auto,2026-10-02T00:36:23.711207+00:00
2026-10-02T00:36:23.711207+00:00,nfl,prop_rec,KXNFLREC-26OCT01PITCLE-PITDWASHINGTON80-3,Darnell Washington: 3+ receptions,price moved +21c,33,54,21,9116,15212,6096,True,"Live: CLE 0, PIT 0 -- 5:48 - 1st",live_score_auto,2026-10-02T00:36:23.711207+00:00
2026-10-02T00:36:23.711207+00:00,nfl,prop_rec,KXNFLREC-26OCT01PITCLE-PITDWASHINGTON80-4,Darnell Washington: 4+ receptions,price moved +14c,17,31,14,3728,4648,920,True,"Live: CLE 0, PIT 0 -- 5:48 - 1st",live_score_auto,2026-10-02T00:36:23.711207+00:00
2026-10-02T00:36:23.711207+00:00,nfl,prop_rec,KXNFLREC-26OCT01PITCLE-PITDWASHINGTON80-5,Darnell Washington: 5+ receptions,volume spike x4.2,8,14,6,622,2630,2008,True,"Live: CLE 0, PIT 0 -- 5:48 - 1st",live_score_auto,2026-10-02T00:36:23.711207+00:00
2026-10-02T00:36:23.711207+00:00,nfl,prop_rec,KXNFLREC-26OCT01PITCLE-CLEQJUDKINS10-2,Quinshon Judkins: 2+ receptions,price moved -8c,62,54,-8,1972,10925,8953,True,"Live: CLE 0, PIT 0 -- 5:48 - 1st",live_score_auto,2026-10-02T00:36:23.711207+00:00
2026-10-02T00:36:23.711207+00:00,nfl,prop_rec,KXNFLREC-26OCT01PITCLE-CLEQJUDKINS10-2,Quinshon Judkins: 2+ receptions,volume spike x5.5,62,54,-8,1972,10925,8953,True,"Live: CLE 0, PIT 0 -- 5:48 - 1st",live_score_auto,2026-10-02T00:36:23.711207+00:00
2026-10-02T00:36:23.711207+00:00,nfl,prop_rec,KXNFLREC-26OCT01PITCLE-CLEQJUDKINS10-6,Quinshon Judkins: 6+ receptions,volume spike x8.4,5,6,1,99,828,729,True,"Live: CLE 0, PIT 0 -- 5:48 - 1st",live_score_auto,2026-10-02T00:36:23.711207+00:00
2026-10-02T00:36:23.711207+00:00,nfl,prop_rec,KXNFLREC-26OCT01PITCLE-CLERSANDERS23-3,Raheim Sanders: 3+ receptions,price moved -7c,36,29,-7,26694,27851,1157,True,"Live: CLE 0, PIT 0 -- 5:48 - 1st",live_score_auto,2026-10-02T00:36:23.711207+00:00
2026-10-02T00:36:23.711207+00:00,nfl,prop_rec,KXNFLREC-26OCT01PITCLE-CLERSANDERS23-6,Raheim Sanders: 6+ receptions,volume spike x18.9,4,4,0,25,473,448,True,"Live: CLE 0, PIT 0 -- 5:48 - 1st",live_score_auto,2026-10-02T00:36:23.711207+00:00
2026-10-02T00:36:23.711207+00:00,nfl,prop_rec,KXNFLREC-26OCT01PITCLE-PITRWILSON14-3,Roman Wilson: 3+ receptions,price moved -7c,39,32,-7,47210,65967,18757,True,"Live: CLE 0, PIT 0 -- 5:48 - 1st",live_score_auto,2026-10-02T00:36:23.711207+00:00
2026-10-02T00:36:23.711207+00:00,nfl,prop_rec,KXNFLREC-26OCT01PITCLE-PITRWILSON14-6,Roman Wilson: 6+ receptions,volume spike x3.5,6,7,1,406,1401,995,True,"Live: CLE 0, PIT 0 -- 5:48 - 1st",live_score_auto,2026-10-02T00:36:23.711207+00:00
2026-10-02T00:36:23.711207+00:00,nfl,prop_rec,KXNFLREC-26OCT01PITCLE-PITGBERNARD17-2,Germie Bernard: 2+ receptions,price moved -7c,35,28,-7,5643,10954,5311,True,"Live: CLE 0, PIT 0 -- 5:48 - 1st",live_score_auto,2026-10-02T00:36:23.711207+00:00
2026-10-02T00:36:23.711207+00:00,nfl,prop_rec,KXNFLREC-26OCT01PITCLE-PITGBERNARD17-4,Germie Bernard: 4+ receptions,volume spike x5.2,8,8,0,5455,28600,23145,True,"Live: CLE 0, PIT 0 -- 5:48 - 1st",live_score_auto,2026-10-02T00:36:23.711207+00:00
2026-10-02T00:36:23.711207+00:00,nfl,prop_rec,KXNFLREC-26OCT01PITCLE-CLEBWHITEHEART86-1,Blake Whiteheart: 1+ receptions,volume spike x4.9,49,50,1,444,2190,1746,True,"Live: CLE 0, PIT 0 -- 5:48 - 1st",live_score_auto,2026-10-02T00:36:23.711207+00:00
2026-10-02T00:36:23.711207+00:00,nfl,prop_rec,KXNFLREC-26OCT01PITCLE-CLEBWHITEHEART86-2,Blake Whiteheart: 2+ receptions,volume spike x9.7,17,18,1,32,309,277,True,"Live: CLE 0, PIT 0 -- 5:48 - 1st",live_score_auto,2026-10-02T00:36:23.711207+00:00
2026-10-02T00:36:23.711207+00:00,nfl,prop_rec,KXNFLREC-26OCT04INDWAS-WASTMCLAURIN17-5,Terry McLaurin: 5+ receptions,price moved +42c,0,42,42,0,247,247,False,,,
2026-10-02T00:36:23.711207+00:00,nfl,prop_rec,KXNFLREC-26OCT04INDWAS-INDJDOWNS2-5,Josh Downs: 5+ receptions,price moved +61c,0,61,61,0,15,15,False,,,
2026-10-02T00:36:23.711207+00:00,nfl,prop_rec,KXNFLREC-26OCT04INDWAS-INDJTAYLOR28-4,Jonathan Taylor: 4+ receptions,price moved +29c,0,29,29,0,2,2,False,,,
2026-10-02T00:36:23.711207+00:00,nfl,prop_rec,KXNFLREC-26OCT04INDWAS-INDTWARREN84-7,Tyler Warren: 7+ receptions,price moved +29c,0,29,29,0,2,2,False,,,
2026-10-02T00:36:23.711207+00:00,nfl,prop_rec,KXNFLREC-26OCT04ARINYG-NYGILIKELY9-4,Isaiah Likely: 4+ receptions,price moved +60c,0,60,60,0,1,1,False,,,
2026-10-02T00:36:23.711207+00:00,nfl,prop_rec,KXNFLREC-26OCT04ARINYG-ARIKBOURNE17-2,Kendrick Bourne: 2+ receptions,price moved +67c,0,67,67,0,14,14,False,,,
2026-10-02T00:36:23.711207+00:00,nfl,prop_rec,KXNFLREC-26OCT04ARINYG-ARIMWILSON14-6,Michael Wilson: 6+ receptions,price moved +41c,0,41,41,0,200,200,False,,,
2026-10-02T00:36:23.711207+00:00,nfl,prop_rec,KXNFLREC-26OCT04DALHOU-HOUJNOEL13-2,Jaylin Noel: 2+ receptions,price moved +38c,0,38,38,0,2,2,False,,,
2026-10-02T00:36:23.711207+00:00,nfl,prop_rec,KXNFLREC-26OCT04DALHOU-DALGPICKENS3-5,George Pickens: 5+ receptions,price moved +55c,0,55,55,0,248,248,False,,,
2026-10-02T00:36:23.711207+00:00,nfl,prop_rec,KXNFLREC-26OCT04GBTB-GBJSMITH18-2,Jonnu Smith: 2+ receptions,price moved +35c,0,35,35,0,463,463,False,,,
2026-10-02T00:36:23.711207+00:00,nfl,prop_rec,KXNFLREC-26OCT04GBTB-GBJSMITH18-3,Jonnu Smith: 3+ receptions,price moved +15c,0,15,15,0,168,168,False,,,
2026-10-02T00:36:23.711207+00:00,nfl,prop_rec,KXNFLREC-26OCT04JACCIN-CINJCHASE1-8,Ja'Marr Chase: 8+ receptions,price moved +42c,0,42,42,0,18,18,False,,,
2026-10-02T00:36:23.711207+00:00,nfl,prop_rec,KXNFLREC-26OCT04JACCIN-CINJCHASE1-9,Ja'Marr Chase: 9+ receptions,price moved +30c,0,30,30,0,15,15,False,,,
2026-10-02T00:36:23.711207+00:00,nfl,prop_rec,KXNFLREC-26OCT04JACCIN-CINJCHASE1-10,Ja'Marr Chase: 10+ receptions,price moved +20c,0,20,20,0,13,13,False,,,
2026-10-02T00:36:23.711207+00:00,nfl,prop_rec,KXNFLREC-26OCT04JACCIN-JACPWASHINGTON11-6,Parker Washington: 6+ receptions,price moved +44c,0,44,44,0,21,21,False,,,
2026-10-02T00:36:23.711207+00:00,nfl,prop_rec,KXNFLREC-26OCT04LARPHI-PHISBARKLEY26-3,Saquon Barkley: 3+ receptions,price moved +39c,0,39,39,0,899,899,False,,,
2026-10-02T00:36:23.711207+00:00,nfl,prop_rec,KXNFLREC-26OCT04LARPHI-PHISBARKLEY26-4,Saquon Barkley: 4+ receptions,price moved +16c,0,16,16,0,49,49,False,,,
2026-10-02T00:36:23.711207+00:00,nfl,prop_rec,KXNFLREC-26OCT04LARPHI-PHIMLEMON9-2,Makai Lemon: 2+ receptions,price moved +85c,0,85,85,0,63,63,False,,,
2026-10-02T00:36:23.711207+00:00,nfl,prop_rec,KXNFLREC-26OCT04LARPHI-PHIMLEMON9-3,Makai Lemon: 3+ receptions,price moved +7c,56,63,7,232,7796,7564,False,,,
2026-10-02T00:36:23.711207+00:00,nfl,prop_rec,KXNFLREC-26OCT04LARPHI-PHIMLEMON9-3,Makai Lemon: 3+ receptions,volume spike x33.6,56,63,7,232,7796,7564,False,,,
2026-10-02T00:36:23.711207+00:00,nfl,prop_rec,KXNFLREC-26OCT04LARPHI-PHIMLEMON9-4,Makai Lemon: 4+ receptions,price moved +12c,37,49,12,34,575,541,False,,,
2026-10-02T00:36:23.711207+00:00,nfl,prop_rec,KXNFLREC-26OCT04LARPHI-PHIMLEMON9-4,Makai Lemon: 4+ receptions,volume spike x16.9,37,49,12,34,575,541,False,,,
2026-10-02T00:36:23.711207+00:00,nfl,prop_rec,KXNFLREC-26OCT04LARPHI-PHIMLEMON9-5,Makai Lemon: 5+ receptions,price moved +17c,15,32,17,79,837,758,False,,,
2026-10-02T00:36:23.711207+00:00,nfl,prop_rec,KXNFLREC-26OCT04LARPHI-PHIMLEMON9-5,Makai Lemon: 5+ receptions,volume spike x10.6,15,32,17,79,837,758,False,,,
2026-10-02T00:36:23.711207+00:00,nfl,prop_rec,KXNFLREC-26OCT04LARPHI-PHIMLEMON9-6,Makai Lemon: 6+ receptions,price moved +8c,12,20,8,15,532,517,False,,,
2026-10-02T00:36:23.711207+00:00,nfl,prop_rec,KXNFLREC-26OCT04LARPHI-PHIMLEMON9-6,Makai Lemon: 6+ receptions,volume spike x35.5,12,20,8,15,532,517,False,,,
2026-10-02T00:36:23.711207+00:00,nfl,prop_rec,KXNFLREC-26OCT04LARPHI-PHIMLEMON9-7,Makai Lemon: 7+ receptions,price moved +15c,0,15,15,0,37,37,False,,,
2026-10-02T00:36:23.711207+00:00,nfl,prop_rec,KXNFLREC-26OCT04LARPHI-PHIJMUNDT83-2,Johnny Mundt: 2+ receptions,price moved +40c,0,40,40,0,182,182,False,,,
2026-10-02T00:36:23.711207+00:00,nfl,prop_rec,KXNFLREC-26OCT04LARPHI-PHIDWICKS13-2,Dontayvion Wicks: 2+ receptions,price moved +88c,0,88,88,0,38,38,False,,,
2026-10-02T00:36:23.711207+00:00,nfl,prop_rec,KXNFLREC-26OCT04LARPHI-PHIDWICKS13-3,Dontayvion Wicks: 3+ receptions,price moved +72c,0,72,72,0,515,515,False,,,
2026-10-02T00:36:23.711207+00:00,nfl,prop_rec,KXNFLREC-26OCT04LARPHI-PHIDWICKS13-4,Dontayvion Wicks: 4+ receptions,price moved +15c,43,58,15,1044,10470,9426,False,,,
2026-10-02T00:36:23.711207+00:00,nfl,prop_rec,KXNFLREC-26OCT04LARPHI-PHIDWICKS13-4,Dontayvion Wicks: 4+ receptions,volume spike x10.0,43,58,15,1044,10470,9426,False,,,
2026-10-02T00:36:23.711207+00:00,nfl,prop_rec,KXNFLREC-26OCT04LARPHI-PHIDWICKS13-5,Dontayvion Wicks: 5+ receptions,price moved +43c,0,43,43,0,180,180,False,,,
2026-10-02T00:36:23.711207+00:00,nfl,prop_rec,KXNFLREC-26OCT04LARPHI-PHIDWICKS13-6,Dontayvion Wicks: 6+ receptions,price moved +28c,0,28,28,0,545,545,False,,,
2026-10-02T00:36:23.711207+00:00,nfl,prop_rec,KXNFLREC-26OCT04LARPHI-PHIDWICKS13-7,Dontayvion Wicks: 7+ receptions,price moved +26c,0,26,26,0,8,8,False,,,
2026-10-02T00:36:23.711207+00:00,nfl,prop_rec,KXNFLREC-26OCT04LARPHI-PHIDWICKS13-8,Dontayvion Wicks: 8+ receptions,price moved +18c,0,18,18,0,25,25,False,,,
2026-10-02T00:36:23.711207+00:00,nfl,prop_rec,KXNFLREC-26OCT04LARPHI-LARDADAMS17-5,Davante Adams: 5+ receptions,volume spike x4.1,54,50,-4,430,1762,1332,False,,,
2026-10-02T00:36:23.711207+00:00,nfl,prop_rec,KXNFLREC-26OCT04LARPHI-LARKWILLIAMS23-3,Kyren Williams: 3+ receptions,price moved +43c,0,43,43,0,4,4,False,,,
2026-10-02T00:36:23.711207+00:00,nfl,prop_rec,KXNFLREC-26OCT04NEBUF-BUFKSHAKIR10-4,Khalil Shakir: 4+ receptions,price moved +57c,0,57,57,0,1975,1975,False,,,
2026-10-02T00:36:23.711207+00:00,nfl,prop_rec,KXNFLREC-26OCT04NYJCHI-CHICKMET85-2,Cole Kmet: 2+ receptions,price moved +38c,0,38,38,0,6,6,False,,,
2026-10-02T00:36:23.711207+00:00,nfl,prop_rec,KXNFLREC-26OCT04NYJCHI-CHIKRAYMOND14-4,Kalif Raymond: 4+ receptions,price moved +45c,0,45,45,0,31,31,False,,,
2026-10-02T00:36:23.711207+00:00,nfl,prop_rec,KXNFLREC-26OCT04TENBAL-BALRBATEMAN7-3,Rashod Bateman: 3+ receptions,price moved +51c,0,51,51,0,400,400,False,,,
2026-10-02T00:36:23.711207+00:00,nfl,prop_rec,KXNFLREC-26OCT04TENBAL-TENGHELM84-3,Gunnar Helm: 3+ receptions,volume spike x3.9,54,56,2,83,327,244,False,,,
2026-10-02T00:36:23.711207+00:00,nfl,prop_rec,KXNFLREC-26OCT04TENBAL-TENCTATE14-5,Carnell Tate: 5+ receptions,price moved +44c,0,44,44,0,1050,1050,False,,,
2026-10-02T00:36:23.711207+00:00,nfl,prop_longrec,KXNFLLONGREC-26OCT01PITCLE-CLEDBOSTON12-19,Denzel Boston: longest reception over 18.5 yards,volume spike x3.5,54,57,3,1066,3681,2615,True,"Live: CLE 0, PIT 0 -- 5:48 - 1st",live_score_auto,2026-10-02T00:36:23.711207+00:00
2026-10-02T00:36:23.711207+00:00,nfl,prop_longrec,KXNFLLONGREC-26OCT01PITCLE-CLEQJUDKINS10-10,Quinshon Judkins: longest reception over 9.5 yards,price moved +32c,43,75,32,88,625,537,True,"Live: CLE 0, PIT 0 -- 5:48 - 1st",live_score_auto,2026-10-02T00:36:23.711207+00:00
2026-10-02T00:36:23.711207+00:00,nfl,prop_longrec,KXNFLLONGREC-26OCT01PITCLE-CLEQJUDKINS10-10,Quinshon Judkins: longest reception over 9.5 yards,volume spike x7.1,43,75,32,88,625,537,True,"Live: CLE 0, PIT 0 -- 5:48 - 1st",live_score_auto,2026-10-02T00:36:23.711207+00:00
2026-10-02T00:36:23.711207+00:00,nfl,prop_longrec,KXNFLLONGREC-26OCT01PITCLE-PITPFREIERMUTH88-15,Pat Freiermuth: longest reception over 14.5 yards,price moved -29c,51,22,-29,469,2674,2205,True,"Live: CLE 0, PIT 0 -- 5:48 - 1st",live_score_auto,2026-10-02T00:36:23.711207+00:00
2026-10-02T00:36:23.711207+00:00,nfl,prop_longrec,KXNFLLONGREC-26OCT01PITCLE-PITPFREIERMUTH88-15,Pat Freiermuth: longest reception over 14.5 yards,volume spike x5.7,51,22,-29,469,2674,2205,True,"Live: CLE 0, PIT 0 -- 5:48 - 1st",live_score_auto,2026-10-02T00:36:23.711207+00:00
2026-10-02T00:36:23.711207+00:00,nfl,prop_longrec,KXNFLLONGREC-26OCT01PITCLE-PITDMETCALF4-19,DK Metcalf: longest reception over 18.5 yards,volume spike x3.8,54,50,-4,1667,6271,4604,True,"Live: CLE 0, PIT 0 -- 5:48 - 1st",live_score_auto,2026-10-02T00:36:23.711207+00:00
2026-10-02T00:36:23.711207+00:00,nfl,prop_longrec,KXNFLLONGREC-26OCT01PITCLE-PITJWARREN30-12,Jaylen Warren: longest reception over 11.5 yards,price moved -25c,51,26,-25,382,2288,1906,True,"Live: CLE 0, PIT 0 -- 5:48 - 1st",live_score_auto,2026-10-02T00:36:23.711207+00:00
2026-10-02T00:36:23.711207+00:00,nfl,prop_longrec,KXNFLLONGREC-26OCT01PITCLE-PITJWARREN30-12,Jaylen Warren: longest reception over 11.5 yards,volume spike x6.0,51,26,-25,382,2288,1906,True,"Live: CLE 0, PIT 0 -- 5:48 - 1st",live_score_auto,2026-10-02T00:36:23.711207+00:00
2026-10-02T00:36:23.711207+00:00,nfl,prop_longrec,KXNFLLONGREC-26OCT01PITCLE-PITRWILSON14-13,Roman Wilson: longest reception over 12.5 yards,price moved +37c,51,88,37,1023,7595,6572,True,"Live: CLE 0, PIT 0 -- 5:48 - 1st",live_score_auto,2026-10-02T00:36:23.711207+00:00
2026-10-02T00:36:23.711207+00:00,nfl,prop_longrec,KXNFLLONGREC-26OCT01PITCLE-PITRWILSON14-13,Roman Wilson: longest reception over 12.5 yards,volume spike x7.4,51,88,37,1023,7595,6572,True,"Live: CLE 0, PIT 0 -- 5:48 - 1st",live_score_auto,2026-10-02T00:36:23.711207+00:00
2026-10-02T00:36:23.711207+00:00,nfl,prop_longrec,KXNFLLONGREC-26OCT01PITCLE-PITGBERNARD17-9,Germie Bernard: longest reception over 8.5 yards,price moved +22c,0,22,22,0,2322,2322,True,"Live: CLE 0, PIT 0 -- 5:48 - 1st",live_score_auto,2026-10-02T00:36:23.711207+00:00
2026-10-02T00:36:23.711207+00:00,nfl,prop_rryds,KXNFLRRYDS-26OCT01PITCLE-PITJWARREN30-90,Jaylen Warren: 90+ rushing and receiving yards combined,price moved +15c,64,79,15,31388,57507,26119,True,"Live: CLE 0, PIT 0 -- 5:48 - 1st",live_score_auto,2026-10-02T00:36:23.711207+00:00
2026-10-02T00:36:23.711207+00:00,nfl,prop_rryds,KXNFLRRYDS-26OCT01PITCLE-PITJWARREN30-115,Jaylen Warren: 115+ rushing and receiving yards combined,volume spike x3.5,43,46,3,13118,45580,32462,True,"Live: CLE 0, PIT 0 -- 5:48 - 1st",live_score_auto,2026-10-02T00:36:23.711207+00:00
2026-10-02T00:36:23.711207+00:00,nfl,prop_rryds,KXNFLRRYDS-26OCT01PITCLE-PITJWARREN30-140,Jaylen Warren: 140+ rushing and receiving yards combined,price moved +12c,23,35,12,4966,12324,7358,True,"Live: CLE 0, PIT 0 -- 5:48 - 1st",live_score_auto,2026-10-02T00:36:23.711207+00:00
2026-10-02T00:36:23.711207+00:00,nfl,prop_rryds,KXNFLRRYDS-26OCT01PITCLE-CLEQJUDKINS10-70,Quinshon Judkins: 70+ rushing and receiving yards combined,price moved -14c,52,38,-14,6534,23509,16975,True,"Live: CLE 0, PIT 0 -- 5:48 - 1st",live_score_auto,2026-10-02T00:36:23.711207+00:00
2026-10-02T00:36:23.711207+00:00,nfl,prop_rryds,KXNFLRRYDS-26OCT01PITCLE-CLEQJUDKINS10-70,Quinshon Judkins: 70+ rushing and receiving yards combined,volume spike x3.6,52,38,-14,6534,23509,16975,True,"Live: CLE 0, PIT 0 -- 5:48 - 1st",live_score_auto,2026-10-02T00:36:23.711207+00:00
2026-10-02T00:36:23.711207+00:00,nfl,prop_rryds,KXNFLRRYDS-26OCT01PITCLE-CLEQJUDKINS10-95,Quinshon Judkins: 95+ rushing and receiving yards combined,price moved -8c,28,20,-8,678,2946,2268,True,"Live: CLE 0, PIT 0 -- 5:48 - 1st",live_score_auto,2026-10-02T00:36:23.711207+00:00
2026-10-02T00:36:23.711207+00:00,nfl,prop_rryds,KXNFLRRYDS-26OCT01PITCLE-CLEQJUDKINS10-95,Quinshon Judkins: 95+ rushing and receiving yards combined,volume spike x4.3,28,20,-8,678,2946,2268,True,"Live: CLE 0, PIT 0 -- 5:48 - 1st",live_score_auto,2026-10-02T00:36:23.711207+00:00
2026-10-02T00:36:23.711207+00:00,nfl,prop_rryds,KXNFLRRYDS-26OCT01PITCLE-CLERSANDERS23-20,Raheim Sanders: 20+ rushing and receiving yards combined,volume spike x6.5,52,46,-6,2537,16518,13981,True,"Live: CLE 0, PIT 0 -- 5:48 - 1st",live_score_auto,2026-10-02T00:36:23.711207+00:00
2026-10-02T00:36:23.711207+00:00,nfl,prop_rryds,KXNFLRRYDS-26OCT01PITCLE-CLERSANDERS23-45,Raheim Sanders: 45+ rushing and receiving yards combined,volume spike x7.4,19,18,-1,1192,8799,7607,True,"Live: CLE 0, PIT 0 -- 5:48 - 1st",live_score_auto,2026-10-02T00:36:23.711207+00:00
2026-10-02T00:36:23.711207+00:00,nfl,prop_rryds,KXNFLRRYDS-26OCT04NEBUF-BUFJCOOK4-125,James Cook III: 125+ rushing and receiving yards combined,price moved +31c,0,31,31,0,170,170,False,,,
2026-10-02T00:36:23.711207+00:00,nfl,prop_rryds,KXNFLRRYDS-26OCT04NYJCHI-CHIDSWIFT4-80,D'Andre Swift: 80+ rushing and receiving yards combined,price moved +13c,59,72,13,1,8,7,False,,,
2026-10-02T00:36:23.711207+00:00,nfl,prop_td,KXNFLTD-26OCT01PITCLE-CLEDWATSON4-1,Deshaun Watson: 1+ touchdowns,volume spike x4.3,17,12,-5,101582,437173,335591,True,"Live: CLE 0, PIT 0 -- 5:48 - 1st",live_score_auto,2026-10-02T00:36:23.711207+00:00
2026-10-02T00:36:23.711207+00:00,nfl,prop_td,KXNFLTD-26OCT01PITCLE-CLEDBOSTON12-1,Denzel Boston: 1+ touchdowns,volume spike x4.2,22,21,-1,32824,138922,106098,True,"Live: CLE 0, PIT 0 -- 5:48 - 1st",live_score_auto,2026-10-02T00:36:23.711207+00:00
2026-10-02T00:36:23.711207+00:00,nfl,prop_td,KXNFLTD-26OCT01PITCLE-CLEDBOSTON12-2,Denzel Boston: 2+ touchdowns,volume spike x6.3,3,3,0,4589,29073,24484,True,"Live: CLE 0, PIT 0 -- 5:48 - 1st",live_score_auto,2026-10-02T00:36:23.711207+00:00
2026-10-02T00:36:23.711207+00:00,nfl,prop_td,KXNFLTD-26OCT01PITCLE-CLEHFANNIN44-1,Harold Fannin Jr.: 1+ touchdowns,volume spike x3.8,24,21,-3,59759,224542,164783,True,"Live: CLE 0, PIT 0 -- 5:48 - 1st",live_score_auto,2026-10-02T00:36:23.711207+00:00
2026-10-02T00:36:23.711207+00:00,nfl,prop_td,KXNFLTD-26OCT01PITCLE-CLEHFANNIN44-2,Harold Fannin Jr.: 2+ touchdowns,volume spike x3.7,4,3,-1,12113,44711,32598,True,"Live: CLE 0, PIT 0 -- 5:48 - 1st",live_score_auto,2026-10-02T00:36:23.711207+00:00
2026-10-02T00:36:23.711207+00:00,nfl,prop_td,KXNFLTD-26OCT01PITCLE-CLEJJEUDY3-1,Jerry Jeudy: 1+ touchdowns,volume spike x4.9,8,6,-2,52436,255007,202571,True,"Live: CLE 0, PIT 0 -- 5:48 - 1st",live_score_auto,2026-10-02T00:36:23.711207+00:00
2026-10-02T00:36:23.711207+00:00,nfl,prop_td,KXNFLTD-26OCT01PITCLE-CLEJJEUDY3-2,Jerry Jeudy: 2+ touchdowns,volume spike x4.0,1,1,0,9133,36566,27433,True,"Live: CLE 0, PIT 0 -- 5:48 - 1st",live_score_auto,2026-10-02T00:36:23.711207+00:00
2026-10-02T00:36:23.711207+00:00,nfl,prop_td,KXNFLTD-26OCT01PITCLE-CLEQJUDKINS10-1,Quinshon Judkins: 1+ touchdowns,price moved -11c,40,29,-11,30973,143847,112874,True,"Live: CLE 0, PIT 0 -- 5:48 - 1st",live_score_auto,2026-10-02T00:36:23.711207+00:00
2026-10-02T00:36:23.711207+00:00,nfl,prop_td,KXNFLTD-26OCT01PITCLE-CLEQJUDKINS10-1,Quinshon Judkins: 1+ touchdowns,volume spike x4.6,40,29,-11,30973,143847,112874,True,"Live: CLE 0, PIT 0 -- 5:48 - 1st",live_score_auto,2026-10-02T00:36:23.711207+00:00
2026-10-02T00:36:23.711207+00:00,nfl,prop_td,KXNFLTD-26OCT01PITCLE-CLEQJUDKINS10-2,Quinshon Judkins: 2+ touchdowns,volume spike x3.9,10,4,-6,6297,24683,18386,True,"Live: CLE 0, PIT 0 -- 5:48 - 1st",live_score_auto,2026-10-02T00:36:23.711207+00:00
2026-10-02T00:36:23.711207+00:00,nfl,prop_td,KXNFLTD-26OCT01PITCLE-PITGBERNARD17-2,Germie Bernard: 2+ touchdowns,volume spike x7.2,1,1,0,5412,38835,33423,True,"Live: CLE 0, PIT 0 -- 5:48 - 1st",live_score_auto,2026-10-02T00:36:23.711207+00:00
2026-10-02T00:36:23.711207+00:00,nfl,prop_td,KXNFLTD-26OCT01PITCLE-PITPFREIERMUTH88-1,Pat Freiermuth: 1+ touchdowns,volume spike x3.3,20,21,1,79496,260809,181313,True,"Live: CLE 0, PIT 0 -- 5:48 - 1st",live_score_auto,2026-10-02T00:36:23.711207+00:00
2026-10-02T00:36:23.711207+00:00,nfl,prop_td,KXNFLTD-26OCT01PITCLE-PITDMETCALF4-2,DK Metcalf: 2+ touchdowns,volume spike x4.2,5,6,1,20258,85761,65503,True,"Live: CLE 0, PIT 0 -- 5:48 - 1st",live_score_auto,2026-10-02T00:36:23.711207+00:00
2026-10-02T00:36:23.711207+00:00,nfl,prop_td,KXNFLTD-26OCT01PITCLE-PITDMETCALF4-3,DK Metcalf: 3+ touchdowns,volume spike x4.9,1,1,0,3631,17708,14077,True,"Live: CLE 0, PIT 0 -- 5:48 - 1st",live_score_auto,2026-10-02T00:36:23.711207+00:00
2026-10-02T00:36:23.711207+00:00,nfl,prop_td,KXNFLTD-26OCT01PITCLE-PITMPITTMAN11-1,Michael Pittman Jr.: 1+ touchdowns,volume spike x5.6,20,21,1,11657,65804,54147,True,"Live: CLE 0, PIT 0 -- 5:48 - 1st",live_score_auto,2026-10-02T00:36:23.711207+00:00
2026-10-02T00:36:23.711207+00:00,nfl,prop_td,KXNFLTD-26OCT01PITCLE-PITMPITTMAN11-2,Michael Pittman Jr.: 2+ touchdowns,volume spike x4.8,2,3,1,3425,16354,12929,True,"Live: CLE 0, PIT 0 -- 5:48 - 1st",live_score_auto,2026-10-02T00:36:23.711207+00:00
2026-10-02T00:36:23.711207+00:00,nfl,prop_td,KXNFLTD-26OCT01PITCLE-PITJWARREN30-3,Jaylen Warren: 3+ touchdowns,volume spike x12.8,2,3,1,5256,67371,62115,True,"Live: CLE 0, PIT 0 -- 5:48 - 1st",live_score_auto,2026-10-02T00:36:23.711207+00:00
2026-10-02T00:36:23.711207+00:00,nfl,prop_td,KXNFLTD-26OCT01PITCLE-PITRWILSON14-1,Roman Wilson: 1+ touchdowns,volume spike x4.2,16,13,-3,19046,79779,60733,True,"Live: CLE 0, PIT 0 -- 5:48 - 1st",live_score_auto,2026-10-02T00:36:23.711207+00:00
2026-10-02T00:36:23.711207+00:00,nfl,prop_td,KXNFLTD-26OCT01PITCLE-CLEJMCLAUGHLIN38-1,Jaleel McLaughlin: 1+ touchdowns,volume spike x3.9,4,3,-1,3091,12065,8974,True,"Live: CLE 0, PIT 0 -- 5:48 - 1st",live_score_auto,2026-10-02T00:36:23.711207+00:00
2026-10-02T00:36:23.711207+00:00,nfl,prop_td,KXNFLTD-26OCT01PITCLE-CLERSANDERS23-2,Raheim Sanders: 2+ touchdowns,volume spike x20.0,1,1,0,806,16156,15350,True,"Live: CLE 0, PIT 0 -- 5:48 - 1st",live_score_auto,2026-10-02T00:36:23.711207+00:00
2026-10-02T00:36:23.711207+00:00,nfl,prop_td,KXNFLTD-26OCT01PITCLE-PITBSKOWRONEK15-1,Ben Skowronek: 1+ touchdowns,volume spike x3.0,5,7,2,23180,70447,47267,True,"Live: CLE 0, PIT 0 -- 5:48 - 1st",live_score_auto,2026-10-02T00:36:23.711207+00:00
2026-10-02T00:36:23.711207+00:00,nfl,prop_td,KXNFLTD-26OCT04ARINYG-NYGNHARRIS23-1,Najee Harris: 1+ touchdowns,volume spike x6.7,19,22,3,12,80,68,False,,,
2026-10-02T00:36:23.711207+00:00,nfl,prop_td,KXNFLTD-26OCT04DALHOU-DALRFLOURNOY19-1,Ryan Flournoy: 1+ touchdowns,volume spike x3.7,19,20,1,147,538,391,False,,,
2026-10-02T00:36:23.711207+00:00,nfl,prop_td,KXNFLTD-26OCT04GBTB-GBGBDST-1,GB Packers D/ST: 1+ touchdowns,volume spike x4.5,15,15,0,16,72,56,False,,,
2026-10-02T00:36:23.711207+00:00,nfl,prop_td,KXNFLTD-26OCT04GBTB-TBKGAINWELL1-1,Kenny Gainwell: 1+ touchdowns,price moved +17c,0,17,17,0,662,662,False,,,
2026-10-02T00:36:23.711207+00:00,nfl,prop_td,KXNFLTD-26OCT04GBTB-GBMLLOYD32-1,MarShawn Lloyd: 1+ touchdowns,price moved +26c,0,26,26,0,0,0,False,,,
2026-10-02T00:36:23.711207+00:00,nfl,prop_td,KXNFLTD-26OCT04GBTB-GBJLOVE10-1,Jordan Love: 1+ touchdowns,volume spike x7.1,11,11,0,7,50,43,False,,,
2026-10-02T00:36:23.711207+00:00,nfl,prop_td,KXNFLTD-26OCT04GBTB-GBJLOVE10-2,Jordan Love: 2+ touchdowns,volume spike x46.5,2,2,0,72,3347,3275,False,,,
2026-10-02T00:36:23.711207+00:00,nfl,prop_td,KXNFLTD-26OCT04GBTB-GBJSMITH18-1,Jonnu Smith: 1+ touchdowns,price moved +12c,0,12,12,0,39,39,False,,,
2026-10-02T00:36:23.711207+00:00,nfl,prop_td,KXNFLTD-26OCT04JACCIN-CINTHIGGINS5-2,Tee Higgins: 2+ touchdowns,price moved +8c,0,8,8,0,105,105,False,,,
2026-10-02T00:36:23.711207+00:00,nfl,prop_td,KXNFLTD-26OCT04JACCIN-JACNBOERKIRCHER87-1,Nate Boerkircher: 1+ touchdowns,volume spike x7.6,7,8,1,9,68,59,False,,,
2026-10-02T00:36:23.711207+00:00,nfl,prop_td,KXNFLTD-26OCT04JACCIN-JACJMEYERS3-1,Jakobi Meyers: 1+ touchdowns,volume spike x96.0,27,27,0,3,288,285,False,,,
2026-10-02T00:36:23.711207+00:00,nfl,prop_td,KXNFLTD-26OCT04LARPHI-PHIMLEMON9-1,Makai Lemon: 1+ touchdowns,volume spike x166.6,15,21,6,182,30329,30147,False,,,
2026-10-02T00:36:23.711207+00:00,nfl,prop_td,KXNFLTD-26OCT04LARPHI-PHIWSHIPLEY28-1,Will Shipley: 1+ touchdowns,price moved +7c,0,7,7,0,541,541,False,,,
2026-10-02T00:36:23.711207+00:00,nfl,prop_td,KXNFLTD-26OCT04LARPHI-PHIDSMITH6-1,DeVonta Smith: 1+ touchdowns,volume spike x4.6,32,27,-5,235,1084,849,False,,,
2026-10-02T00:36:23.711207+00:00,nfl,prop_td,KXNFLTD-26OCT04LARPHI-PHIDWICKS13-2,Dontayvion Wicks: 2+ touchdowns,volume spike x128.3,3,6,3,40,5132,5092,False,,,
2026-10-02T00:36:23.711207+00:00,nfl,prop_td,KXNFLTD-26OCT04LARPHI-PHIZERTZ86-1,Zach Ertz: 1+ touchdowns,volume spike x265.2,13,16,3,72,19097,19025,False,,,
2026-10-02T00:36:23.711207+00:00,nfl,prop_td,KXNFLTD-26OCT04LARPHI-PHIDCOOPER80-1,Darius Cooper: 1+ touchdowns,price moved +13c,0,13,13,0,14458,14458,False,,,
2026-10-02T00:36:23.711207+00:00,nfl,prop_td,KXNFLTD-26OCT04NEBUF-BUFSBELL13-1,Skyler Bell: 1+ touchdowns,price moved +8c,0,8,8,0,23,23,False,,,
2026-10-02T00:36:23.711207+00:00,nfl,prop_td,KXNFLTD-26OCT04NYJCHI-NYJNYJDST-1,NY Jets D/ST: 1+ touchdowns,price moved +12c,0,12,12,0,27,27,False,,,
2026-10-02T00:36:23.711207+00:00,nfl,prop_td,KXNFLTD-26OCT04NYJCHI-CHIKMONANGAI25-1,Kyle Monangai: 1+ touchdowns,price moved +11c,33,44,11,78873,134525,55652,False,,,
2026-10-02T00:36:23.711207+00:00,nfl,prop_td,KXNFLTD-26OCT04NYJCHI-CHIKMONANGAI25-2,Kyle Monangai: 2+ touchdowns,price moved +8c,6,14,8,18733,19634,901,False,,,
2026-10-02T00:36:23.711207+00:00,nfl,prop_td,KXNFLTD-26OCT04NYJCHI-CHIRODUNZE15-1,Rome Odunze: 1+ touchdowns,price moved +22c,0,22,22,0,43,43,False,,,
2026-10-02T00:36:23.711207+00:00,nfl,prop_td,KXNFLTD-26OCT04TENBAL-TENTPOLLARD20-1,Tony Pollard: 1+ touchdowns,price moved -7c,36,29,-7,62,78,16,False,,,
2026-10-02T00:36:23.711207+00:00,nfl,prop_td,KXNFLTD-26OCT04TENBAL-TENCWARD1-1,Cam Ward: 1+ touchdowns,volume spike x8.7,14,12,-2,781,6781,6000,False,,,
2026-10-02T00:36:23.711207+00:00,nfl,prop_td,KXNFLTD-26OCT04TENBAL-BALMANDREWS89-1,Mark Andrews: 1+ touchdowns,volume spike x3.6,34,36,2,155,553,398,False,,,
2026-10-02T00:36:23.711207+00:00,nfl,prop_td,KXNFLTD-26OCT04TENBAL-BALCMOORE17-1,Chris Moore: 1+ touchdowns,price moved +11c,0,11,11,0,1000,1000,False,,,
2026-10-02T00:36:23.711207+00:00,nfl,prop_td,KXNFLTD-26OCT04TENBAL-TENEAYOMANOR5-1,Elic Ayomanor: 1+ touchdowns,price moved +12c,0,12,12,0,1000,1000,False,,,
2026-10-02T00:36:23.711207+00:00,nfl,prop_td,KXNFLTD-26OCT04TENBAL-TENTSPEARS2-1,Tyjae Spears: 1+ touchdowns,volume spike x61.2,13,15,2,83,5083,5000,False,,,
2026-10-02T00:36:23.711207+00:00,nfl,prop_td,KXNFLTD-26OCT04MIAMIN-MINAJONES33-2,Aaron Jones Sr.: 2+ touchdowns,price moved +19c,0,19,19,0,9,9,False,,,
2026-10-02T00:36:23.711207+00:00,nfl,prop_td,KXNFLTD-26OCT04MIAMIN-MINJJENNINGS14-2,Jauan Jennings: 2+ touchdowns,volume spike x63.4,3,3,0,10,634,624,False,,,
2026-10-02T00:36:23.711207+00:00,nfl,prop_td,KXNFLTD-26OCT04MIAMIN-MIAMWASHINGTON6-1,Malik Washington: 1+ touchdowns,price moved +16c,0,16,16,0,295,295,False,,,
2026-10-02T00:36:23.711207+00:00,nfl,prop_td,KXNFLTD-26OCT04DENSF-DENCSUTTON14-1,Courtland Sutton: 1+ touchdowns,volume spike x4.6,30,28,-2,32,147,115,False,,,
2026-10-02T00:36:23.711207+00:00,nfl,prop_td,KXNFLTD-26OCT04DENSF-SFLFARRELL89-1,Luke Farrell: 1+ touchdowns,volume spike x4.9,8,8,0,19,93,74,False,,,
2026-10-02T00:36:23.711207+00:00,nfl,prop_td,KXNFLTD-26OCT04LACSEA-SEAGHOLANI36-1,George Holani: 1+ touchdowns,price moved +23c,0,23,23,0,628,628,False,,,
2026-10-02T00:36:23.711207+00:00,nfl,prop_td,KXNFLTD-26OCT04LACSEA-SEAEWILSON23-1,Emanuel Wilson: 1+ touchdowns,volume spike x16.4,30,32,2,317,5204,4887,False,,,
2026-10-02T00:36:23.711207+00:00,nfl,prop_td,KXNFLTD-26OCT04LACSEA-LACLMCCONKEY15-1,Ladd McConkey: 1+ touchdowns,volume spike x4.6,23,21,-2,8,37,29,False,,,
2026-10-02T00:36:23.711207+00:00,nfl,prop_td,KXNFLTD-26OCT05ATLNO-NOCDONALDSON43-1,CJ Donaldson: 1+ touchdowns,volume spike x5.2,10,11,1,499,2611,2112,False,,,
2026-10-02T00:36:23.711207+00:00,nfl,prop_td,KXNFLTD-26OCT05ATLNO-NOJJOHNSON83-1,Juwan Johnson: 1+ touchdowns,volume spike x3.1,29,29,0,116,363,247,False,,,
2026-10-02T00:36:23.711207+00:00,nfl,prop_td,KXNFLTD-26OCT05ATLNO-NOAKAMARA41-2,Alvin Kamara: 2+ touchdowns,price moved +11c,0,11,11,0,42,42,False,,,
2026-10-02T00:36:23.711207+00:00,nfl,prop_td,KXNFLTD-26OCT05ATLNO-NODVELE14-3,Devaughn Vele: 3+ touchdowns,volume spike x121.6,5,1,-4,5,608,603,False,,,
2026-10-02T00:36:23.711207+00:00,nfl,prop_td,KXNFLTD-26OCT05ATLNO-ATLBROBINSON7-3,Bijan Robinson: 3+ touchdowns,price moved +7c,0,7,7,0,40,40,False,,,
2026-10-02T00:36:23.711207+00:00,nfl,prop_firsttd,KXNFLFIRSTTD-26OCT01PITCLE-CLECLEDST,CLE Browns D/ST: 1st Touchdown,volume spike x3.9,4,8,4,9640,38036,28396,True,"Live: CLE 0, PIT 0 -- 5:48 - 1st",live_score_auto,2026-10-02T00:36:23.711207+00:00
2026-10-02T00:36:23.711207+00:00,nfl,prop_firsttd,KXNFLFIRSTTD-26OCT01PITCLE-PITPITDST,PIT Steelers D/ST: 1st Touchdown,volume spike x4.9,4,3,-1,14639,71386,56747,True,"Live: CLE 0, PIT 0 -- 5:48 - 1st",live_score_auto,2026-10-02T00:36:23.711207+00:00
2026-10-02T00:36:23.711207+00:00,nfl,prop_firsttd,KXNFLFIRSTTD-26OCT01PITCLE-PITNO-TD,No Touchdown: 1st Touchdown,volume spike x4.4,2,3,1,19669,86615,66946,True,"Live: CLE 0, PIT 0 -- 5:48 - 1st",live_score_auto,2026-10-02T00:36:23.711207+00:00
2026-10-02T00:36:23.711207+00:00,nfl,prop_firsttd,KXNFLFIRSTTD-26OCT01PITCLE-CLEDBOSTON12,Denzel Boston: 1st Touchdown,volume spike x6.4,6,6,0,43155,276014,232859,True,"Live: CLE 0, PIT 0 -- 5:48 - 1st",live_score_auto,2026-10-02T00:36:23.711207+00:00
2026-10-02T00:36:23.711207+00:00,nfl,prop_firsttd,KXNFLFIRSTTD-26OCT01PITCLE-CLEHFANNIN44,Harold Fannin Jr.: 1st Touchdown,volume spike x5.9,7,6,-1,71003,420379,349376,True,"Live: CLE 0, PIT 0 -- 5:48 - 1st",live_score_auto,2026-10-02T00:36:23.711207+00:00
2026-10-02T00:36:23.711207+00:00,nfl,prop_firsttd,KXNFLFIRSTTD-26OCT01PITCLE-CLEJJEUDY3,Jerry Jeudy: 1st Touchdown,volume spike x3.8,3,4,1,27833,104934,77101,True,"Live: CLE 0, PIT 0 -- 5:48 - 1st",live_score_auto,2026-10-02T00:36:23.711207+00:00
2026-10-02T00:36:23.711207+00:00,nfl,prop_firsttd,KXNFLFIRSTTD-26OCT01PITCLE-CLEQJUDKINS10,Quinshon Judkins: 1st Touchdown,volume spike x10.8,14,9,-5,10288,110820,100532,True,"Live: CLE 0, PIT 0 -- 5:48 - 1st",live_score_auto,2026-10-02T00:36:23.711207+00:00
2026-10-02T00:36:23.711207+00:00,nfl,prop_firsttd,KXNFLFIRSTTD-26OCT01PITCLE-CLEDWATSON4,Deshaun Watson: 1st Touchdown,volume spike x4.4,6,2,-4,170119,743070,572951,True,"Live: CLE 0, PIT 0 -- 5:48 - 1st",live_score_auto,2026-10-02T00:36:23.711207+00:00
2026-10-02T00:36:23.711207+00:00,nfl,prop_firsttd,KXNFLFIRSTTD-26OCT01PITCLE-PITGBERNARD17,Germie Bernard: 1st Touchdown,volume spike x4.1,3,4,1,31247,128981,97734,True,"Live: CLE 0, PIT 0 -- 5:48 - 1st",live_score_auto,2026-10-02T00:36:23.711207+00:00
2026-10-02T00:36:23.711207+00:00,nfl,prop_firsttd,KXNFLFIRSTTD-26OCT01PITCLE-PITPFREIERMUTH88,Pat Freiermuth: 1st Touchdown,volume spike x4.7,6,11,5,82551,388960,306409,True,"Live: CLE 0, PIT 0 -- 5:48 - 1st",live_score_auto,2026-10-02T00:36:23.711207+00:00
2026-10-02T00:36:23.711207+00:00,nfl,prop_firsttd,KXNFLFIRSTTD-26OCT01PITCLE-PITDMETCALF4,DK Metcalf: 1st Touchdown,price moved +7c,8,15,7,45848,319035,273187,True,"Live: CLE 0, PIT 0 -- 5:48 - 1st",live_score_auto,2026-10-02T00:36:23.711207+00:00
2026-10-02T00:36:23.711207+00:00,nfl,prop_firsttd,KXNFLFIRSTTD-26OCT01PITCLE-PITDMETCALF4,DK Metcalf: 1st Touchdown,volume spike x7.0,8,15,7,45848,319035,273187,True,"Live: CLE 0, PIT 0 -- 5:48 - 1st",live_score_auto,2026-10-02T00:36:23.711207+00:00
2026-10-02T00:36:23.711207+00:00,nfl,prop_firsttd,KXNFLFIRSTTD-26OCT01PITCLE-PITMPITTMAN11,Michael Pittman Jr.: 1st Touchdown,volume spike x4.1,5,9,4,56546,233516,176970,True,"Live: CLE 0, PIT 0 -- 5:48 - 1st",live_score_auto,2026-10-02T00:36:23.711207+00:00
2026-10-02T00:36:23.711207+00:00,nfl,prop_firsttd,KXNFLFIRSTTD-26OCT01PITCLE-PITARODGERS8,Aaron Rodgers: 1st Touchdown,volume spike x3.3,2,3,1,35677,116530,80853,True,"Live: CLE 0, PIT 0 -- 5:48 - 1st",live_score_auto,2026-10-02T00:36:23.711207+00:00
2026-10-02T00:36:23.711207+00:00,nfl,prop_firsttd,KXNFLFIRSTTD-26OCT01PITCLE-PITJWARREN30,Jaylen Warren: 1st Touchdown,price moved +7c,17,24,7,27788,178698,150910,True,"Live: CLE 0, PIT 0 -- 5:48 - 1st",live_score_auto,2026-10-02T00:36:23.711207+00:00
2026-10-02T00:36:23.711207+00:00,nfl,prop_firsttd,KXNFLFIRSTTD-26OCT01PITCLE-PITJWARREN30,Jaylen Warren: 1st Touchdown,volume spike x6.4,17,24,7,27788,178698,150910,True,"Live: CLE 0, PIT 0 -- 5:48 - 1st",live_score_auto,2026-10-02T00:36:23.711207+00:00
2026-10-02T00:36:23.711207+00:00,nfl,prop_firsttd,KXNFLFIRSTTD-26OCT01PITCLE-PITRWILSON14,Roman Wilson: 1st Touchdown,volume spike x7.2,5,7,2,20088,144396,124308,True,"Live: CLE 0, PIT 0 -- 5:48 - 1st",live_score_auto,2026-10-02T00:36:23.711207+00:00
2026-10-02T00:36:23.711207+00:00,nfl,prop_firsttd,KXNFLFIRSTTD-26OCT01PITCLE-CLERSANDERS23,Raheim Sanders: 1st Touchdown,volume spike x3.1,3,3,0,40455,126590,86135,True,"Live: CLE 0, PIT 0 -- 5:48 - 1st",live_score_auto,2026-10-02T00:36:23.711207+00:00
2026-10-02T00:36:23.711207+00:00,nfl,prop_firsttd,KXNFLFIRSTTD-26OCT01PITCLE-CLEBWHITEHEART86,Blake Whiteheart: 1st Touchdown,volume spike x4.3,2,3,1,42050,180194,138144,True,"Live: CLE 0, PIT 0 -- 5:48 - 1st",live_score_auto,2026-10-02T00:36:23.711207+00:00
2026-10-02T00:36:23.711207+00:00,nfl,prop_firsttd,KXNFLFIRSTTD-26OCT01PITCLE-PITRTONYAN85,Robert Tonyan: 1st Touchdown,volume spike x4.8,1,4,3,36415,175892,139477,True,"Live: CLE 0, PIT 0 -- 5:48 - 1st",live_score_auto,2026-10-02T00:36:23.711207+00:00
2026-10-02T00:36:23.711207+00:00,nfl,prop_firsttd,KXNFLFIRSTTD-26OCT01PITCLE-CLEIBOND0,Isaiah Bond: 1st Touchdown,volume spike x3.5,1,3,2,11204,39542,28338,True,"Live: CLE 0, PIT 0 -- 5:48 - 1st",live_score_auto,2026-10-02T00:36:23.711207+00:00
2026-10-02T00:36:23.711207+00:00,nfl,prop_firsttd,KXNFLFIRSTTD-26OCT01PITCLE-PITTHOMER21,Travis Homer: 1st Touchdown,volume spike x53.7,2,3,1,242,13001,12759,True,"Live: CLE 0, PIT 0 -- 5:48 - 1st",live_score_auto,2026-10-02T00:36:23.711207+00:00
2026-10-02T00:36:23.711207+00:00,nfl,prop_firsttd,KXNFLFIRSTTD-26OCT01PITCLE-PITKWETJEN10,Kaden Wetjen: 1st Touchdown,volume spike x56.4,2,2,0,477,26911,26434,True,"Live: CLE 0, PIT 0 -- 5:48 - 1st",live_score_auto,2026-10-02T00:36:23.711207+00:00
2026-10-02T00:36:23.711207+00:00,nfl,prop_firsttd,KXNFLFIRSTTD-26OCT04ARINYG-NYGCSKATTEBO44,Cam Skattebo: 1st Touchdown,volume spike x31.3,17,17,0,49,1533,1484,False,,,
2026-10-02T00:36:23.711207+00:00,nfl,prop_firsttd,KXNFLFIRSTTD-26OCT04DALHOU-HOUDMONTGOMERY32,David Montgomery: 1st Touchdown,price moved +17c,0,17,17,0,25,25,False,,,
2026-10-02T00:36:23.711207+00:00,nfl,prop_firsttd,KXNFLFIRSTTD-26OCT04LARPHI-PHIJHURTS1,Jalen Hurts: 1st Touchdown,price moved +10c,0,10,10,0,42,42,False,,,
2026-10-02T00:36:23.711207+00:00,nfl,prop_firsttd,KXNFLFIRSTTD-26OCT04NEBUF-NEMHOLLINS13,Mack Hollins: 1st Touchdown,volume spike x3.6,5,5,0,14,51,37,False,,,
2026-10-02T00:36:23.711207+00:00,nfl,prop_firsttd,KXNFLFIRSTTD-26OCT04TENBAL-BALMANDREWS89,Mark Andrews: 1st Touchdown,price moved +12c,0,12,12,0,71,71,False,,,
2026-10-02T00:36:23.711207+00:00,nfl,prop_firsttd,KXNFLFIRSTTD-26OCT04MIAMIN-MINAJONES33,Aaron Jones Sr.: 1st Touchdown,volume spike x51.9,22,22,0,29,1506,1477,False,,,
2026-10-02T00:36:23.711207+00:00,nfl,prop_firsttd,KXNFLFIRSTTD-26OCT04MIAMIN-MIAOGORDON0,Ollie Gordon II: 1st Touchdown,price moved +7c,0,7,7,0,348,348,False,,,
2026-10-02T00:36:23.711207+00:00,nfl,prop_firsttd,KXNFLFIRSTTD-26OCT04LACSEA-SEAGHOLANI36,George Holani: 1st Touchdown,price moved +7c,0,7,7,0,40,40,False,,,
2026-10-02T00:36:23.711207+00:00,nfl,prop_firsttd,KXNFLFIRSTTD-26OCT04DETCAR-CARDWALLER88,Darren Waller: 1st Touchdown,volume spike x6.0,5,5,0,111,668,557,False,,,
2026-10-02T00:36:23.711207+00:00,nfl,prop_firsttd,KXNFLFIRSTTD-26OCT04DETCAR-DETITESLAA18,Isaac TeSlaa: 1st Touchdown,volume spike x6.1,4,4,0,46,280,234,False,,,
2026-10-02T00:36:23.711207+00:00,nfl,prop_firsttd,KXNFLFIRSTTD-26OCT05ATLNO-ATLDLONDON5,Drake London: 1st Touchdown,price moved +7c,0,7,7,0,40,40,False,,,
2026-10-02T00:36:23.711207+00:00,nfl,prop_ffpts,KXNFLFFPTS-26OCT01PITCLE-CLEKCONCEPCION1-8P5,KC Concepcion Jr.: Over 8.5 fantasy points,volume spike x4.1,55,58,3,2888,11914,9026,True,"Live: CLE 0, PIT 0 -- 5:48 - 1st",live_score_auto,2026-10-02T00:36:23.711207+00:00
2026-10-02T00:36:23.711207+00:00,nfl,prop_ffpts,KXNFLFFPTS-26OCT01PITCLE-CLEQJUDKINS10-8P7,Quinshon Judkins: Over 8.7 fantasy points,price moved -56c,62,6,-56,3901,8736,4835,True,"Live: CLE 0, PIT 0 -- 5:48 - 1st",live_score_auto,2026-10-02T00:36:23.711207+00:00
2026-10-02T00:36:23.711207+00:00,nfl,prop_ffpts,KXNFLFFPTS-26OCT01PITCLE-CLEASZMYT25-6P8,Andre Szmyt: Over 6.8 fantasy points,price moved +9c,59,68,9,2159,2807,648,True,"Live: CLE 0, PIT 0 -- 5:48 - 1st",live_score_auto,2026-10-02T00:36:23.711207+00:00
2026-10-02T00:36:23.711207+00:00,nfl,prop_ffpts,KXNFLFFPTS-26OCT01PITCLE-CLECLEDST-7P9,CLE Browns D/ST: Over 7.9 fantasy points,price moved +45c,29,74,45,5303,5617,314,True,"Live: CLE 0, PIT 0 -- 5:48 - 1st",live_score_auto,2026-10-02T00:36:23.711207+00:00
2026-10-02T00:36:23.711207+00:00,nfl,prop_ffpts,KXNFLFFPTS-26OCT01PITCLE-PITCBOSWELL9-7P6,Chris Boswell: Over 7.6 fantasy points,price moved +19c,53,72,19,2475,4457,1982,True,"Live: CLE 0, PIT 0 -- 5:48 - 1st",live_score_auto,2026-10-02T00:36:23.711207+00:00
2026-10-02T00:36:23.711207+00:00,nfl,prop_ffpts,KXNFLFFPTS-26OCT01PITCLE-PITDMETCALF4-9P8,DK Metcalf: Over 9.8 fantasy points,price moved +16c,54,70,16,1931,4183,2252,True,"Live: CLE 0, PIT 0 -- 5:48 - 1st",live_score_auto,2026-10-02T00:36:23.711207+00:00
2026-10-02T00:36:23.711207+00:00,nfl,prop_ffpts,KXNFLFFPTS-26OCT01PITCLE-PITMPITTMAN11-9P4,Michael Pittman Jr.: Over 9.4 fantasy points,price moved +38c,37,75,38,288,569,281,True,"Live: CLE 0, PIT 0 -- 5:48 - 1st",live_score_auto,2026-10-02T00:36:23.711207+00:00
2026-10-02T00:36:23.711207+00:00,nfl,prop_ffpts,KXNFLFFPTS-26OCT01PITCLE-PITARODGERS8-13P5,Aaron Rodgers: Over 13.5 fantasy points,price moved +21c,53,74,21,3174,10987,7813,True,"Live: CLE 0, PIT 0 -- 5:48 - 1st",live_score_auto,2026-10-02T00:36:23.711207+00:00
2026-10-02T00:36:23.711207+00:00,nfl,prop_ffpts,KXNFLFFPTS-26OCT01PITCLE-PITARODGERS8-13P5,Aaron Rodgers: Over 13.5 fantasy points,volume spike x3.5,53,74,21,3174,10987,7813,True,"Live: CLE 0, PIT 0 -- 5:48 - 1st",live_score_auto,2026-10-02T00:36:23.711207+00:00
2026-10-02T00:36:23.711207+00:00,nfl,prop_ffpts,KXNFLFFPTS-26OCT01PITCLE-PITJWARREN30-14P8,Jaylen Warren: Over 14.8 fantasy points,price moved -8c,60,52,-8,8243,17194,8951,True,"Live: CLE 0, PIT 0 -- 5:48 - 1st",live_score_auto,2026-10-02T00:36:23.711207+00:00
2026-10-02T00:36:23.711207+00:00,nfl,prop_ffpts,KXNFLFFPTS-26OCT01PITCLE-PITPITDST-8P7,PIT Steelers D/ST: Over 8.7 fantasy points,price moved +10c,39,49,10,7333,8387,1054,True,"Live: CLE 0, PIT 0 -- 5:48 - 1st",live_score_auto,2026-10-02T00:36:23.711207+00:00
2026-10-02T00:36:23.711207+00:00,nfl,prop_ffpts,KXNFLFFPTS-26OCT04GBTB-GBCWATSON9-15P2,Christian Watson: Over 15.2 fantasy points,price moved +68c,0,68,68,0,50,50,False,,,
2026-10-02T00:36:23.711207+00:00,nfl,prop_ffpts,KXNFLFFPTS-26OCT04JACCIN-CINJBURROW9-19P3,Joe Burrow: Over 19.3 fantasy points,price moved +73c,0,73,73,0,13,13,False,,,
2026-10-02T00:36:23.711207+00:00,nfl,prop_ffpts,KXNFLFFPTS-26OCT04JACCIN-JACTLAWRENCE16-20P3,Trevor Lawrence: Over 20.3 fantasy points,price moved +70c,0,70,70,0,1,1,False,,,
2026-10-02T00:36:23.711207+00:00,nfl,prop_ffpts,KXNFLFFPTS-26OCT04LARPHI-PHIDWICKS13-8P8,Dontayvion Wicks: Over 8.8 fantasy points,price moved +62c,0,62,62,0,15,15,False,,,
2026-10-02T00:36:23.711207+00:00,nfl,prop_ffpts,KXNFLFFPTS-26OCT04NEBUF-NEDMAYE10-18P3,Drake Maye: Over 18.3 fantasy points,price moved +43c,31,74,43,14,16,2,False,,,
2026-10-02T00:36:23.711207+00:00,nfl,prop_ffpts,KXNFLFFPTS-26OCT04NYJCHI-CHILBURDEN10-12P6,Luther Burden III: Over 12.6 fantasy points,price moved +73c,0,73,73,0,1,1,False,,,
2026-10-02T04:29:44.545424+00:00,nfl,prop_passyds,KXNFLPASSYDS-26OCT04INDWAS-WASMMARIOTA8-150,Marcus Mariota: 150+ passing yards,price moved +83c,0,83,83,0,7,7,False,,,
2026-10-02T04:29:44.545424+00:00,nfl,prop_passyds,KXNFLPASSYDS-26OCT04INDWAS-WASMMARIOTA8-275,Marcus Mariota: 275+ passing yards,volume spike x12.8,17,20,3,20,257,237,False,,,
2026-10-02T04:29:44.545424+00:00,nfl,prop_passyds,KXNFLPASSYDS-26OCT04DALHOU-DALDPRESCOTT4-300,Dak Prescott: 300+ passing yards,price moved +33c,0,33,33,0,29,29,False,,,
2026-10-02T04:29:44.545424+00:00,nfl,prop_passyds,KXNFLPASSYDS-26OCT04GBTB-TBJDANIELS10-200,Jalon Daniels: 200+ passing yards,price moved +34c,0,34,34,0,28,28,False,,,
2026-10-02T04:29:44.545424+00:00,nfl,prop_passyds,KXNFLPASSYDS-26OCT04JACCIN-CINJBURROW9-225,Joe Burrow: 225+ passing yards,price moved +74c,0,74,74,0,13,13,False,,,
2026-10-02T04:29:44.545424+00:00,nfl,prop_passyds,KXNFLPASSYDS-26OCT04JACCIN-CINJBURROW9-250,Joe Burrow: 250+ passing yards,price moved +58c,0,58,58,0,15,15,False,,,
2026-10-02T04:29:44.545424+00:00,nfl,prop_passyds,KXNFLPASSYDS-26OCT04LARPHI-PHIJHURTS1-175,Jalen Hurts: 175+ passing yards,volume spike x10.0,63,59,-4,6,60,54,False,,,
2026-10-02T04:29:44.545424+00:00,nfl,prop_passyds,KXNFLPASSYDS-26OCT04TENBAL-BALLJACKSON8-175,Lamar Jackson: 175+ passing yards,volume spike x8.6,75,77,2,25,216,191,False,,,
2026-10-02T04:29:44.545424+00:00,nfl,prop_passyds,KXNFLPASSYDS-26OCT04DENSF-SFBPURDY13-200,Brock Purdy: 200+ passing yards,volume spike x4.2,70,70,0,10,42,32,False,,,
2026-10-02T04:29:44.545424+00:00,nfl,prop_passyds,KXNFLPASSYDS-26OCT04DENSF-SFBPURDY13-275,Brock Purdy: 275+ passing yards,price moved +28c,0,28,28,0,51,51,False,,,
2026-10-02T04:29:44.545424+00:00,nfl,prop_passyds,KXNFLPASSYDS-26OCT04DENSF-DENBNIX10-200,Bo Nix: 200+ passing yards,volume spike x5.2,66,63,-3,36,188,152,False,,,
2026-10-02T04:29:44.545424+00:00,nfl,prop_passyds,KXNFLPASSYDS-26OCT04KCLV-LVKCOUSINS8-175,Kirk Cousins: 175+ passing yards,price moved +78c,0,78,78,0,12,12,False,,,
2026-10-02T04:29:44.545424+00:00,nfl,prop_passyds,KXNFLPASSYDS-26OCT04KCLV-KCPMAHOMES15-300,Patrick Mahomes: 300+ passing yards,price moved +20c,0,20,20,0,71,71,False,,,
2026-10-02T04:29:44.545424+00:00,nfl,prop_passyds,KXNFLPASSYDS-26OCT04LACSEA-SEASDARNOLD14-250,Sam Darnold: 250+ passing yards,price moved +39c,0,39,39,0,1,1,False,,,
2026-10-02T04:29:44.545424+00:00,nfl,prop_passyds,KXNFLPASSYDS-26OCT04LACSEA-SEASDARNOLD14-325,Sam Darnold: 325+ passing yards,price moved +12c,0,12,12,0,29,29,False,,,
2026-10-02T04:29:44.545424+00:00,nfl,prop_passyds,KXNFLPASSYDS-26OCT04LACSEA-LACJHERBERT10-225,Justin Herbert: 225+ passing yards,price moved +33c,0,33,33,0,60,60,False,,,
2026-10-02T04:29:44.545424+00:00,nfl,prop_passyds,KXNFLPASSYDS-26OCT04DETCAR-CARBYOUNG9-150,Bryce Young: 150+ passing yards,volume spike x22.4,92,94,2,49,1098,1049,False,,,
2026-10-02T04:29:44.545424+00:00,nfl,prop_passyds,KXNFLPASSYDS-26OCT05ATLNO-ATLMPENIX9-225,Michael Penix Jr.: 225+ passing yards,price moved +52c,0,52,52,0,18,18,False,,,
2026-10-02T04:29:44.545424+00:00,nfl,prop_passyds,KXNFLPASSYDS-26OCT05ATLNO-ATLMPENIX9-250,Michael Penix Jr.: 250+ passing yards,price moved +38c,0,38,38,0,20,20,False,,,
2026-10-02T04:29:44.545424+00:00,nfl,prop_passyds,KXNFLPASSYDS-26OCT05ATLNO-ATLMPENIX9-300,Michael Penix Jr.: 300+ passing yards,price moved +17c,0,17,17,0,27,27,False,,,
2026-10-02T04:29:44.545424+00:00,nfl,prop_passtds,KXNFLPASSTDS-26OCT04ARINYG-NYGJWINSTON19-2,Jameis Winston: 2+ passing touchdowns,volume spike x10.6,36,36,0,7,74,67,False,,,
2026-10-02T04:29:44.545424+00:00,nfl,prop_passtds,KXNFLPASSTDS-26OCT04DALHOU-DALDPRESCOTT4-4,Dak Prescott: 4+ passing touchdowns,volume spike x4.7,8,8,0,58,270,212,False,,,
2026-10-02T04:29:44.545424+00:00,nfl,prop_passtds,KXNFLPASSTDS-26OCT04GBTB-TBJDANIELS10-1,Jalon Daniels: 1+ passing touchdowns,price moved +63c,0,63,63,0,3,3,False,,,
2026-10-02T04:29:44.545424+00:00,nfl,prop_passtds,KXNFLPASSTDS-26OCT04JACCIN-CINJBURROW9-4,Joe Burrow: 4+ passing touchdowns,volume spike x6.6,13,12,-1,14,92,78,False,,,
2026-10-02T04:29:44.545424+00:00,nfl,prop_passtds,KXNFLPASSTDS-26OCT04NEBUF-BUFJALLEN17-1,Josh Allen: 1+ passing touchdowns,price moved +89c,0,89,89,0,1,1,False,,,
2026-10-02T04:29:44.545424+00:00,nfl,prop_passtds,KXNFLPASSTDS-26OCT04NEBUF-BUFJALLEN17-3,Josh Allen: 3+ passing touchdowns,volume spike x20.1,28,29,1,91,1825,1734,False,,,
2026-10-02T04:29:44.545424+00:00,nfl,prop_passtds,KXNFLPASSTDS-26OCT04MIAMIN-MINKMURRAY1-2,Kyler Murray: 2+ passing touchdowns,price moved +48c,0,48,48,0,30,30,False,,,
2026-10-02T04:29:44.545424+00:00,nfl,prop_passtds,KXNFLPASSTDS-26OCT04DENSF-SFBPURDY13-4,Brock Purdy: 4+ passing touchdowns,price moved +8c,0,8,8,0,100,100,False,,,
2026-10-02T04:29:44.545424+00:00,nfl,prop_passtds,KXNFLPASSTDS-26OCT04DETCAR-DETJGOFF16-3,Jared Goff: 3+ passing touchdowns,price moved +31c,0,31,31,0,76,76,False,,,
2026-10-02T04:29:44.545424+00:00,nfl,prop_passtds,KXNFLPASSTDS-26OCT05ATLNO-ATLMPENIX9-2,Michael Penix Jr.: 2+ passing touchdowns,price moved +42c,0,42,42,0,2,2,False,,,
2026-10-02T04:29:44.545424+00:00,nfl,prop_passint,KXNFLPASSINT-26OCT04DALHOU-DALDPRESCOTT4-1,Dak Prescott: 1+ passing interceptions,price moved +52c,0,52,52,0,3,3,False,,,
2026-10-02T04:29:44.545424+00:00,nfl,prop_passint,KXNFLPASSINT-26OCT04GBTB-TBJDANIELS10-1,Jalon Daniels: 1+ passing interceptions,volume spike x11.9,55,58,3,23,274,251,False,,,
2026-10-02T04:29:44.545424+00:00,nfl,prop_passint,KXNFLPASSINT-26OCT04GBTB-TBJDANIELS10-2,Jalon Daniels: 2+ passing interceptions,price moved +24c,0,24,24,0,316,316,False,,,
2026-10-02T04:29:44.545424+00:00,nfl,prop_passint,KXNFLPASSINT-26OCT04LARPHI-PHIJHURTS1-1,Jalen Hurts: 1+ passing interceptions,volume spike x3.9,50,49,-1,494,1922,1428,False,,,
2026-10-02T04:29:44.545424+00:00,nfl,prop_passint,KXNFLPASSINT-26OCT04NEBUF-NEDMAYE10-2,Drake Maye: 2+ passing interceptions,price moved +22c,0,22,22,0,118,118,False,,,
2026-10-02T04:29:44.545424+00:00,nfl,prop_passint,KXNFLPASSINT-26OCT04TENBAL-BALLJACKSON8-1,Lamar Jackson: 1+ passing interceptions,price moved +43c,0,43,43,0,4,4,False,,,
2026-10-02T04:29:44.545424+00:00,nfl,prop_passcomp,KXNFLPASSCOMP-26OCT04ARINYG-ARIJBRISSETT7-24,Jacoby Brissett: 24+ passing completions,price moved +46c,0,46,46,0,20,20,False,,,
2026-10-02T04:29:44.545424+00:00,nfl,prop_passcomp,KXNFLPASSCOMP-26OCT04LARPHI-PHIJHURTS1-20,Jalen Hurts: 20+ passing completions,price moved +37c,0,37,37,0,500,500,False,,,
2026-10-02T04:29:44.545424+00:00,nfl,prop_passcomp,KXNFLPASSCOMP-26OCT04LARPHI-PHIJHURTS1-25,Jalen Hurts: 25+ passing completions,price moved +12c,0,12,12,0,392,392,False,,,
2026-10-02T04:29:44.545424+00:00,nfl,prop_passcomp,KXNFLPASSCOMP-26OCT04KCLV-LVKCOUSINS8-22,Kirk Cousins: 22+ passing completions,price moved +53c,0,53,53,0,91,91,False,,,
2026-10-02T04:29:44.545424+00:00,nfl,prop_passatt,KXNFLPASSATT-26OCT04ARINYG-ARIJBRISSETT7-35,Jacoby Brissett: 35+ passing attempts,price moved +51c,0,51,51,0,9,9,False,,,
2026-10-02T04:29:44.545424+00:00,nfl,prop_rshyds,KXNFLRSHYDS-26OCT04INDWAS-WASJCROSKEYMERRITT22-70,Jacory Croskey-Merritt: 70+ rushing yards,price moved +8c,34,42,8,17,27,10,False,,,
2026-10-02T04:29:44.545424+00:00,nfl,prop_rshyds,KXNFLRSHYDS-26OCT04INDWAS-WASMMARIOTA8-10,Marcus Mariota: 10+ rushing yards,price moved +87c,0,87,87,0,9,9,False,,,
2026-10-02T04:29:44.545424+00:00,nfl,prop_rshyds,KXNFLRSHYDS-26OCT04INDWAS-WASMMARIOTA8-15,Marcus Mariota: 15+ rushing yards,price moved +77c,0,77,77,0,5,5,False,,,
2026-10-02T04:29:44.545424+00:00,nfl,prop_rshyds,KXNFLRSHYDS-26OCT04INDWAS-INDJTAYLOR28-70,Jonathan Taylor: 70+ rushing yards,price moved +71c,0,71,71,0,27,27,False,,,
2026-10-02T04:29:44.545424+00:00,nfl,prop_rshyds,KXNFLRSHYDS-26OCT04ARINYG-NYGCSKATTEBO44-60,Cam Skattebo: 60+ rushing yards,price moved +56c,0,56,56,0,17,17,False,,,
2026-10-02T04:29:44.545424+00:00,nfl,prop_rshyds,KXNFLRSHYDS-26OCT04ARINYG-ARIJLOVE4-80,Jeremiyah Love: 80+ rushing yards,volume spike x3.4,36,36,0,130,446,316,False,,,
2026-10-02T04:29:44.545424+00:00,nfl,prop_rshyds,KXNFLRSHYDS-26OCT04ARINYG-NYGNHARRIS23-50,Najee Harris: 50+ rushing yards,price moved +16c,0,16,16,0,59,59,False,,,
2026-10-02T04:29:44.545424+00:00,nfl,prop_rshyds,KXNFLRSHYDS-26OCT04ARINYG-ARITALLGEIER22-10,Tyler Allgeier: 10+ rushing yards,price moved +69c,0,69,69,0,1,1,False,,,
2026-10-02T04:29:44.545424+00:00,nfl,prop_rshyds,KXNFLRSHYDS-26OCT04ARINYG-ARITALLGEIER22-20,Tyler Allgeier: 20+ rushing yards,price moved +50c,0,50,50,0,4,4,False,,,
2026-10-02T04:29:44.545424+00:00,nfl,prop_rshyds,KXNFLRSHYDS-26OCT04DALHOU-DALDPRESCOTT4-20,Dak Prescott: 20+ rushing yards,volume spike x3.3,23,25,2,33,109,76,False,,,
2026-10-02T04:29:44.545424+00:00,nfl,prop_rshyds,KXNFLRSHYDS-26OCT04GBTB-TBBIRVING7-70,Bucky Irving: 70+ rushing yards,price moved -16c,42,26,-16,21,31,10,False,,,
2026-10-02T04:29:44.545424+00:00,nfl,prop_rshyds,KXNFLRSHYDS-26OCT04GBTB-GBKJOHNSON26-40,Kaleb Johnson: 40+ rushing yards,price moved +34c,0,34,34,0,30,30,False,,,
2026-10-02T04:29:44.545424+00:00,nfl,prop_rshyds,KXNFLRSHYDS-26OCT04JACCIN-JACCRODRIGUEZ24-50,Chris Rodriguez Jr.: 50+ rushing yards,volume spike x15.7,8,10,2,3,47,44,False,,,
2026-10-02T04:29:44.545424+00:00,nfl,prop_rshyds,KXNFLRSHYDS-26OCT04LARPHI-LARBCORUM24-20,Blake Corum: 20+ rushing yards,price moved +79c,0,79,79,0,21,21,False,,,
2026-10-02T04:29:44.545424+00:00,nfl,prop_rshyds,KXNFLRSHYDS-26OCT04LARPHI-LARBCORUM24-40,Blake Corum: 40+ rushing yards,volume spike x3.5,52,52,0,11,39,28,False,,,
2026-10-02T04:29:44.545424+00:00,nfl,prop_rshyds,KXNFLRSHYDS-26OCT04LARPHI-LARMSTAFFORD9-10,Matthew Stafford: 10+ rushing yards,price moved +18c,0,18,18,0,6,6,False,,,
2026-10-02T04:29:44.545424+00:00,nfl,prop_rshyds,KXNFLRSHYDS-26OCT04NEBUF-BUFJALLEN17-15,Josh Allen: 15+ rushing yards,volume spike x3.4,83,84,1,5,17,12,False,,,
2026-10-02T04:29:44.545424+00:00,nfl,prop_rshyds,KXNFLRSHYDS-26OCT04NEBUF-BUFJALLEN17-20,Josh Allen: 20+ rushing yards,volume spike x21.2,73,74,1,20,424,404,False,,,
2026-10-02T04:29:44.545424+00:00,nfl,prop_rshyds,KXNFLRSHYDS-26OCT04NEBUF-BUFJALLEN17-25,Josh Allen: 25+ rushing yards,price moved +65c,0,65,65,0,22,22,False,,,
2026-10-02T04:29:44.545424+00:00,nfl,prop_rshyds,KXNFLRSHYDS-26OCT04NEBUF-BUFJALLEN17-40,Josh Allen: 40+ rushing yards,price moved +39c,0,39,39,0,48,48,False,,,
2026-10-02T04:29:44.545424+00:00,nfl,prop_rshyds,KXNFLRSHYDS-26OCT04NYJCHI-CHIKMONANGAI25-40,Kyle Monangai: 40+ rushing yards,price moved -7c,53,46,-7,8178,8266,88,False,,,
2026-10-02T04:29:44.545424+00:00,nfl,prop_rshyds,KXNFLRSHYDS-26OCT04NYJCHI-CHIKMONANGAI25-50,Kyle Monangai: 50+ rushing yards,price moved -46c,87,41,-46,5664,5846,182,False,,,
2026-10-02T04:29:44.545424+00:00,nfl,prop_rshyds,KXNFLRSHYDS-26OCT04NYJCHI-CHIKMONANGAI25-80,Kyle Monangai: 80+ rushing yards,price moved +7c,10,17,7,1104,1111,7,False,,,
2026-10-02T04:29:44.545424+00:00,nfl,prop_rshyds,KXNFLRSHYDS-26OCT04NYJCHI-CHIDSWIFT4-100,D'Andre Swift: 100+ rushing yards,price moved +8c,16,24,8,97,122,25,False,,,
2026-10-02T04:29:44.545424+00:00,nfl,prop_rshyds,KXNFLRSHYDS-26OCT04NYJCHI-CHIDSWIFT4-120,D'Andre Swift: 120+ rushing yards,price moved +7c,7,14,7,10,21,11,False,,,
2026-10-02T04:29:44.545424+00:00,nfl,prop_rshyds,KXNFLRSHYDS-26OCT04NYJCHI-NYJGSMITH7-10,Geno Smith: 10+ rushing yards,price moved -7c,58,51,-7,102,122,20,False,,,
2026-10-02T04:29:44.545424+00:00,nfl,prop_rshyds,KXNFLRSHYDS-26OCT04NYJCHI-NYJGSMITH7-30,Geno Smith: 30+ rushing yards,price moved +13c,0,13,13,0,4,4,False,,,
2026-10-02T04:29:44.545424+00:00,nfl,prop_rshyds,KXNFLRSHYDS-26OCT04TENBAL-BALDHENRY22-150,Derrick Henry: 150+ rushing yards,volume spike x3.1,14,14,0,148,458,310,False,,,
2026-10-02T04:29:44.545424+00:00,nfl,prop_rshyds,KXNFLRSHYDS-26OCT04TENBAL-BALLJACKSON8-20,Lamar Jackson: 20+ rushing yards,price moved +75c,0,75,75,0,1,1,False,,,
2026-10-02T04:29:44.545424+00:00,nfl,prop_rshyds,KXNFLRSHYDS-26OCT04TENBAL-TENTPOLLARD20-100,Tony Pollard: 100+ rushing yards,price moved +9c,0,9,9,0,104,104,False,,,
2026-10-02T04:29:44.545424+00:00,nfl,prop_rshyds,KXNFLRSHYDS-26OCT04TENBAL-TENTSPEARS2-10,Tyjae Spears: 10+ rushing yards,price moved +66c,0,66,66,0,18,18,False,,,
2026-10-02T04:29:44.545424+00:00,nfl,prop_rshyds,KXNFLRSHYDS-26OCT04TENBAL-TENTSPEARS2-20,Tyjae Spears: 20+ rushing yards,volume spike x8.2,36,40,4,4,33,29,False,,,
2026-10-02T04:29:44.545424+00:00,nfl,prop_rshyds,KXNFLRSHYDS-26OCT04MIAMIN-MINAJONES33-40,Aaron Jones Sr.: 40+ rushing yards,price moved +83c,0,83,83,0,6,6,False,,,
2026-10-02T04:29:44.545424+00:00,nfl,prop_rshyds,KXNFLRSHYDS-26OCT04MIAMIN-MINAJONES33-50,Aaron Jones Sr.: 50+ rushing yards,price moved +71c,0,71,71,0,6,6,False,,,
2026-10-02T04:29:44.545424+00:00,nfl,prop_rshyds,KXNFLRSHYDS-26OCT04DENSF-SFKBLACK26-30,Kaelon Black: 30+ rushing yards,price moved +38c,0,38,38,0,11,11,False,,,
2026-10-02T04:29:44.545424+00:00,nfl,prop_rshyds,KXNFLRSHYDS-26OCT04DENSF-SFBPURDY13-25,Brock Purdy: 25+ rushing yards,volume spike x6.3,33,32,-1,28,177,149,False,,,
2026-10-02T04:29:44.545424+00:00,nfl,prop_rshyds,KXNFLRSHYDS-26OCT04DENSF-DENJDOBBINS27-70,J.K. Dobbins: 70+ rushing yards,volume spike x30.0,41,41,0,2,60,58,False,,,
2026-10-02T04:29:44.545424+00:00,nfl,prop_rshyds,KXNFLRSHYDS-26OCT04KCLV-KCKWALKER9-130,Kenneth Walker III: 130+ rushing yards,volume spike x6.2,21,19,-2,9,56,47,False,,,
2026-10-02T04:29:44.545424+00:00,nfl,prop_rshyds,KXNFLRSHYDS-26OCT04KCLV-KCPMAHOMES15-20,Patrick Mahomes: 20+ rushing yards,volume spike x12.5,41,41,0,4,50,46,False,,,
2026-10-02T04:29:44.545424+00:00,nfl,prop_rshyds,KXNFLRSHYDS-26OCT04KCLV-KCPMAHOMES15-25,Patrick Mahomes: 25+ rushing yards,price moved +30c,0,30,30,0,31,31,False,,,
2026-10-02T04:29:44.545424+00:00,nfl,prop_rshyds,KXNFLRSHYDS-26OCT04DETCAR-DETSVAKI33-30,Sione Vaki: 30+ rushing yards,price moved +15c,0,15,15,0,50,50,False,,,
2026-10-02T04:29:44.545424+00:00,nfl,prop_rshyds,KXNFLRSHYDS-26OCT04DETCAR-DETSVAKI33-40,Sione Vaki: 40+ rushing yards,price moved +8c,0,8,8,0,25,25,False,,,
2026-10-02T04:29:44.545424+00:00,nfl,prop_rshyds,KXNFLRSHYDS-26OCT05ATLNO-ATLBROBINSON7-60,Bijan Robinson: 60+ rushing yards,volume spike x3.2,77,78,1,6,19,13,False,,,
2026-10-02T04:29:44.545424+00:00,nfl,prop_rshyds,KXNFLRSHYDS-26OCT05ATLNO-ATLBROBINSON7-100,Bijan Robinson: 100+ rushing yards,volume spike x6.2,40,35,-5,23,142,119,False,,,
2026-10-02T04:29:44.545424+00:00,nfl,prop_rshyds,KXNFLRSHYDS-26OCT05ATLNO-ATLBROBINSON7-120,Bijan Robinson: 120+ rushing yards,volume spike x5.4,25,25,0,38,206,168,False,,,
2026-10-02T04:29:44.545424+00:00,nfl,prop_rshyds,KXNFLRSHYDS-26OCT05ATLNO-ATLBROBINSON7-130,Bijan Robinson: 130+ rushing yards,price moved +19c,0,19,19,0,413,413,False,,,
2026-10-02T04:29:44.545424+00:00,nfl,prop_rshatt,KXNFLRSHATT-26OCT04GBTB-GBKJOHNSON26-9,Kaleb Johnson: 9+ rushing attempts,volume spike x7.4,54,53,-1,92,679,587,False,,,
2026-10-02T04:29:44.545424+00:00,nfl,prop_rshatt,KXNFLRSHATT-26OCT04NYJCHI-NYJBALLEN0-15,Braelon Allen: 15+ rushing attempts,price moved +7c,40,47,7,32,33,1,False,,,
2026-10-02T04:29:44.545424+00:00,nfl,prop_rshatt,KXNFLRSHATT-26OCT04TENBAL-BALLJACKSON8-7,Lamar Jackson: 7+ rushing attempts,volume spike x18.8,44,46,2,35,657,622,False,,,
2026-10-02T04:29:44.545424+00:00,nfl,prop_rshatt,KXNFLRSHATT-26OCT04TENBAL-TENTPOLLARD20-14,Tony Pollard: 14+ rushing attempts,volume spike x5.8,48,45,-3,105,605,500,False,,,
2026-10-02T04:29:44.545424+00:00,nfl,prop_rshatt,KXNFLRSHATT-26OCT04MIAMIN-MINAJONES33-18,Aaron Jones Sr.: 18+ rushing attempts,price moved +45c,0,45,45,0,821,821,False,,,
2026-10-02T04:29:44.545424+00:00,nfl,prop_rshatt,KXNFLRSHATT-26OCT04DENSF-SFCMCCAFFREY23-19,Christian McCaffrey: 19+ rushing attempts,price moved +50c,0,50,50,0,104,104,False,,,
2026-10-02T04:29:44.545424+00:00,nfl,prop_rshatt,KXNFLRSHATT-26OCT04KCLV-KCKWALKER9-16,Kenneth Walker III: 16+ rushing attempts,price moved +71c,0,71,71,0,69,69,False,,,
2026-10-02T04:29:44.545424+00:00,nfl,prop_recyds,KXNFLRECYDS-26OCT04INDWAS-WASTMCLAURIN17-25,Terry McLaurin: 25+ receiving yards,price moved +82c,0,82,82,0,9,9,False,,,
2026-10-02T04:29:44.545424+00:00,nfl,prop_recyds,KXNFLRECYDS-26OCT04INDWAS-WASTMCLAURIN17-100,Terry McLaurin: 100+ receiving yards,volume spike x13.4,10,14,4,5,67,62,False,,,
2026-10-02T04:29:44.545424+00:00,nfl,prop_recyds,KXNFLRECYDS-26OCT04INDWAS-INDKALLEN10-15,Keenan Allen: 15+ receiving yards,price moved +85c,0,85,85,0,26,26,False,,,
2026-10-02T04:29:44.545424+00:00,nfl,prop_recyds,KXNFLRECYDS-26OCT04INDWAS-INDKALLEN10-90,Keenan Allen: 90+ receiving yards,price moved +8c,0,8,8,0,35,35,False,,,
2026-10-02T04:29:44.545424+00:00,nfl,prop_recyds,KXNFLRECYDS-26OCT04INDWAS-INDJDOWNS2-40,Josh Downs: 40+ receiving yards,volume spike x3.2,77,77,0,57,182,125,False,,,
2026-10-02T04:29:44.545424+00:00,nfl,prop_recyds,KXNFLRECYDS-26OCT04INDWAS-INDJDOWNS2-50,Josh Downs: 50+ receiving yards,volume spike x3.1,65,66,1,15,46,31,False,,,
2026-10-02T04:29:44.545424+00:00,nfl,prop_recyds,KXNFLRECYDS-26OCT04INDWAS-WASSDIGGS3-15,Stefon Diggs: 15+ receiving yards,price moved +88c,0,88,88,0,9,9,False,,,
2026-10-02T04:29:44.545424+00:00,nfl,prop_recyds,KXNFLRECYDS-26OCT04INDWAS-WASSDIGGS3-25,Stefon Diggs: 25+ receiving yards,price moved +75c,0,75,75,0,5,5,False,,,
2026-10-02T04:29:44.545424+00:00,nfl,prop_recyds,KXNFLRECYDS-26OCT04INDWAS-INDLTREADWELL13-15,Laquon Treadwell: 15+ receiving yards,price moved +51c,0,51,51,0,4,4,False,,,
2026-10-02T04:29:44.545424+00:00,nfl,prop_recyds,KXNFLRECYDS-26OCT04ARINYG-NYGCSKATTEBO44-40,Cam Skattebo: 40+ receiving yards,volume spike x3.7,18,17,-1,52,191,139,False,,,
2026-10-02T04:29:44.545424+00:00,nfl,prop_recyds,KXNFLRECYDS-26OCT04DALHOU-HOUDMONTGOMERY32-25,David Montgomery: 25+ receiving yards,price moved +18c,0,18,18,0,5,5,False,,,
2026-10-02T04:29:44.545424+00:00,nfl,prop_recyds,KXNFLRECYDS-26OCT04DALHOU-HOUDSCHULTZ86-40,Dalton Schultz: 40+ receiving yards,price moved +7c,43,50,7,1476,1879,403,False,,,
2026-10-02T04:29:44.545424+00:00,nfl,prop_recyds,KXNFLRECYDS-26OCT04DALHOU-HOUDSCHULTZ86-50,Dalton Schultz: 50+ receiving yards,volume spike x26.0,40,37,-3,2,52,50,False,,,
2026-10-02T04:29:44.545424+00:00,nfl,prop_recyds,KXNFLRECYDS-26OCT04DALHOU-DALRFLOURNOY19-50,Ryan Flournoy: 50+ receiving yards,price moved +27c,0,27,27,0,1,1,False,,,
2026-10-02T04:29:44.545424+00:00,nfl,prop_recyds,KXNFLRECYDS-26OCT04DALHOU-DALCLAMB88-40,CeeDee Lamb: 40+ receiving yards,volume spike x3.5,84,80,-4,6,21,15,False,,,
2026-10-02T04:29:44.545424+00:00,nfl,prop_recyds,KXNFLRECYDS-26OCT04DALHOU-DALCLAMB88-60,CeeDee Lamb: 60+ receiving yards,price moved +67c,0,67,67,0,25,25,False,,,
2026-10-02T04:29:44.545424+00:00,nfl,prop_recyds,KXNFLRECYDS-26OCT04DALHOU-DALGPICKENS3-50,George Pickens: 50+ receiving yards,price moved -14c,69,55,-14,99,198,99,False,,,
2026-10-02T04:29:44.545424+00:00,nfl,prop_recyds,KXNFLRECYDS-26OCT04DALHOU-DALGPICKENS3-120,George Pickens: 120+ receiving yards,price moved +9c,0,9,9,0,4,4,False,,,
2026-10-02T04:29:44.545424+00:00,nfl,prop_recyds,KXNFLRECYDS-26OCT04DALHOU-HOUXHUTCHINSON19-40,Xavier Hutchinson: 40+ receiving yards,volume spike x3.4,30,34,4,10,34,24,False,,,
2026-10-02T04:29:44.545424+00:00,nfl,prop_recyds,KXNFLRECYDS-26OCT04GBTB-TBEEGBUKA2-50,Emeka Egbuka: 50+ receiving yards,price moved +38c,0,38,38,0,11,11,False,,,
2026-10-02T04:29:44.545424+00:00,nfl,prop_recyds,KXNFLRECYDS-26OCT04GBTB-TBCOTTON88-40,Cade Otton: 40+ receiving yards,price moved +30c,0,30,30,0,10,10,False,,,
2026-10-02T04:29:44.545424+00:00,nfl,prop_recyds,KXNFLRECYDS-26OCT04JACCIN-JACJMEYERS3-60,Jakobi Meyers: 60+ receiving yards,price moved +28c,0,28,28,0,55,55,False,,,
2026-10-02T04:29:44.545424+00:00,nfl,prop_recyds,KXNFLRECYDS-26OCT04JACCIN-JACPWASHINGTON11-110,Parker Washington: 110+ receiving yards,volume spike x3.2,22,23,1,8,26,18,False,,,
2026-10-02T04:29:44.545424+00:00,nfl,prop_recyds,KXNFLRECYDS-26OCT04JACCIN-JACBTHOMAS7-30,Brian Thomas Jr.: 30+ receiving yards,price moved +48c,0,48,48,0,70,70,False,,,
2026-10-02T04:29:44.545424+00:00,nfl,prop_recyds,KXNFLRECYDS-26OCT04LARPHI-PHIDSMITH6-40,DeVonta Smith: 40+ receiving yards,price moved +9c,45,54,9,593,867,274,False,,,
2026-10-02T04:29:44.545424+00:00,nfl,prop_recyds,KXNFLRECYDS-26OCT04LARPHI-PHIDSMITH6-60,DeVonta Smith: 60+ receiving yards,price moved +9c,0,9,9,0,0,0,False,,,
2026-10-02T04:29:44.545424+00:00,nfl,prop_recyds,KXNFLRECYDS-26OCT04LARPHI-PHIDSMITH6-70,DeVonta Smith: 70+ receiving yards,price moved -9c,32,23,-9,200,200,0,False,,,
2026-10-02T04:29:44.545424+00:00,nfl,prop_recyds,KXNFLRECYDS-26OCT04LARPHI-PHIDWICKS13-70,Dontayvion Wicks: 70+ receiving yards,price moved +7c,32,39,7,3775,3786,11,False,,,
2026-10-02T04:29:44.545424+00:00,nfl,prop_recyds,KXNFLRECYDS-26OCT04LARPHI-PHIDWICKS13-90,Dontayvion Wicks: 90+ receiving yards,price moved +12c,10,22,12,5,254,249,False,,,
2026-10-02T04:29:44.545424+00:00,nfl,prop_recyds,KXNFLRECYDS-26OCT04LARPHI-PHIDWICKS13-90,Dontayvion Wicks: 90+ receiving yards,volume spike x50.8,10,22,12,5,254,249,False,,,
2026-10-02T04:29:44.545424+00:00,nfl,prop_recyds,KXNFLRECYDS-26OCT04LARPHI-LARDADAMS17-120,Davante Adams: 120+ receiving yards,volume spike x7.3,20,15,-5,23,169,146,False,,,
2026-10-02T04:29:44.545424+00:00,nfl,prop_recyds,KXNFLRECYDS-26OCT04NEBUF-BUFDKINCAID86-40,Dalton Kincaid: 40+ receiving yards,price moved +67c,0,67,67,0,25,25,False,,,
2026-10-02T04:29:44.545424+00:00,nfl,prop_recyds,KXNFLRECYDS-26OCT04NEBUF-BUFDKINCAID86-70,Dalton Kincaid: 70+ receiving yards,price moved +31c,0,31,31,0,41,41,False,,,
2026-10-02T04:29:44.545424+00:00,nfl,prop_recyds,KXNFLRECYDS-26OCT04NEBUF-BUFDMOORE2-40,DJ Moore: 40+ receiving yards,price moved +63c,0,63,63,0,25,25,False,,,
2026-10-02T04:29:44.545424+00:00,nfl,prop_recyds,KXNFLRECYDS-26OCT04NEBUF-BUFDMOORE2-60,DJ Moore: 60+ receiving yards,price moved +39c,0,39,39,0,12,12,False,,,
2026-10-02T04:29:44.545424+00:00,nfl,prop_recyds,KXNFLRECYDS-26OCT04NEBUF-NEDDOUGLAS3-25,DeMario Douglas: 25+ receiving yards,price moved +8c,48,56,8,27,28,1,False,,,
2026-10-02T04:29:44.545424+00:00,nfl,prop_recyds,KXNFLRECYDS-26OCT04NEBUF-NEHHENRY85-50,Hunter Henry: 50+ receiving yards,price moved +23c,0,23,23,0,2,2,False,,,
2026-10-02T04:29:44.545424+00:00,nfl,prop_recyds,KXNFLRECYDS-26OCT04NEBUF-NEMHOLLINS13-70,Mack Hollins: 70+ receiving yards,price moved -14c,24,10,-14,52,92,40,False,,,
2026-10-02T04:29:44.545424+00:00,nfl,prop_recyds,KXNFLRECYDS-26OCT04NEBUF-NERSTEVENSON38-15,Rhamondre Stevenson: 15+ receiving yards,volume spike x3.4,56,54,-2,18,62,44,False,,,
2026-10-02T04:29:44.545424+00:00,nfl,prop_recyds,KXNFLRECYDS-26OCT04NYJCHI-CHILBURDEN10-50,Luther Burden III: 50+ receiving yards,volume spike x3.8,48,48,0,9,34,25,False,,,
2026-10-02T04:29:44.545424+00:00,nfl,prop_recyds,KXNFLRECYDS-26OCT04NYJCHI-CHICLOVELAND84-40,Colston Loveland: 40+ receiving yards,price moved +42c,0,42,42,0,22,22,False,,,
2026-10-02T04:29:44.545424+00:00,nfl,prop_recyds,KXNFLRECYDS-26OCT04NYJCHI-NYJGWILSON5-130,Garrett Wilson: 130+ receiving yards,price moved +9c,0,9,9,0,5,5,False,,,
2026-10-02T04:29:44.545424+00:00,nfl,prop_recyds,KXNFLRECYDS-26OCT04NYJCHI-NYJBALLEN0-15,Braelon Allen: 15+ receiving yards,volume spike x501.0,40,41,1,1,501,500,False,,,
2026-10-02T04:29:44.545424+00:00,nfl,prop_recyds,KXNFLRECYDS-26OCT04TENBAL-BALDHENRY22-15,Derrick Henry: 15+ receiving yards,price moved +35c,0,35,35,0,27,27,False,,,
2026-10-02T04:29:44.545424+00:00,nfl,prop_recyds,KXNFLRECYDS-26OCT04DENSF-SFGKITTLE85-80,George Kittle: 80+ receiving yards,price moved +35c,0,35,35,0,1,1,False,,,
2026-10-02T04:29:44.545424+00:00,nfl,prop_recyds,KXNFLRECYDS-26OCT04DENSF-DENJWADDLE17-100,Jaylen Waddle: 100+ receiving yards,volume spike x21.0,15,12,-3,18,378,360,False,,,
2026-10-02T04:29:44.545424+00:00,nfl,prop_recyds,KXNFLRECYDS-26OCT04DENSF-SFKJUSZCZYK44-25,Kyle Juszczyk: 25+ receiving yards,price moved +21c,0,21,21,0,21,21,False,,,
2026-10-02T04:29:44.545424+00:00,nfl,prop_recyds,KXNFLRECYDS-26OCT04KCLV-KCTKELCE87-70,Travis Kelce: 70+ receiving yards,price moved +27c,0,27,27,0,23,23,False,,,
2026-10-02T04:29:44.545424+00:00,nfl,prop_recyds,KXNFLRECYDS-26OCT04KCLV-KCKWALKER9-40,Kenneth Walker III: 40+ receiving yards,price moved +21c,0,21,21,0,43,43,False,,,
2026-10-02T04:29:44.545424+00:00,nfl,prop_recyds,KXNFLRECYDS-26OCT04KCLV-LVBBOWERS89-80,Brock Bowers: 80+ receiving yards,volume spike x3.3,45,44,-1,60,197,137,False,,,
2026-10-02T04:29:44.545424+00:00,nfl,prop_recyds,KXNFLRECYDS-26OCT04KCLV-LVBBOWERS89-90,Brock Bowers: 90+ receiving yards,price moved +34c,0,34,34,0,70,70,False,,,
2026-10-02T04:29:44.545424+00:00,nfl,prop_recyds,KXNFLRECYDS-26OCT04KCLV-LVBBOWERS89-100,Brock Bowers: 100+ receiving yards,price moved +27c,0,27,27,0,17,17,False,,,
2026-10-02T04:29:44.545424+00:00,nfl,prop_recyds,KXNFLRECYDS-26OCT04KCLV-LVAJEANTY2-40,Ashton Jeanty: 40+ receiving yards,price moved +16c,0,16,16,0,119,119,False,,,
2026-10-02T04:29:44.545424+00:00,nfl,prop_recyds,KXNFLRECYDS-26OCT04LACSEA-SEAJSMITHNJIGBA11-100,Jaxon Smith-Njigba: 100+ receiving yards,volume spike x6.2,44,45,1,121,750,629,False,,,
2026-10-02T04:29:44.545424+00:00,nfl,prop_recyds,KXNFLRECYDS-26OCT04LACSEA-SEAJSMITHNJIGBA11-110,Jaxon Smith-Njigba: 110+ receiving yards,volume spike x6.9,36,36,0,45,311,266,False,,,
2026-10-02T04:29:44.545424+00:00,nfl,prop_recyds,KXNFLRECYDS-26OCT04LACSEA-LACQJOHNSTON1-40,Quentin Johnston: 40+ receiving yards,price moved +10c,42,52,10,15,312,297,False,,,
2026-10-02T04:29:44.545424+00:00,nfl,prop_recyds,KXNFLRECYDS-26OCT04LACSEA-LACQJOHNSTON1-40,Quentin Johnston: 40+ receiving yards,volume spike x20.8,42,52,10,15,312,297,False,,,
2026-10-02T04:29:44.545424+00:00,nfl,prop_recyds,KXNFLRECYDS-26OCT04LACSEA-LACLMCCONKEY15-70,Ladd McConkey: 70+ receiving yards,price moved +24c,0,24,24,0,9,9,False,,,
2026-10-02T04:29:44.545424+00:00,nfl,prop_recyds,KXNFLRECYDS-26OCT04LACSEA-SEARSHAHEED22-50,Rashid Shaheed: 50+ receiving yards,price moved +12c,0,12,12,0,5,5,False,,,
2026-10-02T04:29:44.545424+00:00,nfl,prop_recyds,KXNFLRECYDS-26OCT04LACSEA-SEARSHAHEED22-60,Rashid Shaheed: 60+ receiving yards,price moved +8c,0,8,8,0,17,17,False,,,
2026-10-02T04:29:44.545424+00:00,nfl,prop_recyds,KXNFLRECYDS-26OCT04LACSEA-LACTHARRIS9-40,Tre' Harris: 40+ receiving yards,price moved +16c,48,64,16,433,1035,602,False,,,
2026-10-02T04:29:44.545424+00:00,nfl,prop_recyds,KXNFLRECYDS-26OCT04DETCAR-CARCHUBBARD30-25,Chuba Hubbard: 25+ receiving yards,price moved +39c,0,39,39,0,124,124,False,,,
2026-10-02T04:29:44.545424+00:00,nfl,prop_recyds,KXNFLRECYDS-26OCT04DETCAR-DETSLAPORTA87-50,Sam LaPorta: 50+ receiving yards,price moved +50c,0,50,50,0,1,1,False,,,
2026-10-02T04:29:44.545424+00:00,nfl,prop_recyds,KXNFLRECYDS-26OCT04DETCAR-DETITESLAA18-15,Isaac TeSlaa: 15+ receiving yards,volume spike x4.5,55,54,-1,143,643,500,False,,,
2026-10-02T04:29:44.545424+00:00,nfl,prop_recyds,KXNFLRECYDS-26OCT05ATLNO-ATLDLONDON5-90,Drake London: 90+ receiving yards,price moved +41c,0,41,41,0,4,4,False,,,
2026-10-02T04:29:44.545424+00:00,nfl,prop_recyds,KXNFLRECYDS-26OCT05ATLNO-ATLKPITTS8-70,Kyle Pitts Sr.: 70+ receiving yards,price moved +11c,0,11,11,0,8,8,False,,,
2026-10-02T04:29:44.545424+00:00,nfl,prop_rec,KXNFLREC-26OCT04INDWAS-WASAWILLIAMS14-4,Antonio Williams: 4+ receptions,price moved +17c,0,17,17,0,11,11,False,,,
2026-10-02T04:29:44.545424+00:00,nfl,prop_rec,KXNFLREC-26OCT04ARINYG-NYGCSKATTEBO44-3,Cam Skattebo: 3+ receptions,price moved +49c,0,49,49,0,11,11,False,,,
2026-10-02T04:29:44.545424+00:00,nfl,prop_rec,KXNFLREC-26OCT04DALHOU-DALGPICKENS3-6,George Pickens: 6+ receptions,price moved +38c,0,38,38,0,3,3,False,,,
2026-10-02T04:29:44.545424+00:00,nfl,prop_rec,KXNFLREC-26OCT04GBTB-TBCOTTON88-3,Cade Otton: 3+ receptions,price moved +61c,0,61,61,0,268,268,False,,,
2026-10-02T04:29:44.545424+00:00,nfl,prop_rec,KXNFLREC-26OCT04GBTB-TBCGODWIN14-5,Chris Godwin Jr.: 5+ receptions,price moved +20c,0,20,20,0,23,23,False,,,
2026-10-02T04:29:44.545424+00:00,nfl,prop_rec,KXNFLREC-26OCT04GBTB-TBCGODWIN14-6,Chris Godwin Jr.: 6+ receptions,price moved +12c,0,12,12,0,25,25,False,,,
2026-10-02T04:29:44.545424+00:00,nfl,prop_rec,KXNFLREC-26OCT04JACCIN-CINMGESICKI88-3,Mike Gesicki: 3+ receptions,price moved +53c,0,53,53,0,182,182,False,,,
2026-10-02T04:29:44.545424+00:00,nfl,prop_rec,KXNFLREC-26OCT04LARPHI-PHISBARKLEY26-4,Saquon Barkley: 4+ receptions,volume spike x4.1,16,16,0,49,200,151,False,,,
2026-10-02T04:29:44.545424+00:00,nfl,prop_rec,KXNFLREC-26OCT04LARPHI-PHIDWICKS13-5,Dontayvion Wicks: 5+ receptions,volume spike x8.1,43,40,-3,180,1459,1279,False,,,
2026-10-02T04:29:44.545424+00:00,nfl,prop_rec,KXNFLREC-26OCT04LARPHI-LARDADAMS17-7,Davante Adams: 7+ receptions,price moved +24c,0,24,24,0,85,85,False,,,
2026-10-02T04:29:44.545424+00:00,nfl,prop_rec,KXNFLREC-26OCT04NEBUF-BUFDKINCAID86-3,Dalton Kincaid: 3+ receptions,price moved +85c,0,85,85,0,8,8,False,,,
2026-10-02T04:29:44.545424+00:00,nfl,prop_rec,KXNFLREC-26OCT04NEBUF-NEMHOLLINS13-5,Mack Hollins: 5+ receptions,price moved +32c,0,32,32,0,8,8,False,,,
2026-10-02T04:29:44.545424+00:00,nfl,prop_rec,KXNFLREC-26OCT04NYJCHI-NYJIDAVIS32-2,Isaiah Davis: 2+ receptions,price moved +49c,0,49,49,0,128,128,False,,,
2026-10-02T04:29:44.545424+00:00,nfl,prop_rec,KXNFLREC-26OCT04NYJCHI-NYJIDAVIS32-3,Isaiah Davis: 3+ receptions,price moved +25c,0,25,25,0,76,76,False,,,
2026-10-02T04:29:44.545424+00:00,nfl,prop_rec,KXNFLREC-26OCT04NYJCHI-NYJIDAVIS32-4,Isaiah Davis: 4+ receptions,price moved +12c,0,12,12,0,118,118,False,,,
2026-10-02T04:29:44.545424+00:00,nfl,prop_rec,KXNFLREC-26OCT04TENBAL-BALRBATEMAN7-3,Rashod Bateman: 3+ receptions,volume spike x3.2,51,51,0,400,1300,900,False,,,
2026-10-02T04:29:44.545424+00:00,nfl,prop_rec,KXNFLREC-26OCT04TENBAL-TENWROBINSON4-3,Wan'Dale Robinson: 3+ receptions,price moved +77c,0,77,77,0,1,1,False,,,
2026-10-02T04:29:44.545424+00:00,nfl,prop_rec,KXNFLREC-26OCT04MIAMIN-MINAJONES33-3,Aaron Jones Sr.: 3+ receptions,price moved +59c,0,59,59,0,58,58,False,,,
2026-10-02T04:29:44.545424+00:00,nfl,prop_rec,KXNFLREC-26OCT04DENSF-DENRHARVEY12-4,RJ Harvey: 4+ receptions,price moved +48c,0,48,48,0,0,0,False,,,
2026-10-02T04:29:44.545424+00:00,nfl,prop_rec,KXNFLREC-26OCT04KCLV-LVBBOWERS89-8,Brock Bowers: 8+ receptions,price moved +42c,0,42,42,0,57,57,False,,,
2026-10-02T04:29:44.545424+00:00,nfl,prop_rec,KXNFLREC-26OCT04KCLV-LVAJEANTY2-4,Ashton Jeanty: 4+ receptions,price moved +44c,0,44,44,0,27,27,False,,,
2026-10-02T04:29:44.545424+00:00,nfl,prop_rec,KXNFLREC-26OCT04KCLV-KCTTHORNTON2-3,Tyquan Thornton: 3+ receptions,price moved +23c,0,23,23,0,41,41,False,,,
2026-10-02T04:29:44.545424+00:00,nfl,prop_rec,KXNFLREC-26OCT04LACSEA-SEACKUPP10-3,Cooper Kupp: 3+ receptions,price moved +44c,0,44,44,0,30,30,False,,,
2026-10-02T04:29:44.545424+00:00,nfl,prop_rec,KXNFLREC-26OCT04LACSEA-SEAJSMITHNJIGBA11-10,Jaxon Smith-Njigba: 10+ receptions,price moved +16c,0,16,16,0,120,120,False,,,
2026-10-02T04:29:44.545424+00:00,nfl,prop_longrec,KXNFLLONGREC-26OCT04LARPHI-PHISBARKLEY26-9,Saquon Barkley: longest reception over 8.5 yards,price moved +68c,0,68,68,0,14,14,False,,,
2026-10-02T04:29:44.545424+00:00,nfl,prop_rryds,KXNFLRRYDS-26OCT04INDWAS-INDJTAYLOR28-110,Jonathan Taylor: 110+ rushing and receiving yards combined,price moved +57c,0,57,57,0,84,84,False,,,
2026-10-02T04:29:44.545424+00:00,nfl,prop_rryds,KXNFLRRYDS-26OCT04INDWAS-INDJTAYLOR28-135,Jonathan Taylor: 135+ rushing and receiving yards combined,price moved +53c,0,53,53,0,45,45,False,,,
2026-10-02T04:29:44.545424+00:00,nfl,prop_rryds,KXNFLRRYDS-26OCT04ARINYG-ARIJLOVE4-90,Jeremiyah Love: 90+ rushing and receiving yards combined,price moved +46c,0,46,46,0,64,64,False,,,
2026-10-02T04:29:44.545424+00:00,nfl,prop_rryds,KXNFLRRYDS-26OCT04DALHOU-DALJWILLIAMS33-80,Javonte Williams: 80+ rushing and receiving yards combined,price moved +50c,0,50,50,0,19,19,False,,,
2026-10-02T04:29:44.545424+00:00,nfl,prop_rryds,KXNFLRRYDS-26OCT04JACCIN-CINCBROWN30-115,Chase Brown: 115+ rushing and receiving yards combined,price moved +27c,0,27,27,0,1,1,False,,,
2026-10-02T04:29:44.545424+00:00,nfl,prop_rryds,KXNFLRRYDS-26OCT04LARPHI-LARKWILLIAMS23-80,Kyren Williams: 80+ rushing and receiving yards combined,price moved +48c,0,48,48,0,50,50,False,,,
2026-10-02T04:29:44.545424+00:00,nfl,prop_rryds,KXNFLRRYDS-26OCT04NEBUF-BUFJCOOK4-100,James Cook III: 100+ rushing and receiving yards combined,price moved +52c,0,52,52,0,12,12,False,,,
2026-10-02T04:29:44.545424+00:00,nfl,prop_rryds,KXNFLRRYDS-26OCT04NEBUF-BUFJCOOK4-150,James Cook III: 150+ rushing and receiving yards combined,price moved +16c,0,16,16,0,2,2,False,,,
2026-10-02T04:29:44.545424+00:00,nfl,prop_rryds,KXNFLRRYDS-26OCT04TENBAL-BALDHENRY22-135,Derrick Henry: 135+ rushing and receiving yards combined,price moved +33c,0,33,33,0,3,3,False,,,
2026-10-02T04:29:44.545424+00:00,nfl,prop_rryds,KXNFLRRYDS-26OCT04TENBAL-TENTPOLLARD20-60,Tony Pollard: 60+ rushing and receiving yards combined,price moved +52c,0,52,52,0,18,18,False,,,
2026-10-02T04:29:44.545424+00:00,nfl,prop_rryds,KXNFLRRYDS-26OCT04TENBAL-TENTPOLLARD20-85,Tony Pollard: 85+ rushing and receiving yards combined,price moved +44c,0,44,44,0,21,21,False,,,
2026-10-02T04:29:44.545424+00:00,nfl,prop_rryds,KXNFLRRYDS-26OCT04MIAMIN-MIAJWRIGHT5-40,Jaylen Wright: 40+ rushing and receiving yards combined,price moved +46c,0,46,46,0,10,10,False,,,
2026-10-02T04:29:44.545424+00:00,nfl,prop_rryds,KXNFLRRYDS-26OCT04DENSF-SFCMCCAFFREY23-110,Christian McCaffrey: 110+ rushing and receiving yards combined,price moved +53c,0,53,53,0,166,166,False,,,
2026-10-02T04:29:44.545424+00:00,nfl,prop_rryds,KXNFLRRYDS-26OCT04KCLV-LVAJEANTY2-90,Ashton Jeanty: 90+ rushing and receiving yards combined,price moved +43c,0,43,43,0,94,94,False,,,
2026-10-02T04:29:44.545424+00:00,nfl,prop_rryds,KXNFLRRYDS-26OCT04KCLV-LVAJEANTY2-115,Ashton Jeanty: 115+ rushing and receiving yards combined,price moved +23c,0,23,23,0,99,99,False,,,
2026-10-02T04:29:44.545424+00:00,nfl,prop_rryds,KXNFLRRYDS-26OCT04KCLV-KCKWALKER9-110,Kenneth Walker III: 110+ rushing and receiving yards combined,price moved +54c,0,54,54,0,144,144,False,,,
2026-10-02T04:29:44.545424+00:00,nfl,prop_rryds,KXNFLRRYDS-26OCT04KCLV-KCKWALKER9-135,Kenneth Walker III: 135+ rushing and receiving yards combined,price moved +34c,0,34,34,0,6,6,False,,,
2026-10-02T04:29:44.545424+00:00,nfl,prop_td,KXNFLTD-26OCT04INDWAS-INDDSLAYTON11-1,Darius Slayton: 1+ touchdowns,price moved +13c,0,13,13,0,745,745,False,,,
2026-10-02T04:29:44.545424+00:00,nfl,prop_td,KXNFLTD-26OCT04INDWAS-WASAEKELER30-1,Austin Ekeler: 1+ touchdowns,price moved +11c,0,11,11,0,42,42,False,,,
2026-10-02T04:29:44.545424+00:00,nfl,prop_td,KXNFLTD-26OCT04ARINYG-NYGILIKELY9-2,Isaiah Likely: 2+ touchdowns,volume spike x9.4,3,4,1,28,262,234,False,,,
2026-10-02T04:29:44.545424+00:00,nfl,prop_td,KXNFLTD-26OCT04ARINYG-NYGMNABERS1-2,Malik Nabers: 2+ touchdowns,volume spike x3.1,6,6,0,75,232,157,False,,,
2026-10-02T04:29:44.545424+00:00,nfl,prop_td,KXNFLTD-26OCT04ARINYG-NYGCSKATTEBO44-2,Cam Skattebo: 2+ touchdowns,price moved +17c,0,17,17,0,82,82,False,,,
2026-10-02T04:29:44.545424+00:00,nfl,prop_td,KXNFLTD-26OCT04ARINYG-ARIARIDST-1,ARI Cardinals D/ST: 1+ touchdowns,price moved +11c,0,11,11,0,107,107,False,,,
2026-10-02T04:29:44.545424+00:00,nfl,prop_td,KXNFLTD-26OCT04ARINYG-ARIMHARRISON18-1,Marvin Harrison Jr.: 1+ touchdowns,price moved +20c,0,20,20,0,14,14,False,,,
2026-10-02T04:29:44.545424+00:00,nfl,prop_td,KXNFLTD-26OCT04ARINYG-NYGNHARRIS23-1,Najee Harris: 1+ touchdowns,volume spike x3.8,22,21,-1,80,305,225,False,,,
2026-10-02T04:29:44.545424+00:00,nfl,prop_td,KXNFLTD-26OCT04DALHOU-HOUDMONTGOMERY32-2,David Montgomery: 2+ touchdowns,price moved +19c,0,19,19,0,49,49,False,,,
2026-10-02T04:29:44.545424+00:00,nfl,prop_td,KXNFLTD-26OCT04DALHOU-HOUJNOEL13-1,Jaylin Noel: 1+ touchdowns,price moved +13c,0,13,13,0,72,72,False,,,
2026-10-02T04:29:44.545424+00:00,nfl,prop_td,KXNFLTD-26OCT04DALHOU-HOUDSCHULTZ86-1,Dalton Schultz: 1+ touchdowns,volume spike x4.7,28,27,-1,15,70,55,False,,,
2026-10-02T04:29:44.545424+00:00,nfl,prop_td,KXNFLTD-26OCT04JACCIN-CINCBROWN30-2,Chase Brown: 2+ touchdowns,price moved +21c,0,21,21,0,22,22,False,,,
2026-10-02T04:29:44.545424+00:00,nfl,prop_td,KXNFLTD-26OCT04JACCIN-JACTHUNTER12-1,Travis Hunter: 1+ touchdowns,volume spike x8.0,7,7,0,8,64,56,False,,,
2026-10-02T04:29:44.545424+00:00,nfl,prop_td,KXNFLTD-26OCT04NEBUF-BUFDKINCAID86-2,Dalton Kincaid: 2+ touchdowns,volume spike x343.0,5,7,2,1,343,342,False,,,
2026-10-02T04:29:44.545424+00:00,nfl,prop_td,KXNFLTD-26OCT04NEBUF-BUFDMOORE2-2,DJ Moore: 2+ touchdowns,volume spike x10.8,8,8,0,37,398,361,False,,,
2026-10-02T04:29:44.545424+00:00,nfl,prop_td,KXNFLTD-26OCT04NEBUF-NERSTEVENSON38-2,Rhamondre Stevenson: 2+ touchdowns,price moved +8c,0,8,8,0,58,58,False,,,
2026-10-02T04:29:44.545424+00:00,nfl,prop_td,KXNFLTD-26OCT04NYJCHI-CHITBAGENT17-1,Tyson Bagent: 1+ touchdowns,price moved +16c,0,16,16,0,15,15,False,,,
2026-10-02T04:29:44.545424+00:00,nfl,prop_td,KXNFLTD-26OCT04NYJCHI-CHIDSWIFT4-2,D'Andre Swift: 2+ touchdowns,price moved +21c,0,21,21,0,33,33,False,,,
2026-10-02T04:29:44.545424+00:00,nfl,prop_td,KXNFLTD-26OCT04MIAMIN-MINMINDST-1,MIN Vikings D/ST: 1+ touchdowns,price moved +9c,17,26,9,1779,2205,426,False,,,
2026-10-02T04:29:44.545424+00:00,nfl,prop_td,KXNFLTD-26OCT04MIAMIN-MIAOGORDON0-1,Ollie Gordon II: 1+ touchdowns,volume spike x6.4,23,22,-1,52,331,279,False,,,
2026-10-02T04:29:44.545424+00:00,nfl,prop_td,KXNFLTD-26OCT04DENSF-DENJWADDLE17-1,Jaylen Waddle: 1+ touchdowns,volume spike x6.6,30,29,-1,57,378,321,False,,,
2026-10-02T04:29:44.545424+00:00,nfl,prop_td,KXNFLTD-26OCT04DENSF-DENDENDST-1,DEN Broncos D/ST: 1+ touchdowns,price moved +14c,0,14,14,0,67,67,False,,,
2026-10-02T04:29:44.545424+00:00,nfl,prop_td,KXNFLTD-26OCT04DENSF-DENPBRYANT13-1,Pat Bryant: 1+ touchdowns,volume spike x3.4,19,19,0,29,100,71,False,,,
2026-10-02T04:29:44.545424+00:00,nfl,prop_td,KXNFLTD-26OCT04DENSF-DENTBADIE28-1,Tyler Badie: 1+ touchdowns,price moved +7c,0,7,7,0,40,40,False,,,
2026-10-02T04:29:44.545424+00:00,nfl,prop_td,KXNFLTD-26OCT04DENSF-DENMMIMS19-1,Marvin Mims Jr.: 1+ touchdowns,price moved +8c,0,8,8,0,49,49,False,,,
2026-10-02T04:29:44.545424+00:00,nfl,prop_td,KXNFLTD-26OCT04KCLV-LVCWHITE82-2,Cody White: 2+ touchdowns,volume spike x7.0,2,2,0,233,1637,1404,False,,,
2026-10-02T04:29:44.545424+00:00,nfl,prop_td,KXNFLTD-26OCT05ATLNO-NONFANT87-1,Noah Fant: 1+ touchdowns,price moved +16c,0,16,16,0,59,59,False,,,
2026-10-02T04:29:44.545424+00:00,nfl,prop_td,KXNFLTD-26OCT05ATLNO-NOCOLAVE12-2,Chris Olave: 2+ touchdowns,price moved +11c,0,11,11,0,8,8,False,,,
2026-10-02T04:29:44.545424+00:00,nfl,prop_td,KXNFLTD-26OCT05ATLNO-NOTSHOUGH6-1,Tyler Shough: 1+ touchdowns,volume spike x5.1,20,21,1,163,828,665,False,,,
2026-10-02T04:29:44.545424+00:00,nfl,prop_td,KXNFLTD-26OCT05ATLNO-ATLZBRANCH17-1,Zachariah Branch: 1+ touchdowns,volume spike x5.9,8,8,0,58,345,287,False,,,
2026-10-02T04:29:44.545424+00:00,nfl,prop_td,KXNFLTD-26OCT05ATLNO-ATLBROBINSON7-2,Bijan Robinson: 2+ touchdowns,volume spike x4.0,27,28,1,189,765,576,False,,,
2026-10-02T04:29:44.545424+00:00,nfl,prop_td,KXNFLTD-26OCT05ATLNO-ATLBROBINSON15-2,Brian Robinson: 2+ touchdowns,volume spike x3.4,4,4,0,117,401,284,False,,,
2026-10-02T04:29:44.545424+00:00,nfl,prop_td,KXNFLTD-26OCT05ATLNO-NONODST-1,NO Saints D/ST: 1+ touchdowns,price moved +15c,0,15,15,0,6,6,False,,,
2026-10-02T04:29:44.545424+00:00,nfl,prop_td,KXNFLTD-26OCT05ATLNO-ATLATLDST-1,ATL Falcons D/ST: 1+ touchdowns,price moved +15c,0,15,15,0,157,157,False,,,
2026-10-02T04:29:44.545424+00:00,nfl,prop_firsttd,KXNFLFIRSTTD-26OCT04INDWAS-INDKALLEN10,Keenan Allen: 1st Touchdown,volume spike x16.7,6,6,0,10,167,157,False,,,
2026-10-02T04:29:44.545424+00:00,nfl,prop_firsttd,KXNFLFIRSTTD-26OCT04ARINYG-ARINO-TD,No Touchdown: 1st Touchdown,volume spike x3.1,1,1,0,225,687,462,False,,,
2026-10-02T04:29:44.545424+00:00,nfl,prop_firsttd,KXNFLFIRSTTD-26OCT04ARINYG-ARITMCBRIDE85,Trey McBride: 1st Touchdown,volume spike x20.2,10,10,0,94,1903,1809,False,,,
2026-10-02T04:29:44.545424+00:00,nfl,prop_firsttd,KXNFLFIRSTTD-26OCT04ARINYG-ARIMWILSON14,Michael Wilson: 1st Touchdown,volume spike x11.1,8,8,0,117,1294,1177,False,,,
2026-10-02T04:29:44.545424+00:00,nfl,prop_firsttd,KXNFLFIRSTTD-26OCT04DALHOU-DALJFERGUSON87,Jake Ferguson: 1st Touchdown,volume spike x3.6,5,5,0,396,1410,1014,False,,,
2026-10-02T04:29:44.545424+00:00,nfl,prop_firsttd,KXNFLFIRSTTD-26OCT04GBTB-GBMGOLDEN0,Matthew Golden: 1st Touchdown,price moved +10c,0,10,10,0,47,47,False,,,
2026-10-02T04:29:44.545424+00:00,nfl,prop_firsttd,KXNFLFIRSTTD-26OCT04GBTB-GBTKRAFT85,Tucker Kraft: 1st Touchdown,volume spike x5.1,9,9,0,267,1363,1096,False,,,
2026-10-02T04:29:44.545424+00:00,nfl,prop_firsttd,KXNFLFIRSTTD-26OCT04NEBUF-BUFDKNOX88,Dawson Knox: 1st Touchdown,volume spike x55.2,4,4,0,16,883,867,False,,,
2026-10-02T04:29:44.545424+00:00,nfl,prop_firsttd,KXNFLFIRSTTD-26OCT04NYJCHI-CHICKMET85,Cole Kmet: 1st Touchdown,volume spike x3.0,4,4,0,46,138,92,False,,,
2026-10-02T04:29:44.545424+00:00,nfl,prop_firsttd,KXNFLFIRSTTD-26OCT04DENSF-SFKJUSZCZYK44,Kyle Juszczyk: 1st Touchdown,volume spike x5.5,3,3,0,116,642,526,False,,,
2026-10-02T04:29:44.545424+00:00,nfl,prop_firsttd,KXNFLFIRSTTD-26OCT04DENSF-SFBPURDY13,Brock Purdy: 1st Touchdown,volume spike x3.4,6,6,0,111,376,265,False,,,
2026-10-02T04:29:44.545424+00:00,nfl,prop_firsttd,KXNFLFIRSTTD-26OCT04DENSF-SFDSAMUEL19,Deebo Samuel Sr.: 1st Touchdown,volume spike x3.4,8,9,1,175,593,418,False,,,
2026-10-02T04:29:44.545424+00:00,nfl,prop_firsttd,KXNFLFIRSTTD-26OCT04KCLV-KCRRICE4,Rashee Rice: 1st Touchdown,volume spike x4.2,10,10,0,286,1210,924,False,,,
2026-10-02T04:29:44.545424+00:00,nfl,prop_firsttd,KXNFLFIRSTTD-26OCT04KCLV-KCKWALKER9,Kenneth Walker III: 1st Touchdown,volume spike x3.2,20,19,-1,649,2107,1458,False,,,
2026-10-02T04:29:44.545424+00:00,nfl,prop_firsttd,KXNFLFIRSTTD-26OCT04KCLV-KCKCDST,KC Chiefs D/ST: 1st Touchdown,volume spike x35.7,5,5,0,18,643,625,False,,,
2026-10-02T04:29:44.545424+00:00,nfl,prop_firsttd,KXNFLFIRSTTD-26OCT04KCLV-KCNO-TD,No Touchdown: 1st Touchdown,volume spike x7.9,1,1,0,67,529,462,False,,,
2026-10-02T04:29:44.545424+00:00,nfl,prop_firsttd,KXNFLFIRSTTD-26OCT04LACSEA-SEAABARNER88,AJ Barner: 1st Touchdown,price moved +8c,0,8,8,0,117,117,False,,,
2026-10-02T04:29:44.545424+00:00,nfl,prop_firsttd,KXNFLFIRSTTD-26OCT04LACSEA-LACOHAMPTON8,Omarion Hampton: 1st Touchdown,price moved +14c,0,14,14,0,49,49,False,,,
2026-10-02T04:29:44.545424+00:00,nfl,prop_firsttd,KXNFLFIRSTTD-26OCT04DETCAR-CARDWALLER88,Darren Waller: 1st Touchdown,volume spike x4.0,5,5,0,668,2698,2030,False,,,
2026-10-02T04:29:44.545424+00:00,nfl,prop_firsttd,KXNFLFIRSTTD-26OCT04DETCAR-CARBYOUNG9,Bryce Young: 1st Touchdown,volume spike x5.3,4,4,0,66,351,285,False,,,
2026-10-02T04:29:44.545424+00:00,nfl,prop_firsttd,KXNFLFIRSTTD-26OCT04DETCAR-DETJGIBBS0,Jahmyr Gibbs: 1st Touchdown,volume spike x13.0,25,23,-2,147,1910,1763,False,,,
2026-10-02T04:29:44.545424+00:00,nfl,prop_firsttd,KXNFLFIRSTTD-26OCT04DETCAR-DETASTBROWN14,Amon-Ra St. Brown: 1st Touchdown,volume spike x4.8,13,13,0,45,216,171,False,,,
2026-10-02T04:29:44.545424+00:00,nfl,prop_firsttd,KXNFLFIRSTTD-26OCT04DETCAR-DETJWILLIAMS1,Jameson Williams: 1st Touchdown,price moved +8c,0,8,8,0,1031,1031,False,,,
2026-10-02T04:29:44.545424+00:00,nfl,prop_firsttd,KXNFLFIRSTTD-26OCT05ATLNO-NOJJOHNSON83,Juwan Johnson: 1st Touchdown,price moved +8c,0,8,8,0,11,11,False,,,
2026-10-02T04:29:44.545424+00:00,nfl,prop_firsttd,KXNFLFIRSTTD-26OCT05ATLNO-NOCOLAVE12,Chris Olave: 1st Touchdown,volume spike x15.0,12,12,0,3,45,42,False,,,
2026-10-02T04:29:44.545424+00:00,nfl,prop_ffpts,KXNFLFFPTS-26OCT04INDWAS-WASMMARIOTA8-16P7,Marcus Mariota: Over 16.7 fantasy points,price moved +11c,44,55,11,37,46,9,False,,,
2026-10-02T04:29:44.545424+00:00,nfl,prop_ffpts,KXNFLFFPTS-26OCT04INDWAS-INDJTAYLOR28-21P6,Jonathan Taylor: Over 21.6 fantasy points,price moved +48c,0,48,48,0,188,188,False,,,
2026-10-02T04:29:44.545424+00:00,nfl,prop_ffpts,KXNFLFFPTS-26OCT04ARINYG-ARIJBRISSETT7-15P8,Jacoby Brissett: Over 15.8 fantasy points,price moved +60c,0,60,60,0,40,40,False,,,
2026-10-02T04:29:44.545424+00:00,nfl,prop_ffpts,KXNFLFFPTS-26OCT04GBTB-TBCMCLAUGHLIN4-7P7,Chase McLaughlin: Over 7.7 fantasy points,price moved +54c,0,54,54,0,17,17,False,,,
2026-10-02T04:29:44.545424+00:00,nfl,prop_ffpts,KXNFLFFPTS-26OCT04GBTB-GBTSMACK28-8P2,Trey Smack: Over 8.2 fantasy points,price moved +52c,0,52,52,0,22,22,False,,,
2026-10-02T04:29:44.545424+00:00,nfl,prop_ffpts,KXNFLFFPTS-26OCT04LARPHI-PHIDWICKS13-8P8,Dontayvion Wicks: Over 8.8 fantasy points,volume spike x11.2,62,65,3,15,168,153,False,,,
2026-10-02T04:29:44.545424+00:00,nfl,prop_ffpts,KXNFLFFPTS-26OCT04NEBUF-BUFJALLEN17-23P1,Josh Allen: Over 23.1 fantasy points,price moved +55c,0,55,55,0,40,40,False,,,
2026-10-02T04:29:44.545424+00:00,nfl,prop_ffpts,KXNFLFFPTS-26OCT04NEBUF-BUFDKINCAID86-12P2,Dalton Kincaid: Over 12.2 fantasy points,price moved +55c,0,55,55,0,3,3,False,,,
2026-10-02T04:29:44.545424+00:00,nfl,prop_ffpts,KXNFLFFPTS-26OCT04MIAMIN-MINJADDISON3-10P8,Jordan Addison: Over 10.8 fantasy points,price moved +55c,0,55,55,0,8,8,False,,,
2026-10-02T04:29:44.545424+00:00,nfl,prop_ffpts,KXNFLFFPTS-26OCT04MIAMIN-MINJJENNINGS14-9P1,Jauan Jennings: Over 9.1 fantasy points,price moved +19c,0,19,19,0,500,500,False,,,
2026-10-02T04:29:44.545424+00:00,nfl,prop_ffpts,KXNFLFFPTS-26OCT04MIAMIN-MINWREICHARD16-9P2,Will Reichard: Over 9.2 fantasy points,price moved +51c,0,51,51,0,37,37,False,,,
2026-10-02T04:29:44.545424+00:00,nfl,prop_ffpts,KXNFLFFPTS-26OCT04DENSF-SFCMCCAFFREY23-18P7,Christian McCaffrey: Over 18.7 fantasy points,price moved +70c,0,70,70,0,14,14,False,,,
2026-10-02T04:29:44.545424+00:00,nfl,prop_ffpts,KXNFLFFPTS-26OCT04LACSEA-SEAJSMITHNJIGBA11-22P2,Jaxon Smith-Njigba: Over 22.2 fantasy points,price moved +50c,0,50,50,0,24,24,False,,,
2026-10-02T08:31:20.734744+00:00,nfl,prop_passyds,KXNFLPASSYDS-26OCT04INDWAS-WASMMARIOTA8-150,Marcus Mariota: 150+ passing yards,price moved -13c,83,70,-13,7,10,3,False,,,
2026-10-02T08:31:20.734744+00:00,nfl,prop_passyds,KXNFLPASSYDS-26OCT04INDWAS-WASMMARIOTA8-225,Marcus Mariota: 225+ passing yards,price moved +7c,37,44,7,1148,1201,53,False,,,
2026-10-02T08:31:20.734744+00:00,nfl,prop_passyds,KXNFLPASSYDS-26OCT04INDWAS-INDDJONES17-250,Daniel Jones: 250+ passing yards,volume spike x7.0,37,39,2,271,1889,1618,False,,,
2026-10-02T08:31:20.734744+00:00,nfl,prop_passyds,KXNFLPASSYDS-26OCT04ARINYG-NYGJWINSTON19-350,Jameis Winston: 350+ passing yards,volume spike x7.7,2,4,2,55,426,371,False,,,
2026-10-02T08:31:20.734744+00:00,nfl,prop_passyds,KXNFLPASSYDS-26OCT04ARINYG-ARIJBRISSETT7-150,Jacoby Brissett: 150+ passing yards,price moved +90c,0,90,90,0,1,1,False,,,
2026-10-02T08:31:20.734744+00:00,nfl,prop_passyds,KXNFLPASSYDS-26OCT04ARINYG-ARIJBRISSETT7-175,Jacoby Brissett: 175+ passing yards,price moved +82c,0,82,82,0,3,3,False,,,
2026-10-02T08:31:20.734744+00:00,nfl,prop_passyds,KXNFLPASSYDS-26OCT04DALHOU-DALDPRESCOTT4-225,Dak Prescott: 225+ passing yards,price moved +74c,0,74,74,0,13,13,False,,,
2026-10-02T08:31:20.734744+00:00,nfl,prop_passyds,KXNFLPASSYDS-26OCT04GBTB-GBJLOVE10-150,Jordan Love: 150+ passing yards,price moved +92c,0,92,92,0,8,8,False,,,
2026-10-02T08:31:20.734744+00:00,nfl,prop_passyds,KXNFLPASSYDS-26OCT04GBTB-GBJLOVE10-300,Jordan Love: 300+ passing yards,volume spike x10.6,21,24,3,71,756,685,False,,,
2026-10-02T08:31:20.734744+00:00,nfl,prop_passyds,KXNFLPASSYDS-26OCT04LARPHI-PHIJHURTS1-125,Jalen Hurts: 125+ passing yards,price moved -12c,87,75,-12,36,113,77,False,,,
2026-10-02T08:31:20.734744+00:00,nfl,prop_passyds,KXNFLPASSYDS-26OCT04LARPHI-PHIJHURTS1-125,Jalen Hurts: 125+ passing yards,volume spike x3.1,87,75,-12,36,113,77,False,,,
2026-10-02T08:31:20.734744+00:00,nfl,prop_passyds,KXNFLPASSYDS-26OCT04TENBAL-BALLJACKSON8-200,Lamar Jackson: 200+ passing yards,price moved +63c,0,63,63,0,15,15,False,,,
2026-10-02T08:31:20.734744+00:00,nfl,prop_passyds,KXNFLPASSYDS-26OCT04TENBAL-TENCWARD1-125,Cam Ward: 125+ passing yards,price moved +83c,0,83,83,0,1,1,False,,,
2026-10-02T08:31:20.734744+00:00,nfl,prop_passyds,KXNFLPASSYDS-26OCT04DENSF-SFBPURDY13-350,Brock Purdy: 350+ passing yards,price moved +7c,0,7,7,0,222,222,False,,,
2026-10-02T08:31:20.734744+00:00,nfl,prop_passyds,KXNFLPASSYDS-26OCT04LACSEA-SEASDARNOLD14-275,Sam Darnold: 275+ passing yards,price moved +28c,0,28,28,0,17,17,False,,,
2026-10-02T08:31:20.734744+00:00,nfl,prop_passyds,KXNFLPASSYDS-26OCT05ATLNO-ATLMPENIX9-250,Michael Penix Jr.: 250+ passing yards,volume spike x3.5,38,38,0,20,71,51,False,,,
2026-10-02T08:31:20.734744+00:00,nfl,prop_passtds,KXNFLPASSTDS-26OCT04JACCIN-JACTLAWRENCE16-4,Trevor Lawrence: 4+ passing touchdowns,volume spike x5.2,9,9,0,25,129,104,False,,,
2026-10-02T08:31:20.734744+00:00,nfl,prop_passtds,KXNFLPASSTDS-26OCT04NYJCHI-NYJGSMITH7-2,Geno Smith: 2+ passing touchdowns,price moved +37c,0,37,37,0,25,25,False,,,
2026-10-02T08:31:20.734744+00:00,nfl,prop_passtds,KXNFLPASSTDS-26OCT04NYJCHI-NYJGSMITH7-3,Geno Smith: 3+ passing touchdowns,price moved +13c,0,13,13,0,7,7,False,,,
2026-10-02T08:31:20.734744+00:00,nfl,prop_passtds,KXNFLPASSTDS-26OCT04DETCAR-CARBYOUNG9-4,Bryce Young: 4+ passing touchdowns,volume spike x6.2,8,9,1,10,62,52,False,,,
2026-10-02T08:31:20.734744+00:00,nfl,prop_passtds,KXNFLPASSTDS-26OCT04DETCAR-DETJGOFF16-4,Jared Goff: 4+ passing touchdowns,volume spike x7.3,11,11,0,49,356,307,False,,,
2026-10-02T08:31:20.734744+00:00,nfl,prop_passint,KXNFLPASSINT-26OCT04INDWAS-INDDJONES17-1,Daniel Jones: 1+ passing interceptions,price moved +46c,0,46,46,0,27,27,False,,,
2026-10-02T08:31:20.734744+00:00,nfl,prop_passint,KXNFLPASSINT-26OCT04DALHOU-DALDPRESCOTT4-1,Dak Prescott: 1+ passing interceptions,volume spike x7.7,52,52,0,3,23,20,False,,,
2026-10-02T08:31:20.734744+00:00,nfl,prop_passint,KXNFLPASSINT-26OCT04LARPHI-LARMSTAFFORD9-1,Matthew Stafford: 1+ passing interceptions,price moved +50c,0,50,50,0,16,16,False,,,
2026-10-02T08:31:20.734744+00:00,nfl,prop_passint,KXNFLPASSINT-26OCT04DENSF-DENBNIX10-1,Bo Nix: 1+ passing interceptions,price moved +55c,0,55,55,0,21,21,False,,,
2026-10-02T08:31:20.734744+00:00,nfl,prop_passint,KXNFLPASSINT-26OCT04KCLV-KCPMAHOMES15-1,Patrick Mahomes: 1+ passing interceptions,price moved +47c,0,47,47,0,20,20,False,,,
2026-10-02T08:31:20.734744+00:00,nfl,prop_passcomp,KXNFLPASSCOMP-26OCT04ARINYG-ARIJBRISSETT7-19,Jacoby Brissett: 19+ passing completions,price moved +84c,0,84,84,0,1,1,False,,,
2026-10-02T08:31:20.734744+00:00,nfl,prop_passcomp,KXNFLPASSCOMP-26OCT04NEBUF-BUFJALLEN17-20,Josh Allen: 20+ passing completions,price moved +55c,0,55,55,0,175,175,False,,,
2026-10-02T08:31:20.734744+00:00,nfl,prop_passatt,KXNFLPASSATT-26OCT04ARINYG-ARIJBRISSETT7-30,Jacoby Brissett: 30+ passing attempts,price moved +79c,0,79,79,0,1,1,False,,,
2026-10-02T08:31:20.734744+00:00,nfl,prop_passatt,KXNFLPASSATT-26OCT04DALHOU-HOUCSTROUD7-33,C.J. Stroud: 33+ passing attempts,volume spike x9.6,52,52,0,93,897,804,False,,,
2026-10-02T08:31:20.734744+00:00,nfl,prop_passatt,KXNFLPASSATT-26OCT04DALHOU-HOUCSTROUD7-38,C.J. Stroud: 38+ passing attempts,price moved +24c,0,24,24,0,1250,1250,False,,,
2026-10-02T08:31:20.734744+00:00,nfl,prop_passatt,KXNFLPASSATT-26OCT04NEBUF-BUFJALLEN17-25,Josh Allen: 25+ passing attempts,price moved +10c,73,83,10,49,60,11,False,,,
2026-10-02T08:31:20.734744+00:00,nfl,prop_passatt,KXNFLPASSATT-26OCT04TENBAL-TENCWARD1-34,Cam Ward: 34+ passing attempts,price moved +46c,0,46,46,0,175,175,False,,,
2026-10-02T08:31:20.734744+00:00,nfl,prop_passatt,KXNFLPASSATT-26OCT04TENBAL-BALLJACKSON8-28,Lamar Jackson: 28+ passing attempts,price moved +50c,0,50,50,0,1,1,False,,,
2026-10-02T08:31:20.734744+00:00,nfl,prop_passatt,KXNFLPASSATT-26OCT04KCLV-LVKCOUSINS8-34,Kirk Cousins: 34+ passing attempts,price moved +53c,0,53,53,0,300,300,False,,,
2026-10-02T08:31:20.734744+00:00,nfl,prop_rshyds,KXNFLRSHYDS-26OCT04INDWAS-WASMMARIOTA8-10,Marcus Mariota: 10+ rushing yards,volume spike x3.4,87,88,1,9,31,22,False,,,
2026-10-02T08:31:20.734744+00:00,nfl,prop_rshyds,KXNFLRSHYDS-26OCT04INDWAS-WASMMARIOTA8-15,Marcus Mariota: 15+ rushing yards,volume spike x6.0,77,77,0,5,30,25,False,,,
2026-10-02T08:31:20.734744+00:00,nfl,prop_rshyds,KXNFLRSHYDS-26OCT04INDWAS-WASMMARIOTA8-30,Marcus Mariota: 30+ rushing yards,price moved +7c,39,46,7,94,101,7,False,,,
2026-10-02T08:31:20.734744+00:00,nfl,prop_rshyds,KXNFLRSHYDS-26OCT04INDWAS-WASMMARIOTA8-40,Marcus Mariota: 40+ rushing yards,price moved +29c,0,29,29,0,9,9,False,,,
2026-10-02T08:31:20.734744+00:00,nfl,prop_rshyds,KXNFLRSHYDS-26OCT04INDWAS-WASMMARIOTA8-50,Marcus Mariota: 50+ rushing yards,price moved +18c,0,18,18,0,10,10,False,,,
2026-10-02T08:31:20.734744+00:00,nfl,prop_rshyds,KXNFLRSHYDS-26OCT04INDWAS-WASMMARIOTA8-70,Marcus Mariota: 70+ rushing yards,price moved +7c,0,7,7,0,13,13,False,,,
2026-10-02T08:31:20.734744+00:00,nfl,prop_rshyds,KXNFLRSHYDS-26OCT04GBTB-TBJDANIELS10-50,Jalon Daniels: 50+ rushing yards,price moved +32c,0,32,32,0,41,41,False,,,
2026-10-02T08:31:20.734744+00:00,nfl,prop_rshyds,KXNFLRSHYDS-26OCT04GBTB-TBBIRVING7-50,Bucky Irving: 50+ rushing yards,price moved +58c,0,58,58,0,66,66,False,,,
2026-10-02T08:31:20.734744+00:00,nfl,prop_rshyds,KXNFLRSHYDS-26OCT04GBTB-TBBIRVING7-70,Bucky Irving: 70+ rushing yards,price moved +8c,26,34,8,31,36,5,False,,,
2026-10-02T08:31:20.734744+00:00,nfl,prop_rshyds,KXNFLRSHYDS-26OCT04GBTB-TBBIRVING7-120,Bucky Irving: 120+ rushing yards,volume spike x3.5,5,6,1,6,21,15,False,,,
2026-10-02T08:31:20.734744+00:00,nfl,prop_rshyds,KXNFLRSHYDS-26OCT04GBTB-TBKGAINWELL1-50,Kenny Gainwell: 50+ rushing yards,price moved +9c,0,9,9,0,20,20,False,,,
2026-10-02T08:31:20.734744+00:00,nfl,prop_rshyds,KXNFLRSHYDS-26OCT04JACCIN-JACBTUTEN33-120,Bhayshul Tuten: 120+ rushing yards,volume spike x8.4,6,6,0,187,1579,1392,False,,,
2026-10-02T08:31:20.734744+00:00,nfl,prop_rshyds,KXNFLRSHYDS-26OCT04NEBUF-BUFJALLEN17-70,Josh Allen: 70+ rushing yards,price moved +11c,0,11,11,0,76,76,False,,,
2026-10-02T08:31:20.734744+00:00,nfl,prop_rshyds,KXNFLRSHYDS-26OCT04NYJCHI-CHIDSWIFT4-50,D'Andre Swift: 50+ rushing yards,price moved +60c,0,60,60,0,11,11,False,,,
2026-10-02T08:31:20.734744+00:00,nfl,prop_rshyds,KXNFLRSHYDS-26OCT04NYJCHI-NYJBALLEN0-60,Braelon Allen: 60+ rushing yards,price moved -14c,47,33,-14,98,136,38,False,,,
2026-10-02T08:31:20.734744+00:00,nfl,prop_rshyds,KXNFLRSHYDS-26OCT04TENBAL-TENTPOLLARD20-40,Tony Pollard: 40+ rushing yards,price moved +61c,0,61,61,0,159,159,False,,,
2026-10-02T08:31:20.734744+00:00,nfl,prop_rshyds,KXNFLRSHYDS-26OCT04TENBAL-TENTPOLLARD20-60,Tony Pollard: 60+ rushing yards,volume spike x11.5,36,35,-1,26,299,273,False,,,
2026-10-02T08:31:20.734744+00:00,nfl,prop_rshyds,KXNFLRSHYDS-26OCT04MIAMIN-MINAJONES33-60,Aaron Jones Sr.: 60+ rushing yards,price moved +60c,0,60,60,0,162,162,False,,,
2026-10-02T08:31:20.734744+00:00,nfl,prop_rshyds,KXNFLRSHYDS-26OCT04MIAMIN-MINAJONES33-70,Aaron Jones Sr.: 70+ rushing yards,volume spike x5.4,49,48,-1,49,264,215,False,,,
2026-10-02T08:31:20.734744+00:00,nfl,prop_rshyds,KXNFLRSHYDS-26OCT04MIAMIN-MINAJONES33-80,Aaron Jones Sr.: 80+ rushing yards,volume spike x23.2,38,36,-2,12,278,266,False,,,
2026-10-02T08:31:20.734744+00:00,nfl,prop_rshyds,KXNFLRSHYDS-26OCT04MIAMIN-MINAJONES33-90,Aaron Jones Sr.: 90+ rushing yards,price moved +28c,0,28,28,0,340,340,False,,,
2026-10-02T08:31:20.734744+00:00,nfl,prop_rshyds,KXNFLRSHYDS-26OCT04DENSF-DENBNIX10-10,Bo Nix: 10+ rushing yards,price moved +74c,0,74,74,0,0,0,False,,,
2026-10-02T08:31:20.734744+00:00,nfl,prop_rshyds,KXNFLRSHYDS-26OCT04DENSF-DENBNIX10-30,Bo Nix: 30+ rushing yards,volume spike x26.5,21,26,5,4,106,102,False,,,
2026-10-02T08:31:20.734744+00:00,nfl,prop_rshyds,KXNFLRSHYDS-26OCT04KCLV-LVAJEANTY2-100,Ashton Jeanty: 100+ rushing yards,volume spike x5.8,17,15,-2,122,702,580,False,,,
2026-10-02T08:31:20.734744+00:00,nfl,prop_rshyds,KXNFLRSHYDS-26OCT04KCLV-KCKWALKER9-100,Kenneth Walker III: 100+ rushing yards,volume spike x3.4,37,35,-2,23,78,55,False,,,
2026-10-02T08:31:20.734744+00:00,nfl,prop_rshyds,KXNFLRSHYDS-26OCT04KCLV-LVMWASHINGTON4-40,Mike Washington Jr.: 40+ rushing yards,price moved +11c,15,26,11,333,3524,3191,False,,,
2026-10-02T08:31:20.734744+00:00,nfl,prop_rshyds,KXNFLRSHYDS-26OCT04KCLV-LVMWASHINGTON4-40,Mike Washington Jr.: 40+ rushing yards,volume spike x10.6,15,26,11,333,3524,3191,False,,,
2026-10-02T08:31:20.734744+00:00,nfl,prop_rshyds,KXNFLRSHYDS-26OCT04DETCAR-DETJGIBBS0-90,Jahmyr Gibbs: 90+ rushing yards,volume spike x6.2,58,57,-1,33,204,171,False,,,
2026-10-02T08:31:20.734744+00:00,nfl,prop_rshyds,KXNFLRSHYDS-26OCT04DETCAR-DETSVAKI33-10,Sione Vaki: 10+ rushing yards,volume spike x446.0,53,58,5,5,2230,2225,False,,,
2026-10-02T08:31:20.734744+00:00,nfl,prop_rshyds,KXNFLRSHYDS-26OCT05ATLNO-ATLBROBINSON7-80,Bijan Robinson: 80+ rushing yards,volume spike x6.9,58,59,1,28,192,164,False,,,
2026-10-02T08:31:20.734744+00:00,nfl,prop_rshyds,KXNFLRSHYDS-26OCT05ATLNO-ATLBROBINSON7-100,Bijan Robinson: 100+ rushing yards,volume spike x3.1,35,39,4,142,442,300,False,,,
2026-10-02T08:31:20.734744+00:00,nfl,prop_rshatt,KXNFLRSHATT-26OCT04NEBUF-NERSTEVENSON38-9,Rhamondre Stevenson: 9+ rushing attempts,price moved +49c,0,49,49,0,147,147,False,,,
2026-10-02T08:31:20.734744+00:00,nfl,prop_rshatt,KXNFLRSHATT-26OCT04MIAMIN-MIAJWRIGHT5-8,Jaylen Wright: 8+ rushing attempts,volume spike x3.8,50,50,0,144,544,400,False,,,
2026-10-02T08:31:20.734744+00:00,nfl,prop_rshatt,KXNFLRSHATT-26OCT04DENSF-SFCMCCAFFREY23-16,Christian McCaffrey: 16+ rushing attempts,price moved +56c,0,56,56,0,335,335,False,,,
2026-10-02T08:31:20.734744+00:00,nfl,prop_rshatt,KXNFLRSHATT-26OCT04KCLV-LVAJEANTY2-18,Ashton Jeanty: 18+ rushing attempts,price moved +43c,0,43,43,0,53,53,False,,,
2026-10-02T08:31:20.734744+00:00,nfl,prop_rshatt,KXNFLRSHATT-26OCT04DETCAR-CARBYOUNG9-3,Bryce Young: 3+ rushing attempts,price moved +55c,0,55,55,0,253,253,False,,,
2026-10-02T08:31:20.734744+00:00,nfl,prop_longrsh,KXNFLLONGRSH-26OCT04DALHOU-DALJWILLIAMS33-13,Javonte Williams: longest rush over 12.5 yards,price moved +56c,0,56,56,0,3,3,False,,,
2026-10-02T08:31:20.734744+00:00,nfl,prop_longrsh,KXNFLLONGRSH-26OCT04JACCIN-CINJBURROW9-8,Joe Burrow: longest rush over 7.5 yards,price moved +52c,0,52,52,0,46,46,False,,,
2026-10-02T08:31:20.734744+00:00,nfl,prop_longrsh,KXNFLLONGRSH-26OCT04JACCIN-JACTLAWRENCE16-9,Trevor Lawrence: longest rush over 8.5 yards,price moved +58c,0,58,58,0,58,58,False,,,
2026-10-02T08:31:20.734744+00:00,nfl,prop_longrsh,KXNFLLONGRSH-26OCT04NEBUF-NERSTEVENSON38-11,Rhamondre Stevenson: longest rush over 10.5 yards,price moved +55c,0,55,55,0,17,17,False,,,
2026-10-02T08:31:20.734744+00:00,nfl,prop_recyds,KXNFLRECYDS-26OCT04INDWAS-INDTWARREN84-100,Tyler Warren: 100+ receiving yards,price moved +8c,0,8,8,0,23,23,False,,,
2026-10-02T08:31:20.734744+00:00,nfl,prop_recyds,KXNFLRECYDS-26OCT04INDWAS-INDTWARREN84-110,Tyler Warren: 110+ receiving yards,price moved +7c,0,7,7,0,27,27,False,,,
2026-10-02T08:31:20.734744+00:00,nfl,prop_recyds,KXNFLRECYDS-26OCT04INDWAS-WASSDIGGS3-25,Stefon Diggs: 25+ receiving yards,volume spike x3.4,75,76,1,5,17,12,False,,,
2026-10-02T08:31:20.734744+00:00,nfl,prop_recyds,KXNFLRECYDS-26OCT04INDWAS-WASSDIGGS3-80,Stefon Diggs: 80+ receiving yards,volume spike x13.6,13,18,5,5,68,63,False,,,
2026-10-02T08:31:20.734744+00:00,nfl,prop_recyds,KXNFLRECYDS-26OCT04ARINYG-ARIMWILSON14-100,Michael Wilson: 100+ receiving yards,price moved +15c,0,15,15,0,12,12,False,,,
2026-10-02T08:31:20.734744+00:00,nfl,prop_recyds,KXNFLRECYDS-26OCT04ARINYG-ARIMWILSON14-110,Michael Wilson: 110+ receiving yards,price moved +12c,0,12,12,0,15,15,False,,,
2026-10-02T08:31:20.734744+00:00,nfl,prop_recyds,KXNFLRECYDS-26OCT04ARINYG-ARIMWILSON14-120,Michael Wilson: 120+ receiving yards,price moved +8c,0,8,8,0,23,23,False,,,
2026-10-02T08:31:20.734744+00:00,nfl,prop_recyds,KXNFLRECYDS-26OCT04ARINYG-NYGCSKATTEBO44-25,Cam Skattebo: 25+ receiving yards,price moved +37c,0,37,37,0,7,7,False,,,
2026-10-02T08:31:20.734744+00:00,nfl,prop_recyds,KXNFLRECYDS-26OCT04ARINYG-NYGDMOONEY17-25,Darnell Mooney: 25+ receiving yards,price moved +43c,0,43,43,0,11,11,False,,,
2026-10-02T08:31:20.734744+00:00,nfl,prop_recyds,KXNFLRECYDS-26OCT04GBTB-GBMGOLDEN0-70,Matthew Golden: 70+ receiving yards,price moved +39c,0,39,39,0,7,7,False,,,
2026-10-02T08:31:20.734744+00:00,nfl,prop_recyds,KXNFLRECYDS-26OCT04GBTB-GBMGOLDEN0-90,Matthew Golden: 90+ receiving yards,price moved +23c,0,23,23,0,8,8,False,,,
2026-10-02T08:31:20.734744+00:00,nfl,prop_recyds,KXNFLRECYDS-26OCT04GBTB-GBMGOLDEN0-110,Matthew Golden: 110+ receiving yards,price moved +13c,0,13,13,0,14,14,False,,,
2026-10-02T08:31:20.734744+00:00,nfl,prop_recyds,KXNFLRECYDS-26OCT04GBTB-GBMGOLDEN0-120,Matthew Golden: 120+ receiving yards,price moved +10c,0,10,10,0,18,18,False,,,
2026-10-02T08:31:20.734744+00:00,nfl,prop_recyds,KXNFLRECYDS-26OCT04GBTB-GBMGOLDEN0-130,Matthew Golden: 130+ receiving yards,price moved +7c,0,7,7,0,26,26,False,,,
2026-10-02T08:31:20.734744+00:00,nfl,prop_recyds,KXNFLRECYDS-26OCT04GBTB-GBCWATSON9-60,Christian Watson: 60+ receiving yards,volume spike x4.0,57,58,1,25,101,76,False,,,
2026-10-02T08:31:20.734744+00:00,nfl,prop_recyds,KXNFLRECYDS-26OCT04JACCIN-CINMGESICKI88-40,Mike Gesicki: 40+ receiving yards,price moved +34c,0,34,34,0,100,100,False,,,
2026-10-02T08:31:20.734744+00:00,nfl,prop_recyds,KXNFLRECYDS-26OCT04JACCIN-JACBTHOMAS7-25,Brian Thomas Jr.: 25+ receiving yards,price moved +56c,0,56,56,0,18,18,False,,,
2026-10-02T08:31:20.734744+00:00,nfl,prop_recyds,KXNFLRECYDS-26OCT04JACCIN-JACBTHOMAS7-30,Brian Thomas Jr.: 30+ receiving yards,volume spike x8.1,48,49,1,70,569,499,False,,,
2026-10-02T08:31:20.734744+00:00,nfl,prop_recyds,KXNFLRECYDS-26OCT04JACCIN-JACBTHOMAS7-40,Brian Thomas Jr.: 40+ receiving yards,price moved +34c,0,34,34,0,2,2,False,,,
2026-10-02T08:31:20.734744+00:00,nfl,prop_recyds,KXNFLRECYDS-26OCT04JACCIN-JACBTHOMAS7-50,Brian Thomas Jr.: 50+ receiving yards,volume spike x32.7,23,25,2,12,392,380,False,,,
2026-10-02T08:31:20.734744+00:00,nfl,prop_recyds,KXNFLRECYDS-26OCT04LARPHI-PHIDSMITH6-60,DeVonta Smith: 60+ receiving yards,price moved +26c,9,35,26,0,15,15,False,,,
2026-10-02T08:31:20.734744+00:00,nfl,prop_recyds,KXNFLRECYDS-26OCT04LARPHI-LARKWILLIAMS23-40,Kyren Williams: 40+ receiving yards,price moved +12c,0,12,12,0,78,78,False,,,
2026-10-02T08:31:20.734744+00:00,nfl,prop_recyds,KXNFLRECYDS-26OCT04NYJCHI-CHILBURDEN10-60,Luther Burden III: 60+ receiving yards,price moved +35c,0,35,35,0,10,10,False,,,
2026-10-02T08:31:20.734744+00:00,nfl,prop_recyds,KXNFLRECYDS-26OCT04NYJCHI-CHILBURDEN10-80,Luther Burden III: 80+ receiving yards,price moved +18c,0,18,18,0,25,25,False,,,
2026-10-02T08:31:20.734744+00:00,nfl,prop_recyds,KXNFLRECYDS-26OCT04NYJCHI-CHILBURDEN10-100,Luther Burden III: 100+ receiving yards,volume spike x97.5,6,9,3,4,390,386,False,,,
2026-10-02T08:31:20.734744+00:00,nfl,prop_recyds,KXNFLRECYDS-26OCT04TENBAL-BALRBATEMAN7-25,Rashod Bateman: 25+ receiving yards,price moved +62c,0,62,62,0,250,250,False,,,
2026-10-02T08:31:20.734744+00:00,nfl,prop_recyds,KXNFLRECYDS-26OCT04TENBAL-BALRBATEMAN7-60,Rashod Bateman: 60+ receiving yards,price moved +22c,0,22,22,0,67,67,False,,,
2026-10-02T08:31:20.734744+00:00,nfl,prop_recyds,KXNFLRECYDS-26OCT04TENBAL-TENCTATE14-50,Carnell Tate: 50+ receiving yards,volume spike x160.0,42,42,0,1,160,159,False,,,
2026-10-02T08:31:20.734744+00:00,nfl,prop_recyds,KXNFLRECYDS-26OCT04DENSF-DENEENGRAM1-25,Evan Engram: 25+ receiving yards,volume spike x9.9,33,36,3,15,148,133,False,,,
2026-10-02T08:31:20.734744+00:00,nfl,prop_recyds,KXNFLRECYDS-26OCT04KCLV-LVBBOWERS89-100,Brock Bowers: 100+ receiving yards,volume spike x3.1,27,27,0,17,52,35,False,,,
2026-10-02T08:31:20.734744+00:00,nfl,prop_recyds,KXNFLRECYDS-26OCT04KCLV-LVAJEANTY2-50,Ashton Jeanty: 50+ receiving yards,volume spike x7.6,9,13,4,10,76,66,False,,,
2026-10-02T08:31:20.734744+00:00,nfl,prop_recyds,KXNFLRECYDS-26OCT04LACSEA-SEACKUPP10-40,Cooper Kupp: 40+ receiving yards,price moved +30c,0,30,30,0,88,88,False,,,
2026-10-02T08:31:20.734744+00:00,nfl,prop_recyds,KXNFLRECYDS-26OCT04LACSEA-SEAJSMITHNJIGBA11-60,Jaxon Smith-Njigba: 60+ receiving yards,volume spike x3.9,79,80,1,28,108,80,False,,,
2026-10-02T08:31:20.734744+00:00,nfl,prop_recyds,KXNFLRECYDS-26OCT04LACSEA-LACQJOHNSTON1-60,Quentin Johnston: 60+ receiving yards,volume spike x3.2,21,26,5,8,26,18,False,,,
2026-10-02T08:31:20.734744+00:00,nfl,prop_recyds,KXNFLRECYDS-26OCT04LACSEA-LACLMCCONKEY15-40,Ladd McConkey: 40+ receiving yards,price moved +50c,0,50,50,0,16,16,False,,,
2026-10-02T08:31:20.734744+00:00,nfl,prop_recyds,KXNFLRECYDS-26OCT04LACSEA-LACLMCCONKEY15-90,Ladd McConkey: 90+ receiving yards,price moved +16c,0,16,16,0,13,13,False,,,
2026-10-02T08:31:20.734744+00:00,nfl,prop_recyds,KXNFLRECYDS-26OCT04LACSEA-LACLMCCONKEY15-100,Ladd McConkey: 100+ receiving yards,price moved +12c,0,12,12,0,17,17,False,,,
2026-10-02T08:31:20.734744+00:00,nfl,prop_recyds,KXNFLRECYDS-26OCT04LACSEA-LACLMCCONKEY15-110,Ladd McConkey: 110+ receiving yards,price moved +13c,0,13,13,0,16,16,False,,,
2026-10-02T08:31:20.734744+00:00,nfl,prop_recyds,KXNFLRECYDS-26OCT04DETCAR-DETJGIBBS0-90,Jahmyr Gibbs: 90+ receiving yards,price moved +7c,0,7,7,0,40,40,False,,,
2026-10-02T08:31:20.734744+00:00,nfl,prop_recyds,KXNFLRECYDS-26OCT04DETCAR-DETASTBROWN14-140,Amon-Ra St. Brown: 140+ receiving yards,price moved +11c,0,11,11,0,18,18,False,,,
2026-10-02T08:31:20.734744+00:00,nfl,prop_recyds,KXNFLRECYDS-26OCT04DETCAR-DETJWILLIAMS1-70,Jameson Williams: 70+ receiving yards,volume spike x6.2,33,33,0,184,1144,960,False,,,
2026-10-02T08:31:20.734744+00:00,nfl,prop_recyds,KXNFLRECYDS-26OCT05ATLNO-NOAKAMARA41-15,Alvin Kamara: 15+ receiving yards,price moved +55c,0,55,55,0,79,79,False,,,
2026-10-02T08:31:20.734744+00:00,nfl,prop_recyds,KXNFLRECYDS-26OCT05ATLNO-NOCOLAVE12-70,Chris Olave: 70+ receiving yards,price moved +68c,0,68,68,0,0,0,False,,,
2026-10-02T08:31:20.734744+00:00,nfl,prop_recyds,KXNFLRECYDS-26OCT05ATLNO-NOCOLAVE12-90,Chris Olave: 90+ receiving yards,volume spike x4.4,48,49,1,58,256,198,False,,,
2026-10-02T08:31:20.734744+00:00,nfl,prop_recyds,KXNFLRECYDS-26OCT05ATLNO-ATLDLONDON5-70,Drake London: 70+ receiving yards,price moved +61c,0,61,61,0,0,0,False,,,
2026-10-02T08:31:20.734744+00:00,nfl,prop_recyds,KXNFLRECYDS-26OCT05ATLNO-ATLBROBINSON7-25,Bijan Robinson: 25+ receiving yards,price moved +75c,0,75,75,0,0,0,False,,,
2026-10-02T08:31:20.734744+00:00,nfl,prop_rec,KXNFLREC-26OCT04INDWAS-INDJDOWNS2-5,Josh Downs: 5+ receptions,volume spike x3.6,61,63,2,15,54,39,False,,,
2026-10-02T08:31:20.734744+00:00,nfl,prop_rec,KXNFLREC-26OCT04INDWAS-INDJDOWNS2-6,Josh Downs: 6+ receptions,volume spike x10.2,45,44,-1,12,122,110,False,,,
2026-10-02T08:31:20.734744+00:00,nfl,prop_rec,KXNFLREC-26OCT04INDWAS-INDTWARREN84-8,Tyler Warren: 8+ receptions,price moved +23c,0,23,23,0,20,20,False,,,
2026-10-02T08:31:20.734744+00:00,nfl,prop_rec,KXNFLREC-26OCT04INDWAS-INDLTREADWELL13-2,Laquon Treadwell: 2+ receptions,price moved +38c,0,38,38,0,20,20,False,,,
2026-10-02T08:31:20.734744+00:00,nfl,prop_rec,KXNFLREC-26OCT04ARINYG-NYGDMOONEY17-3,Darnell Mooney: 3+ receptions,price moved +33c,0,33,33,0,14,14,False,,,
2026-10-02T08:31:20.734744+00:00,nfl,prop_rec,KXNFLREC-26OCT04ARINYG-ARIMHARRISON18-3,Marvin Harrison Jr.: 3+ receptions,price moved +48c,0,48,48,0,70,70,False,,,
2026-10-02T08:31:20.734744+00:00,nfl,prop_rec,KXNFLREC-26OCT04ARINYG-ARIMHARRISON18-6,Marvin Harrison Jr.: 6+ receptions,price moved +9c,0,9,9,0,104,104,False,,,
2026-10-02T08:31:20.734744+00:00,nfl,prop_rec,KXNFLREC-26OCT04GBTB-GBSMOORE23-3,Skyy Moore: 3+ receptions,volume spike x4.1,35,35,0,50,205,155,False,,,
2026-10-02T08:31:20.734744+00:00,nfl,prop_rec,KXNFLREC-26OCT04GBTB-TBTHURST17-2,Ted Hurst III: 2+ receptions,price moved +62c,0,62,62,0,0,0,False,,,
2026-10-02T08:31:20.734744+00:00,nfl,prop_rec,KXNFLREC-26OCT04JACCIN-JACPWASHINGTON11-6,Parker Washington: 6+ receptions,volume spike x3.9,44,45,1,21,81,60,False,,,
2026-10-02T08:31:20.734744+00:00,nfl,prop_rec,KXNFLREC-26OCT04JACCIN-JACPWASHINGTON11-7,Parker Washington: 7+ receptions,price moved +32c,0,32,32,0,47,47,False,,,
2026-10-02T08:31:20.734744+00:00,nfl,prop_rec,KXNFLREC-26OCT04JACCIN-JACPWASHINGTON11-8,Parker Washington: 8+ receptions,price moved +20c,0,20,20,0,23,23,False,,,
2026-10-02T08:31:20.734744+00:00,nfl,prop_rec,KXNFLREC-26OCT04LARPHI-PHIDCOOPER80-2,Darius Cooper: 2+ receptions,price moved +51c,0,51,51,0,246,246,False,,,
2026-10-02T08:31:20.734744+00:00,nfl,prop_rec,KXNFLREC-26OCT04NYJCHI-CHILBURDEN10-5,Luther Burden III: 5+ receptions,price moved +48c,0,48,48,0,30,30,False,,,
2026-10-02T08:31:20.734744+00:00,nfl,prop_rec,KXNFLREC-26OCT04MIAMIN-MIAMWASHINGTON6-4,Malik Washington: 4+ receptions,price moved +57c,0,57,57,0,510,510,False,,,
2026-10-02T08:31:20.734744+00:00,nfl,prop_rec,KXNFLREC-26OCT04MIAMIN-MIAJWRIGHT5-2,Jaylen Wright: 2+ receptions,price moved +33c,0,33,33,0,14,14,False,,,
2026-10-02T08:31:20.734744+00:00,nfl,prop_rec,KXNFLREC-26OCT04KCLV-KCTKELCE87-7,Travis Kelce: 7+ receptions,price moved +18c,0,18,18,0,249,249,False,,,
2026-10-02T08:31:20.734744+00:00,nfl,prop_rec,KXNFLREC-26OCT04LACSEA-SEARSHAHEED22-3,Rashid Shaheed: 3+ receptions,price moved +39c,0,39,39,0,36,36,False,,,
2026-10-02T08:31:20.734744+00:00,nfl,prop_rec,KXNFLREC-26OCT04LACSEA-SEAJSMITHNJIGBA11-6,Jaxon Smith-Njigba: 6+ receptions,price moved +71c,0,71,71,0,1,1,False,,,
2026-10-02T08:31:20.734744+00:00,nfl,prop_rec,KXNFLREC-26OCT04DETCAR-CARDWALLER88-3,Darren Waller: 3+ receptions,volume spike x22.2,59,60,1,31,687,656,False,,,
2026-10-02T08:31:20.734744+00:00,nfl,prop_rec,KXNFLREC-26OCT04DETCAR-DETJGIBBS0-5,Jahmyr Gibbs: 5+ receptions,price moved +50c,0,50,50,0,27,27,False,,,
2026-10-02T08:31:20.734744+00:00,nfl,prop_longrec,KXNFLLONGREC-26OCT04TENBAL-TENCTATE14-18,Carnell Tate: longest reception over 17.5 yards,price moved +55c,0,55,55,0,31,31,False,,,
2026-10-02T08:31:20.734744+00:00,nfl,prop_longrec,KXNFLLONGREC-26OCT04TENBAL-BALZFLOWERS4-25,Zay Flowers: longest reception over 24.5 yards,price moved +55c,0,55,55,0,52,52,False,,,
2026-10-02T08:31:20.734744+00:00,nfl,prop_rryds,KXNFLRRYDS-26OCT04ARINYG-ARIJLOVE4-115,Jeremiyah Love: 115+ rushing and receiving yards combined,price moved +26c,0,26,26,0,36,36,False,,,
2026-10-02T08:31:20.734744+00:00,nfl,prop_rryds,KXNFLRRYDS-26OCT04GBTB-TBKGAINWELL1-80,Kenny Gainwell: 80+ rushing and receiving yards combined,price moved +10c,0,10,10,0,47,47,False,,,
2026-10-02T08:31:20.734744+00:00,nfl,prop_rryds,KXNFLRRYDS-26OCT04LARPHI-PHISBARKLEY26-115,Saquon Barkley: 115+ rushing and receiving yards combined,price moved +30c,0,30,30,0,93,93,False,,,
2026-10-02T08:31:20.734744+00:00,nfl,prop_rryds,KXNFLRRYDS-26OCT04LARPHI-LARKWILLIAMS23-105,Kyren Williams: 105+ rushing and receiving yards combined,price moved +26c,0,26,26,0,107,107,False,,,
2026-10-02T08:31:20.734744+00:00,nfl,prop_rryds,KXNFLRRYDS-26OCT04NEBUF-BUFJCOOK4-125,James Cook III: 125+ rushing and receiving yards combined,volume spike x14.4,31,31,0,170,2440,2270,False,,,
2026-10-02T08:31:20.734744+00:00,nfl,prop_rryds,KXNFLRRYDS-26OCT04NEBUF-BUFJCOOK4-150,James Cook III: 150+ rushing and receiving yards combined,volume spike x45.0,16,16,0,2,90,88,False,,,
2026-10-02T08:31:20.734744+00:00,nfl,prop_rryds,KXNFLRRYDS-26OCT04TENBAL-BALDHENRY22-135,Derrick Henry: 135+ rushing and receiving yards combined,volume spike x20.0,33,33,0,3,60,57,False,,,
2026-10-02T08:31:20.734744+00:00,nfl,prop_rryds,KXNFLRRYDS-26OCT04KCLV-KCKWALKER9-135,Kenneth Walker III: 135+ rushing and receiving yards combined,volume spike x21.7,34,34,0,6,130,124,False,,,
2026-10-02T08:31:20.734744+00:00,nfl,prop_td,KXNFLTD-26OCT04INDWAS-WASKALLEN31-1,Kaytron Allen: 1+ touchdowns,price moved -8c,19,11,-8,33319,33609,290,False,,,
2026-10-02T08:31:20.734744+00:00,nfl,prop_td,KXNFLTD-26OCT04ARINYG-ARIMHARRISON18-1,Marvin Harrison Jr.: 1+ touchdowns,volume spike x7.6,20,20,0,14,107,93,False,,,
2026-10-02T08:31:20.734744+00:00,nfl,prop_td,KXNFLTD-26OCT04ARINYG-NYGTJOHNSON84-1,Theo Johnson: 1+ touchdowns,price moved +11c,0,11,11,0,1,1,False,,,
2026-10-02T08:31:20.734744+00:00,nfl,prop_td,KXNFLTD-26OCT04GBTB-TBEEGBUKA2-2,Emeka Egbuka: 2+ touchdowns,volume spike x118.0,5,4,-1,3,354,351,False,,,
2026-10-02T08:31:20.734744+00:00,nfl,prop_td,KXNFLTD-26OCT04GBTB-TBSTUCKER44-2,Sean Tucker: 2+ touchdowns,volume spike x5.7,1,1,0,300,1702,1402,False,,,
2026-10-02T08:31:20.734744+00:00,nfl,prop_td,KXNFLTD-26OCT04GBTB-GBJSMITH18-1,Jonnu Smith: 1+ touchdowns,volume spike x5.2,12,12,0,78,406,328,False,,,
2026-10-02T08:31:20.734744+00:00,nfl,prop_td,KXNFLTD-26OCT04JACCIN-CINCBROWN30-2,Chase Brown: 2+ touchdowns,volume spike x3.0,21,18,-3,22,66,44,False,,,
2026-10-02T08:31:20.734744+00:00,nfl,prop_td,KXNFLTD-26OCT04JACCIN-JACBTHOMAS7-1,Brian Thomas Jr.: 1+ touchdowns,volume spike x3.3,22,23,1,180,592,412,False,,,
2026-10-02T08:31:20.734744+00:00,nfl,prop_td,KXNFLTD-26OCT04NEBUF-NEECHISM86-1,Efton Chism III: 1+ touchdowns,volume spike x3.4,7,7,0,22,74,52,False,,,
2026-10-02T08:31:20.734744+00:00,nfl,prop_td,KXNFLTD-26OCT04NYJCHI-CHILBURDEN10-1,Luther Burden III: 1+ touchdowns,volume spike x3.2,29,30,1,36,117,81,False,,,
2026-10-02T08:31:20.734744+00:00,nfl,prop_td,KXNFLTD-26OCT04NYJCHI-NYJBALLEN0-2,Braelon Allen: 2+ touchdowns,price moved +11c,0,11,11,0,4,4,False,,,
2026-10-02T08:31:20.734744+00:00,nfl,prop_td,KXNFLTD-26OCT04NYJCHI-NYJIDAVIS32-1,Isaiah Davis: 1+ touchdowns,price moved +22c,0,22,22,0,4,4,False,,,
2026-10-02T08:31:20.734744+00:00,nfl,prop_td,KXNFLTD-26OCT04MIAMIN-MINAJONES33-2,Aaron Jones Sr.: 2+ touchdowns,volume spike x8.9,19,19,0,9,80,71,False,,,
2026-10-02T08:31:20.734744+00:00,nfl,prop_td,KXNFLTD-26OCT04MIAMIN-MINJADDISON3-2,Jordan Addison: 2+ touchdowns,price moved +10c,0,10,10,0,94,94,False,,,
2026-10-02T08:31:20.734744+00:00,nfl,prop_td,KXNFLTD-26OCT04MIAMIN-MINMPRICE4-1,Myles Price: 1+ touchdowns,price moved +9c,0,9,9,0,261,261,False,,,
2026-10-02T08:31:20.734744+00:00,nfl,prop_td,KXNFLTD-26OCT04MIAMIN-MIAJWRIGHT5-1,Jaylen Wright: 1+ touchdowns,price moved +20c,0,20,20,0,85,85,False,,,
2026-10-02T08:31:20.734744+00:00,nfl,prop_td,KXNFLTD-26OCT04DENSF-DENJDOBBINS27-1,J.K. Dobbins: 1+ touchdowns,volume spike x7.7,41,42,1,17,131,114,False,,,
2026-10-02T08:31:20.734744+00:00,nfl,prop_td,KXNFLTD-26OCT04DENSF-DENPBRYANT13-1,Pat Bryant: 1+ touchdowns,volume spike x3.1,19,20,1,100,315,215,False,,,
2026-10-02T08:31:20.734744+00:00,nfl,prop_td,KXNFLTD-26OCT04DENSF-DENTBADIE28-1,Tyler Badie: 1+ touchdowns,volume spike x4.3,7,7,0,40,174,134,False,,,
2026-10-02T08:31:20.734744+00:00,nfl,prop_td,KXNFLTD-26OCT04KCLV-LVMBENSON19-1,Malik Benson: 1+ touchdowns,price moved +7c,0,7,7,0,107,107,False,,,
2026-10-02T08:31:20.734744+00:00,nfl,prop_td,KXNFLTD-26OCT04KCLV-LVLVDST-1,LV Raiders D/ST: 1+ touchdowns,price moved +10c,0,10,10,0,20,20,False,,,
2026-10-02T08:31:20.734744+00:00,nfl,prop_td,KXNFLTD-26OCT04LACSEA-SEAJSMITHNJIGBA11-3,Jaxon Smith-Njigba: 3+ touchdowns,volume spike x3.5,4,3,-1,1135,3940,2805,False,,,
2026-10-02T08:31:20.734744+00:00,nfl,prop_td,KXNFLTD-26OCT04LACSEA-LACLMCCONKEY15-1,Ladd McConkey: 1+ touchdowns,volume spike x3.3,24,22,-2,79,258,179,False,,,
2026-10-02T08:31:20.734744+00:00,nfl,prop_td,KXNFLTD-26OCT05ATLNO-NOCOLAVE12-1,Chris Olave: 1+ touchdowns,volume spike x4.4,44,44,0,69,305,236,False,,,
2026-10-02T08:31:20.734744+00:00,nfl,prop_firsttd,KXNFLFIRSTTD-26OCT04JACCIN-JACPWASHINGTON11,Parker Washington: 1st Touchdown,price moved +9c,0,9,9,0,20,20,False,,,
2026-10-02T08:31:20.734744+00:00,nfl,prop_firsttd,KXNFLFIRSTTD-26OCT04NYJCHI-CHILBURDEN10,Luther Burden III: 1st Touchdown,volume spike x3.8,8,9,1,114,430,316,False,,,
2026-10-02T08:31:20.734744+00:00,nfl,prop_firsttd,KXNFLFIRSTTD-26OCT04MIAMIN-MINKMURRAY1,Kyler Murray: 1st Touchdown,price moved +8c,0,8,8,0,72,72,False,,,
2026-10-02T08:31:20.734744+00:00,nfl,prop_firsttd,KXNFLFIRSTTD-26OCT04DENSF-SFKBLACK26,Kaelon Black: 1st Touchdown,volume spike x20.5,5,6,1,19,389,370,False,,,
2026-10-02T08:31:20.734744+00:00,nfl,prop_firsttd,KXNFLFIRSTTD-26OCT04DENSF-DENBNIX10,Bo Nix: 1st Touchdown,volume spike x6.1,5,5,0,79,484,405,False,,,
2026-10-02T08:31:20.734744+00:00,nfl,prop_firsttd,KXNFLFIRSTTD-26OCT04DETCAR-CARTTREMBLE82,Tommy Tremble: 1st Touchdown,volume spike x4.3,4,3,-1,234,1014,780,False,,,
2026-10-02T08:31:20.734744+00:00,nfl,prop_firsttd,KXNFLFIRSTTD-26OCT04DETCAR-DETSLAPORTA87,Sam LaPorta: 1st Touchdown,volume spike x5.6,8,6,-2,23,128,105,False,,,
2026-10-02T08:31:20.734744+00:00,nfl,prop_ffpts,KXNFLFFPTS-26OCT04JACCIN-JACPWASHINGTON11-17P1,Parker Washington: Over 17.1 fantasy points,price moved +55c,0,55,55,0,44,44,False,,,
2026-10-02T08:31:20.734744+00:00,nfl,prop_ffpts,KXNFLFFPTS-26OCT04NEBUF-NEDMAYE10-18P3,Drake Maye: Over 18.3 fantasy points,price moved -42c,74,32,-42,16,16,0,False,,,
2026-10-02T08:31:20.734744+00:00,nfl,prop_ffpts,KXNFLFFPTS-26OCT04NYJCHI-CHIKMONANGAI25-9P1,Kyle Monangai: Over 9.1 fantasy points,price moved +45c,0,45,45,0,0,0,False,,,
2026-10-02T08:31:20.734744+00:00,nfl,prop_ffpts,KXNFLFFPTS-26OCT04NYJCHI-CHIDSWIFT4-16P6,D'Andre Swift: Over 16.6 fantasy points,price moved +29c,0,29,29,0,0,0,False,,,
2026-10-02T08:31:20.734744+00:00,nfl,prop_ffpts,KXNFLFFPTS-26OCT04TENBAL-BALBALDST-9P7,BAL Ravens D/ST: Over 9.7 fantasy points,price moved +50c,0,50,50,0,0,0,False,,,
2026-10-02T08:31:20.734744+00:00,nfl,prop_ffpts,KXNFLFFPTS-26OCT04DENSF-SFBPURDY13-20,Brock Purdy: Over 20 fantasy points,price moved +57c,0,57,57,0,16,16,False,,,
2026-10-02T08:31:20.734744+00:00,nfl,prop_ffpts,KXNFLFFPTS-26OCT04DENSF-DENBNIX10-18P2,Bo Nix: Over 18.2 fantasy points,price moved +54c,0,54,54,0,17,17,False,,,
2026-10-02T08:31:20.734744+00:00,nfl,prop_ffpts,KXNFLFFPTS-26OCT04DETCAR-DETJGIBBS0-24P8,Jahmyr Gibbs: Over 24.8 fantasy points,price moved +57c,0,57,57,0,0,0,False,,,
2026-10-02T12:35:08.334783+00:00,nfl,prop_passyds,KXNFLPASSYDS-26OCT04INDWAS-WASMMARIOTA8-150,Marcus Mariota: 150+ passing yards,price moved +11c,70,81,11,10,41,31,False,,,
2026-10-02T12:35:08.334783+00:00,nfl,prop_passyds,KXNFLPASSYDS-26OCT04INDWAS-WASMMARIOTA8-150,Marcus Mariota: 150+ passing yards,volume spike x4.1,70,81,11,10,41,31,False,,,
2026-10-02T12:35:08.334783+00:00,nfl,prop_passyds,KXNFLPASSYDS-26OCT04GBTB-TBJDANIELS10-125,Jalon Daniels: 125+ passing yards,price moved +10c,65,75,10,60,857,797,False,,,
2026-10-02T12:35:08.334783+00:00,nfl,prop_passyds,KXNFLPASSYDS-26OCT04GBTB-TBJDANIELS10-125,Jalon Daniels: 125+ passing yards,volume spike x14.3,65,75,10,60,857,797,False,,,
2026-10-02T12:35:08.334783+00:00,nfl,prop_passyds,KXNFLPASSYDS-26OCT04GBTB-GBJLOVE10-325,Jordan Love: 325+ passing yards,price moved +16c,0,16,16,0,14,14,False,,,
2026-10-02T12:35:08.334783+00:00,nfl,prop_passyds,KXNFLPASSYDS-26OCT04TENBAL-BALLJACKSON8-200,Lamar Jackson: 200+ passing yards,volume spike x3.4,63,60,-3,15,51,36,False,,,
2026-10-02T12:35:08.334783+00:00,nfl,prop_passyds,KXNFLPASSYDS-26OCT04MIAMIN-MINKMURRAY1-175,Kyler Murray: 175+ passing yards,price moved +69c,0,69,69,0,49,49,False,,,
2026-10-02T12:35:08.334783+00:00,nfl,prop_passyds,KXNFLPASSYDS-26OCT04LACSEA-SEASDARNOLD14-325,Sam Darnold: 325+ passing yards,volume spike x9.7,12,12,0,29,281,252,False,,,
2026-10-02T12:35:08.334783+00:00,nfl,prop_passyds,KXNFLPASSYDS-26OCT04LACSEA-SEASDARNOLD14-350,Sam Darnold: 350+ passing yards,price moved +7c,0,7,7,0,370,370,False,,,
2026-10-02T12:35:08.334783+00:00,nfl,prop_passtds,KXNFLPASSTDS-26OCT04GBTB-GBJLOVE10-4,Jordan Love: 4+ passing touchdowns,price moved +7c,0,7,7,0,13,13,False,,,
2026-10-02T12:35:08.334783+00:00,nfl,prop_passtds,KXNFLPASSTDS-26OCT04JACCIN-JACTLAWRENCE16-2,Trevor Lawrence: 2+ passing touchdowns,volume spike x5.1,56,56,0,21,108,87,False,,,
2026-10-02T12:35:08.334783+00:00,nfl,prop_passint,KXNFLPASSINT-26OCT04INDWAS-INDDJONES17-1,Daniel Jones: 1+ passing interceptions,volume spike x3.3,46,46,0,27,90,63,False,,,
2026-10-02T12:35:08.334783+00:00,nfl,prop_passint,KXNFLPASSINT-26OCT04JACCIN-CINJBURROW9-1,Joe Burrow: 1+ passing interceptions,price moved +49c,0,49,49,0,94,94,False,,,
2026-10-02T12:35:08.334783+00:00,nfl,prop_passint,KXNFLPASSINT-26OCT04NEBUF-BUFJALLEN17-1,Josh Allen: 1+ passing interceptions,volume spike x32.7,43,45,2,20,654,634,False,,,
2026-10-02T12:35:08.334783+00:00,nfl,prop_passint,KXNFLPASSINT-26OCT04NEBUF-BUFJALLEN17-2,Josh Allen: 2+ passing interceptions,price moved +15c,0,15,15,0,294,294,False,,,
2026-10-02T12:35:08.334783+00:00,nfl,prop_passint,KXNFLPASSINT-26OCT04NYJCHI-CHITBAGENT17-2,Tyson Bagent: 2+ passing interceptions,price moved -14c,27,13,-14,18,19,1,False,,,
2026-10-02T12:35:08.334783+00:00,nfl,prop_passint,KXNFLPASSINT-26OCT04MIAMIN-MIAMWILLIS2-1,Malik Willis: 1+ passing interceptions,volume spike x11.5,55,61,6,15,173,158,False,,,
2026-10-02T12:35:08.334783+00:00,nfl,prop_passint,KXNFLPASSINT-26OCT04MIAMIN-MIAMWILLIS2-2,Malik Willis: 2+ passing interceptions,price moved +26c,0,26,26,0,357,357,False,,,
2026-10-02T12:35:08.334783+00:00,nfl,prop_passint,KXNFLPASSINT-26OCT04DENSF-DENBNIX10-1,Bo Nix: 1+ passing interceptions,volume spike x6.0,55,54,-1,21,125,104,False,,,
2026-10-02T12:35:08.334783+00:00,nfl,prop_passcomp,KXNFLPASSCOMP-26OCT04INDWAS-WASMMARIOTA8-15,Marcus Mariota: 15+ passing completions,price moved +78c,0,78,78,0,1,1,False,,,
2026-10-02T12:35:08.334783+00:00,nfl,prop_passcomp,KXNFLPASSCOMP-26OCT04NEBUF-NEDMAYE10-25,Drake Maye: 25+ passing completions,price moved +12c,0,12,12,0,46,46,False,,,
2026-10-02T12:35:08.334783+00:00,nfl,prop_passcomp,KXNFLPASSCOMP-26OCT04TENBAL-TENCWARD1-25,Cam Ward: 25+ passing completions,price moved +13c,0,13,13,0,49,49,False,,,
2026-10-02T12:35:08.334783+00:00,nfl,prop_passcomp,KXNFLPASSCOMP-26OCT04KCLV-KCPMAHOMES15-21,Patrick Mahomes: 21+ passing completions,price moved +52c,0,52,52,0,2,2,False,,,
2026-10-02T12:35:08.334783+00:00,nfl,prop_passcomp,KXNFLPASSCOMP-26OCT04KCLV-KCPMAHOMES15-26,Patrick Mahomes: 26+ passing completions,price moved +12c,0,12,12,0,2,2,False,,,
2026-10-02T12:35:08.334783+00:00,nfl,prop_passcomp,KXNFLPASSCOMP-26OCT04LACSEA-LACJHERBERT10-19,Justin Herbert: 19+ passing completions,price moved +50c,0,50,50,0,2,2,False,,,
2026-10-02T12:35:08.334783+00:00,nfl,prop_passatt,KXNFLPASSATT-26OCT04INDWAS-WASMMARIOTA8-36,Marcus Mariota: 36+ passing attempts,price moved +21c,0,21,21,0,1,1,False,,,
2026-10-02T12:35:08.334783+00:00,nfl,prop_passatt,KXNFLPASSATT-26OCT04NYJCHI-CHITBAGENT17-25,Tyson Bagent: 25+ passing attempts,price moved +75c,0,75,75,0,25,25,False,,,
2026-10-02T12:35:08.334783+00:00,nfl,prop_passatt,KXNFLPASSATT-26OCT04NYJCHI-CHITBAGENT17-35,Tyson Bagent: 35+ passing attempts,price moved +20c,0,20,20,0,49,49,False,,,
2026-10-02T12:35:08.334783+00:00,nfl,prop_passatt,KXNFLPASSATT-26OCT04TENBAL-BALLJACKSON8-28,Lamar Jackson: 28+ passing attempts,volume spike x47.0,50,46,-4,1,47,46,False,,,
2026-10-02T12:35:08.334783+00:00,nfl,prop_passatt,KXNFLPASSATT-26OCT04MIAMIN-MINKMURRAY1-29,Kyler Murray: 29+ passing attempts,price moved +49c,0,49,49,0,37,37,False,,,
2026-10-02T12:35:08.334783+00:00,nfl,prop_passatt,KXNFLPASSATT-26OCT04DENSF-DENBNIX10-35,Bo Nix: 35+ passing attempts,price moved +52c,0,52,52,0,38,38,False,,,
2026-10-02T12:35:08.334783+00:00,nfl,prop_rshyds,KXNFLRSHYDS-26OCT04INDWAS-WASJCROSKEYMERRITT22-50,Jacory Croskey-Merritt: 50+ rushing yards,volume spike x3.2,60,65,5,135,437,302,False,,,
2026-10-02T12:35:08.334783+00:00,nfl,prop_rshyds,KXNFLRSHYDS-26OCT04ARINYG-ARITALLGEIER22-25,Tyler Allgeier: 25+ rushing yards,price moved +40c,0,40,40,0,1,1,False,,,
2026-10-02T12:35:08.334783+00:00,nfl,prop_rshyds,KXNFLRSHYDS-26OCT04GBTB-TBBIRVING7-50,Bucky Irving: 50+ rushing yards,volume spike x3.6,58,59,1,66,235,169,False,,,
2026-10-02T12:35:08.334783+00:00,nfl,prop_rshyds,KXNFLRSHYDS-26OCT04GBTB-TBKGAINWELL1-25,Kenny Gainwell: 25+ rushing yards,price moved +27c,0,27,27,0,13,13,False,,,
2026-10-02T12:35:08.334783+00:00,nfl,prop_rshyds,KXNFLRSHYDS-26OCT04JACCIN-CINSPERINE34-25,Samaje Perine: 25+ rushing yards,price moved +23c,0,23,23,0,7,7,False,,,
2026-10-02T12:35:08.334783+00:00,nfl,prop_rshyds,KXNFLRSHYDS-26OCT04JACCIN-CINSPERINE34-30,Samaje Perine: 30+ rushing yards,price moved +16c,0,16,16,0,7,7,False,,,
2026-10-02T12:35:08.334783+00:00,nfl,prop_rshyds,KXNFLRSHYDS-26OCT04TENBAL-BALDHENRY22-160,Derrick Henry: 160+ rushing yards,price moved +10c,0,10,10,0,100,100,False,,,
2026-10-02T12:35:08.334783+00:00,nfl,prop_rshyds,KXNFLRSHYDS-26OCT04MIAMIN-MIAOGORDON0-10,Ollie Gordon II: 10+ rushing yards,price moved +79c,0,79,79,0,828,828,False,,,
2026-10-02T12:35:08.334783+00:00,nfl,prop_rshyds,KXNFLRSHYDS-26OCT04MIAMIN-MIAOGORDON0-15,Ollie Gordon II: 15+ rushing yards,volume spike x5.7,72,70,-2,100,572,472,False,,,
2026-10-02T12:35:08.334783+00:00,nfl,prop_rshyds,KXNFLRSHYDS-26OCT04MIAMIN-MIAOGORDON0-50,Ollie Gordon II: 50+ rushing yards,volume spike x5.0,18,19,1,28,140,112,False,,,
2026-10-02T12:35:08.334783+00:00,nfl,prop_rshyds,KXNFLRSHYDS-26OCT04DENSF-SFKBLACK26-20,Kaelon Black: 20+ rushing yards,price moved +60c,0,60,60,0,0,0,False,,,
2026-10-02T12:35:08.334783+00:00,nfl,prop_rshyds,KXNFLRSHYDS-26OCT04DENSF-SFKBLACK26-40,Kaelon Black: 40+ rushing yards,volume spike x45.4,24,24,0,7,318,311,False,,,
2026-10-02T12:35:08.334783+00:00,nfl,prop_rshyds,KXNFLRSHYDS-26OCT04DENSF-SFKBLACK26-50,Kaelon Black: 50+ rushing yards,price moved +15c,0,15,15,0,264,264,False,,,
2026-10-02T12:35:08.334783+00:00,nfl,prop_rshyds,KXNFLRSHYDS-26OCT04DENSF-DENJDOBBINS27-50,J.K. Dobbins: 50+ rushing yards,price moved +48c,0,48,48,0,22,22,False,,,
2026-10-02T12:35:08.334783+00:00,nfl,prop_rshyds,KXNFLRSHYDS-26OCT04DENSF-DENRHARVEY12-25,RJ Harvey: 25+ rushing yards,price moved +27c,0,27,27,0,4,4,False,,,
2026-10-02T12:35:08.334783+00:00,nfl,prop_rshyds,KXNFLRSHYDS-26OCT04DENSF-DENRHARVEY12-30,RJ Harvey: 30+ rushing yards,price moved +19c,0,19,19,0,3,3,False,,,
2026-10-02T12:35:08.334783+00:00,nfl,prop_rshyds,KXNFLRSHYDS-26OCT04KCLV-KCPMAHOMES15-30,Patrick Mahomes: 30+ rushing yards,volume spike x3.3,23,23,0,10,33,23,False,,,
2026-10-02T12:35:08.334783+00:00,nfl,prop_rshyds,KXNFLRSHYDS-26OCT04LACSEA-SEAJPRICE8-70,Jadarian Price: 70+ rushing yards,price moved +8c,14,22,8,8,116,108,False,,,
2026-10-02T12:35:08.334783+00:00,nfl,prop_rshyds,KXNFLRSHYDS-26OCT04LACSEA-SEAJPRICE8-70,Jadarian Price: 70+ rushing yards,volume spike x14.5,14,22,8,8,116,108,False,,,
2026-10-02T12:35:08.334783+00:00,nfl,prop_rshyds,KXNFLRSHYDS-26OCT04LACSEA-SEASDARNOLD14-10,Sam Darnold: 10+ rushing yards,price moved +33c,0,33,33,0,43,43,False,,,
2026-10-02T12:35:08.334783+00:00,nfl,prop_rshyds,KXNFLRSHYDS-26OCT04DETCAR-DETJGIBBS0-110,Jahmyr Gibbs: 110+ rushing yards,volume spike x7.1,39,39,0,81,573,492,False,,,
2026-10-02T12:35:08.334783+00:00,nfl,prop_rshyds,KXNFLRSHYDS-26OCT04DETCAR-CARADILLON28-20,AJ Dillon: 20+ rushing yards,price moved +35c,0,35,35,0,54,54,False,,,
2026-10-02T12:35:08.334783+00:00,nfl,prop_rshyds,KXNFLRSHYDS-26OCT05ATLNO-NOAKAMARA41-40,Alvin Kamara: 40+ rushing yards,volume spike x3.7,48,49,1,74,271,197,False,,,
2026-10-02T12:35:08.334783+00:00,nfl,prop_rshyds,KXNFLRSHYDS-26OCT05ATLNO-NOKMILLER5-30,Kendre Miller: 30+ rushing yards,volume spike x4.1,44,46,2,59,244,185,False,,,
2026-10-02T12:35:08.334783+00:00,nfl,prop_rshyds,KXNFLRSHYDS-26OCT05ATLNO-ATLBROBINSON15-25,Brian Robinson: 25+ rushing yards,price moved +63c,0,63,63,0,170,170,False,,,
2026-10-02T12:35:08.334783+00:00,nfl,prop_rshyds,KXNFLRSHYDS-26OCT05ATLNO-ATLBROBINSON15-40,Brian Robinson: 40+ rushing yards,volume spike x11.2,32,36,4,26,292,266,False,,,
2026-10-02T12:35:08.334783+00:00,nfl,prop_rshatt,KXNFLRSHATT-26OCT04INDWAS-INDJTAYLOR28-20,Jonathan Taylor: 20+ rushing attempts,price moved +56c,0,56,56,0,20,20,False,,,
2026-10-02T12:35:08.334783+00:00,nfl,prop_rshatt,KXNFLRSHATT-26OCT04DALHOU-HOUDMONTGOMERY32-12,David Montgomery: 12+ rushing attempts,price moved +55c,0,55,55,0,26,26,False,,,
2026-10-02T12:35:08.334783+00:00,nfl,prop_rshatt,KXNFLRSHATT-26OCT04DALHOU-DALDPRESCOTT4-3,Dak Prescott: 3+ rushing attempts,price moved +60c,0,60,60,0,25,25,False,,,
2026-10-02T12:35:08.334783+00:00,nfl,prop_rshatt,KXNFLRSHATT-26OCT04JACCIN-JACTLAWRENCE16-7,Trevor Lawrence: 7+ rushing attempts,price moved +8c,0,8,8,0,1,1,False,,,
2026-10-02T12:35:08.334783+00:00,nfl,prop_rshatt,KXNFLRSHATT-26OCT04LARPHI-LARBCORUM24-10,Blake Corum: 10+ rushing attempts,price moved +51c,0,51,51,0,37,37,False,,,
2026-10-02T12:35:08.334783+00:00,nfl,prop_rshatt,KXNFLRSHATT-26OCT04NEBUF-NEDMAYE10-6,Drake Maye: 6+ rushing attempts,price moved +45c,0,45,45,0,25,25,False,,,
2026-10-02T12:35:08.334783+00:00,nfl,prop_rshatt,KXNFLRSHATT-26OCT04NYJCHI-NYJBALLEN0-15,Braelon Allen: 15+ rushing attempts,volume spike x4.3,47,45,-2,33,141,108,False,,,
2026-10-02T12:35:08.334783+00:00,nfl,prop_rshatt,KXNFLRSHATT-26OCT04NYJCHI-NYJBALLEN0-18,Braelon Allen: 18+ rushing attempts,price moved +27c,0,27,27,0,40,40,False,,,
2026-10-02T12:35:08.334783+00:00,nfl,prop_rshatt,KXNFLRSHATT-26OCT04TENBAL-BALLJACKSON8-10,Lamar Jackson: 10+ rushing attempts,price moved +11c,0,11,11,0,2,2,False,,,
2026-10-02T12:35:08.334783+00:00,nfl,prop_rshatt,KXNFLRSHATT-26OCT04KCLV-LVAJEANTY2-18,Ashton Jeanty: 18+ rushing attempts,volume spike x6.4,43,41,-2,53,341,288,False,,,
2026-10-02T12:35:08.334783+00:00,nfl,prop_rshatt,KXNFLRSHATT-26OCT04DETCAR-DETJGIBBS0-17,Jahmyr Gibbs: 17+ rushing attempts,price moved +75c,0,75,75,0,12,12,False,,,
2026-10-02T12:35:08.334783+00:00,nfl,prop_longrsh,KXNFLLONGRSH-26OCT04DENSF-SFBPURDY13-11,Brock Purdy: longest rush over 10.5 yards,price moved +56c,0,56,56,0,692,692,False,,,
2026-10-02T12:35:08.334783+00:00,nfl,prop_recyds,KXNFLRECYDS-26OCT04INDWAS-WASTMCLAURIN17-70,Terry McLaurin: 70+ receiving yards,volume spike x41.2,33,32,-1,16,660,644,False,,,
2026-10-02T12:35:08.334783+00:00,nfl,prop_recyds,KXNFLRECYDS-26OCT04INDWAS-WASSDIGGS3-50,Stefon Diggs: 50+ receiving yards,volume spike x7.4,44,44,0,34,253,219,False,,,
2026-10-02T12:35:08.334783+00:00,nfl,prop_recyds,KXNFLRECYDS-26OCT04INDWAS-INDLTREADWELL13-15,Laquon Treadwell: 15+ receiving yards,volume spike x48.2,51,51,0,4,193,189,False,,,
2026-10-02T12:35:08.334783+00:00,nfl,prop_recyds,KXNFLRECYDS-26OCT04INDWAS-INDLTREADWELL13-25,Laquon Treadwell: 25+ receiving yards,price moved +31c,0,31,31,0,283,283,False,,,
2026-10-02T12:35:08.334783+00:00,nfl,prop_recyds,KXNFLRECYDS-26OCT04INDWAS-INDDSLAYTON11-15,Darius Slayton: 15+ receiving yards,volume spike x33.5,49,50,1,6,201,195,False,,,
2026-10-02T12:35:08.334783+00:00,nfl,prop_recyds,KXNFLRECYDS-26OCT04INDWAS-INDDSLAYTON11-25,Darius Slayton: 25+ receiving yards,volume spike x137.5,36,35,-1,2,275,273,False,,,
2026-10-02T12:35:08.334783+00:00,nfl,prop_recyds,KXNFLRECYDS-26OCT04INDWAS-INDDSLAYTON11-40,Darius Slayton: 40+ receiving yards,volume spike x225.0,20,24,4,2,450,448,False,,,
2026-10-02T12:35:08.334783+00:00,nfl,prop_recyds,KXNFLRECYDS-26OCT04INDWAS-INDDSLAYTON11-50,Darius Slayton: 50+ receiving yards,price moved +18c,0,18,18,0,594,594,False,,,
2026-10-02T12:35:08.334783+00:00,nfl,prop_recyds,KXNFLRECYDS-26OCT04ARINYG-ARITMCBRIDE85-70,Trey McBride: 70+ receiving yards,volume spike x9.2,48,45,-3,54,497,443,False,,,
2026-10-02T12:35:08.334783+00:00,nfl,prop_recyds,KXNFLRECYDS-26OCT04ARINYG-ARIMWILSON14-25,Michael Wilson: 25+ receiving yards,price moved +89c,0,89,89,0,27,27,False,,,
2026-10-02T12:35:08.334783+00:00,nfl,prop_recyds,KXNFLRECYDS-26OCT04ARINYG-NYGMFIELDS88-25,Malachi Fields: 25+ receiving yards,volume spike x25.2,50,50,0,8,202,194,False,,,
2026-10-02T12:35:08.334783+00:00,nfl,prop_recyds,KXNFLRECYDS-26OCT04ARINYG-ARIJLOVE4-15,Jeremiyah Love: 15+ receiving yards,volume spike x4.8,52,53,1,92,441,349,False,,,
2026-10-02T12:35:08.334783+00:00,nfl,prop_recyds,KXNFLRECYDS-26OCT04ARINYG-ARIJLOVE4-25,Jeremiyah Love: 25+ receiving yards,price moved +28c,0,28,28,0,35,35,False,,,
2026-10-02T12:35:08.334783+00:00,nfl,prop_recyds,KXNFLRECYDS-26OCT04ARINYG-ARIJLOVE4-40,Jeremiyah Love: 40+ receiving yards,price moved +12c,0,12,12,0,171,171,False,,,
2026-10-02T12:35:08.334783+00:00,nfl,prop_recyds,KXNFLRECYDS-26OCT04ARINYG-NYGDMOONEY17-25,Darnell Mooney: 25+ receiving yards,volume spike x20.8,43,44,1,11,229,218,False,,,
2026-10-02T12:35:08.334783+00:00,nfl,prop_recyds,KXNFLRECYDS-26OCT04DALHOU-DALCLAMB88-70,CeeDee Lamb: 70+ receiving yards,price moved +58c,0,58,58,0,167,167,False,,,
2026-10-02T12:35:08.334783+00:00,nfl,prop_recyds,KXNFLRECYDS-26OCT04GBTB-TBKGAINWELL1-25,Kenny Gainwell: 25+ receiving yards,volume spike x4.1,18,18,0,249,1015,766,False,,,
2026-10-02T12:35:08.334783+00:00,nfl,prop_recyds,KXNFLRECYDS-26OCT04GBTB-TBTHURST17-60,Ted Hurst III: 60+ receiving yards,price moved +8c,0,8,8,0,8,8,False,,,
2026-10-02T12:35:08.334783+00:00,nfl,prop_recyds,KXNFLRECYDS-26OCT04JACCIN-CINJCHASE1-90,Ja'Marr Chase: 90+ receiving yards,volume spike x3.0,44,45,1,64,195,131,False,,,
2026-10-02T12:35:08.334783+00:00,nfl,prop_recyds,KXNFLRECYDS-26OCT04JACCIN-JACJCAMERON19-15,Josh Cameron: 15+ receiving yards,price moved +32c,0,32,32,0,31,31,False,,,
2026-10-02T12:35:08.334783+00:00,nfl,prop_recyds,KXNFLRECYDS-26OCT04JACCIN-JACJCAMERON19-25,Josh Cameron: 25+ receiving yards,price moved +16c,0,16,16,0,29,29,False,,,
2026-10-02T12:35:08.334783+00:00,nfl,prop_recyds,KXNFLRECYDS-26OCT04LARPHI-PHIMLEMON9-15,Makai Lemon: 15+ receiving yards,volume spike x4.1,81,81,0,16,66,50,False,,,
2026-10-02T12:35:08.334783+00:00,nfl,prop_recyds,KXNFLRECYDS-26OCT04LARPHI-PHIDSMITH6-70,DeVonta Smith: 70+ receiving yards,price moved +10c,23,33,10,200,226,26,False,,,
2026-10-02T12:35:08.334783+00:00,nfl,prop_recyds,KXNFLRECYDS-26OCT04NEBUF-BUFDMOORE2-60,DJ Moore: 60+ receiving yards,volume spike x4.0,39,39,0,12,48,36,False,,,
2026-10-02T12:35:08.334783+00:00,nfl,prop_recyds,KXNFLRECYDS-26OCT04NYJCHI-CHILBURDEN10-60,Luther Burden III: 60+ receiving yards,volume spike x3.0,35,35,0,10,30,20,False,,,
2026-10-02T12:35:08.334783+00:00,nfl,prop_recyds,KXNFLRECYDS-26OCT04NYJCHI-CHILBURDEN10-100,Luther Burden III: 100+ receiving yards,volume spike x5.2,9,11,2,390,2024,1634,False,,,
2026-10-02T12:35:08.334783+00:00,nfl,prop_recyds,KXNFLRECYDS-26OCT04NYJCHI-CHIKRAYMOND14-25,Kalif Raymond: 25+ receiving yards,price moved +63c,0,63,63,0,120,120,False,,,
2026-10-02T12:35:08.334783+00:00,nfl,prop_recyds,KXNFLRECYDS-26OCT04NYJCHI-CHIDSWIFT4-50,D'Andre Swift: 50+ receiving yards,price moved +11c,0,11,11,0,192,192,False,,,
2026-10-02T12:35:08.334783+00:00,nfl,prop_recyds,KXNFLRECYDS-26OCT04TENBAL-BALZFLOWERS4-60,Zay Flowers: 60+ receiving yards,volume spike x14.0,61,60,-1,3,42,39,False,,,
2026-10-02T12:35:08.334783+00:00,nfl,prop_recyds,KXNFLRECYDS-26OCT04TENBAL-TENEAYOMANOR5-25,Elic Ayomanor: 25+ receiving yards,price moved +44c,0,44,44,0,218,218,False,,,
2026-10-02T12:35:08.334783+00:00,nfl,prop_recyds,KXNFLRECYDS-26OCT04TENBAL-TENTPOLLARD20-25,Tony Pollard: 25+ receiving yards,volume spike x14.7,15,17,2,92,1352,1260,False,,,
2026-10-02T12:35:08.334783+00:00,nfl,prop_recyds,KXNFLRECYDS-26OCT04TENBAL-TENCRIDLEY0-15,Calvin Ridley: 15+ receiving yards,volume spike x4.0,32,33,1,98,388,290,False,,,
2026-10-02T12:35:08.334783+00:00,nfl,prop_recyds,KXNFLRECYDS-26OCT04TENBAL-TENCRIDLEY0-25,Calvin Ridley: 25+ receiving yards,volume spike x39.4,17,16,-1,16,631,615,False,,,
2026-10-02T12:35:08.334783+00:00,nfl,prop_recyds,KXNFLRECYDS-26OCT04MIAMIN-MINJADDISON3-50,Jordan Addison: 50+ receiving yards,price moved +58c,0,58,58,0,17,17,False,,,
2026-10-02T12:35:08.334783+00:00,nfl,prop_recyds,KXNFLRECYDS-26OCT04MIAMIN-MINJADDISON3-110,Jordan Addison: 110+ receiving yards,price moved +8c,0,8,8,0,16,16,False,,,
2026-10-02T12:35:08.334783+00:00,nfl,prop_recyds,KXNFLRECYDS-26OCT04DENSF-SFCMCCAFFREY23-15,Christian McCaffrey: 15+ receiving yards,volume spike x11.5,85,85,0,11,126,115,False,,,
2026-10-02T12:35:08.334783+00:00,nfl,prop_recyds,KXNFLRECYDS-26OCT04DENSF-SFCMCCAFFREY23-25,Christian McCaffrey: 25+ receiving yards,volume spike x7.2,72,72,0,53,382,329,False,,,
2026-10-02T12:35:08.334783+00:00,nfl,prop_recyds,KXNFLRECYDS-26OCT04KCLV-LVMMAYER87-25,Michael Mayer: 25+ receiving yards,volume spike x3.6,45,45,0,64,232,168,False,,,
2026-10-02T12:35:08.334783+00:00,nfl,prop_recyds,KXNFLRECYDS-26OCT04DETCAR-CARTMCMILLAN4-60,Tetairoa McMillan: 60+ receiving yards,volume spike x4.5,61,62,1,10,45,35,False,,,
2026-10-02T12:35:08.334783+00:00,nfl,prop_recyds,KXNFLRECYDS-26OCT04DETCAR-CARTTREMBLE82-15,Tommy Tremble: 15+ receiving yards,price moved +46c,0,46,46,0,209,209,False,,,
2026-10-02T12:35:08.334783+00:00,nfl,prop_rec,KXNFLREC-26OCT04ARINYG-ARIMWILSON14-7,Michael Wilson: 7+ receptions,price moved +29c,0,29,29,0,82,82,False,,,
2026-10-02T12:35:08.334783+00:00,nfl,prop_rec,KXNFLREC-26OCT04JACCIN-CINMGESICKI88-4,Mike Gesicki: 4+ receptions,price moved +32c,0,32,32,0,8,8,False,,,
2026-10-02T12:35:08.334783+00:00,nfl,prop_rec,KXNFLREC-26OCT04JACCIN-JACPWASHINGTON11-5,Parker Washington: 5+ receptions,price moved +64c,0,64,64,0,76,76,False,,,
2026-10-02T12:35:08.334783+00:00,nfl,prop_rec,KXNFLREC-26OCT04LARPHI-PHIDCOOPER80-4,Darius Cooper: 4+ receptions,price moved +7c,0,7,7,0,9,9,False,,,
2026-10-02T12:35:08.334783+00:00,nfl,prop_rec,KXNFLREC-26OCT04NEBUF-NEMHOLLINS13-5,Mack Hollins: 5+ receptions,volume spike x3.6,32,35,3,8,29,21,False,,,
2026-10-02T12:35:08.334783+00:00,nfl,prop_rec,KXNFLREC-26OCT04NYJCHI-CHILBURDEN10-8,Luther Burden III: 8+ receptions,price moved +7c,0,7,7,0,3,3,False,,,
2026-10-02T12:35:08.334783+00:00,nfl,prop_rec,KXNFLREC-26OCT04NYJCHI-CHICLOVELAND84-2,Colston Loveland: 2+ receptions,price moved +89c,0,89,89,0,27,27,False,,,
2026-10-02T12:35:08.334783+00:00,nfl,prop_rec,KXNFLREC-26OCT04NYJCHI-NYJBALLEN0-4,Braelon Allen: 4+ receptions,price moved +10c,0,10,10,0,15,15,False,,,
2026-10-02T12:35:08.334783+00:00,nfl,prop_rec,KXNFLREC-26OCT04TENBAL-BALMANDREWS89-4,Mark Andrews: 4+ receptions,price moved +55c,0,55,55,0,550,550,False,,,
2026-10-02T12:35:08.334783+00:00,nfl,prop_rec,KXNFLREC-26OCT04MIAMIN-MINAJONES33-4,Aaron Jones Sr.: 4+ receptions,price moved +40c,0,40,40,0,99,99,False,,,
2026-10-02T12:35:08.334783+00:00,nfl,prop_rec,KXNFLREC-26OCT04MIAMIN-MINTHOCKENSON87-3,T.J. Hockenson: 3+ receptions,price moved +77c,0,77,77,0,2,2,False,,,
2026-10-02T12:35:08.334783+00:00,nfl,prop_rec,KXNFLREC-26OCT04DENSF-DENEENGRAM1-3,Evan Engram: 3+ receptions,price moved +46c,0,46,46,0,1,1,False,,,
2026-10-02T12:35:08.334783+00:00,nfl,prop_rec,KXNFLREC-26OCT04KCLV-LVMMAYER87-3,Michael Mayer: 3+ receptions,price moved +53c,0,53,53,0,470,470,False,,,
2026-10-02T12:35:08.334783+00:00,nfl,prop_rec,KXNFLREC-26OCT04KCLV-KCTKELCE87-2,Travis Kelce: 2+ receptions,price moved +95c,0,95,95,0,25,25,False,,,
2026-10-02T12:35:08.334783+00:00,nfl,prop_rec,KXNFLREC-26OCT04KCLV-KCTTHORNTON2-2,Tyquan Thornton: 2+ receptions,volume spike x3.0,47,48,1,96,290,194,False,,,
2026-10-02T12:35:08.334783+00:00,nfl,prop_rec,KXNFLREC-26OCT04KCLV-KCKWALKER9-4,Kenneth Walker III: 4+ receptions,price moved +37c,0,37,37,0,38,38,False,,,
2026-10-02T12:35:08.334783+00:00,nfl,prop_rec,KXNFLREC-26OCT04DETCAR-CARDWALLER88-2,Darren Waller: 2+ receptions,price moved +81c,0,81,81,0,30,30,False,,,
2026-10-02T12:35:08.334783+00:00,nfl,prop_rec,KXNFLREC-26OCT04DETCAR-CARDWALLER88-6,Darren Waller: 6+ receptions,price moved +13c,0,13,13,0,25,25,False,,,
2026-10-02T12:35:08.334783+00:00,nfl,prop_rec,KXNFLREC-26OCT04DETCAR-CARDWALLER88-7,Darren Waller: 7+ receptions,price moved +8c,0,8,8,0,23,23,False,,,
2026-10-02T12:35:08.334783+00:00,nfl,prop_rec,KXNFLREC-26OCT04DETCAR-DETASTBROWN14-6,Amon-Ra St. Brown: 6+ receptions,price moved +72c,0,72,72,0,13,13,False,,,
2026-10-02T12:35:08.334783+00:00,nfl,prop_longrec,KXNFLLONGREC-26OCT04DALHOU-HOUWMARKS4-9,Woody Marks: longest reception over 8.5 yards,price moved +50c,0,50,50,0,9,9,False,,,
2026-10-02T12:35:08.334783+00:00,nfl,prop_longrec,KXNFLLONGREC-26OCT04DETCAR-CARDWALLER88-15,Darren Waller: longest reception over 14.5 yards,price moved +55c,0,55,55,0,1,1,False,,,
2026-10-02T12:35:08.334783+00:00,nfl,prop_longrec,KXNFLLONGREC-26OCT04DETCAR-DETJWILLIAMS1-22,Jameson Williams: longest reception over 21.5 yards,price moved +55c,0,55,55,0,1,1,False,,,
2026-10-02T12:35:08.334783+00:00,nfl,prop_rryds,KXNFLRRYDS-26OCT04INDWAS-INDJTAYLOR28-160,Jonathan Taylor: 160+ rushing and receiving yards combined,price moved +20c,0,20,20,0,118,118,False,,,
2026-10-02T12:35:08.334783+00:00,nfl,prop_rryds,KXNFLRRYDS-26OCT04ARINYG-NYGCSKATTEBO44-115,Cam Skattebo: 115+ rushing and receiving yards combined,price moved +25c,0,25,25,0,390,390,False,,,
2026-10-02T12:35:08.334783+00:00,nfl,prop_rryds,KXNFLRRYDS-26OCT04DALHOU-HOUWMARKS4-50,Woody Marks: 50+ rushing and receiving yards combined,price moved +48c,0,48,48,0,69,69,False,,,
2026-10-02T12:35:08.334783+00:00,nfl,prop_rryds,KXNFLRRYDS-26OCT04DALHOU-HOUDMONTGOMERY32-60,David Montgomery: 60+ rushing and receiving yards combined,price moved +52c,0,52,52,0,1,1,False,,,
2026-10-02T12:35:08.334783+00:00,nfl,prop_rryds,KXNFLRRYDS-26OCT04GBTB-GBMLLOYD32-30,MarShawn Lloyd: 30+ rushing and receiving yards combined,price moved +58c,0,58,58,0,1,1,False,,,
2026-10-02T12:35:08.334783+00:00,nfl,prop_rryds,KXNFLRRYDS-26OCT04JACCIN-CINCBROWN30-90,Chase Brown: 90+ rushing and receiving yards combined,price moved +48c,0,48,48,0,2,2,False,,,
2026-10-02T12:35:08.334783+00:00,nfl,prop_rryds,KXNFLRRYDS-26OCT04JACCIN-JACBTUTEN33-70,Bhayshul Tuten: 70+ rushing and receiving yards combined,price moved +50c,0,50,50,0,1,1,False,,,
2026-10-02T12:35:08.334783+00:00,nfl,prop_rryds,KXNFLRRYDS-26OCT04NEBUF-NETHENDERSON32-50,TreVeyon Henderson: 50+ rushing and receiving yards combined,price moved +54c,0,54,54,0,1,1,False,,,
2026-10-02T12:35:08.334783+00:00,nfl,prop_rryds,KXNFLRRYDS-26OCT04NEBUF-NERSTEVENSON38-50,Rhamondre Stevenson: 50+ rushing and receiving yards combined,price moved +58c,0,58,58,0,1,1,False,,,
2026-10-02T12:35:08.334783+00:00,nfl,prop_rryds,KXNFLRRYDS-26OCT04NYJCHI-NYJBALLEN0-70,Braelon Allen: 70+ rushing and receiving yards combined,price moved +54c,0,54,54,0,1,1,False,,,
2026-10-02T12:35:08.334783+00:00,nfl,prop_rryds,KXNFLRRYDS-26OCT04NYJCHI-NYJBALLEN0-120,Braelon Allen: 120+ rushing and receiving yards combined,price moved +8c,0,8,8,0,4,4,False,,,
2026-10-02T12:35:08.334783+00:00,nfl,prop_rryds,KXNFLRRYDS-26OCT04TENBAL-BALDHENRY22-160,Derrick Henry: 160+ rushing and receiving yards combined,price moved +18c,0,18,18,0,157,157,False,,,
2026-10-02T12:35:08.334783+00:00,nfl,prop_rryds,KXNFLRRYDS-26OCT04TENBAL-TENTPOLLARD20-110,Tony Pollard: 110+ rushing and receiving yards combined,price moved +7c,0,7,7,0,2,2,False,,,
2026-10-02T12:35:08.334783+00:00,nfl,prop_rryds,KXNFLRRYDS-26OCT04MIAMIN-MINAJONES33-90,Aaron Jones Sr.: 90+ rushing and receiving yards combined,price moved +53c,0,53,53,0,1,1,False,,,
2026-10-02T12:35:08.334783+00:00,nfl,prop_rryds,KXNFLRRYDS-26OCT04DENSF-DENRHARVEY12-40,RJ Harvey: 40+ rushing and receiving yards combined,price moved +54c,0,54,54,0,1,1,False,,,
2026-10-02T12:35:08.334783+00:00,nfl,prop_rryds,KXNFLRRYDS-26OCT04DETCAR-CARCHUBBARD30-90,Chuba Hubbard: 90+ rushing and receiving yards combined,price moved +53c,0,53,53,0,1,1,False,,,
2026-10-02T12:35:08.334783+00:00,nfl,prop_td,KXNFLTD-26OCT04INDWAS-WASKALLEN31-1,Kaytron Allen: 1+ touchdowns,price moved +8c,11,19,8,33609,34097,488,False,,,
2026-10-02T12:35:08.334783+00:00,nfl,prop_td,KXNFLTD-26OCT04INDWAS-WASMMARIOTA8-2,Marcus Mariota: 2+ touchdowns,volume spike x9.6,3,3,0,181,1742,1561,False,,,
2026-10-02T12:35:08.334783+00:00,nfl,prop_td,KXNFLTD-26OCT04INDWAS-WASAEKELER30-1,Austin Ekeler: 1+ touchdowns,volume spike x3.0,11,11,0,42,128,86,False,,,
2026-10-02T12:35:08.334783+00:00,nfl,prop_td,KXNFLTD-26OCT04GBTB-TBCGODWIN14-1,Chris Godwin Jr.: 1+ touchdowns,price moved +14c,0,14,14,0,336,336,False,,,
2026-10-02T12:35:08.334783+00:00,nfl,prop_td,KXNFLTD-26OCT04GBTB-TBTHURST17-1,Ted Hurst III: 1+ touchdowns,price moved +16c,0,16,16,0,295,295,False,,,
2026-10-02T12:35:08.334783+00:00,nfl,prop_td,KXNFLTD-26OCT04GBTB-GBTKRAFT85-1,Tucker Kraft: 1+ touchdowns,volume spike x4.6,28,27,-1,330,1506,1176,False,,,
2026-10-02T12:35:08.334783+00:00,nfl,prop_td,KXNFLTD-26OCT04LARPHI-LARTATWELL8-1,Tutu Atwell: 1+ touchdowns,price moved +7c,0,7,7,0,22,22,False,,,
2026-10-02T12:35:08.334783+00:00,nfl,prop_td,KXNFLTD-26OCT04NEBUF-BUFTJOHNSON26-1,Ty Johnson: 1+ touchdowns,volume spike x3.0,16,13,-3,147,442,295,False,,,
2026-10-02T12:35:08.334783+00:00,nfl,prop_td,KXNFLTD-26OCT04NYJCHI-CHICLOVELAND84-2,Colston Loveland: 2+ touchdowns,volume spike x35.3,2,5,3,3,106,103,False,,,
2026-10-02T12:35:08.334783+00:00,nfl,prop_td,KXNFLTD-26OCT04NYJCHI-CHIKMONANGAI25-1,Kyle Monangai: 1+ touchdowns,price moved -8c,51,43,-8,153335,153853,518,False,,,
2026-10-02T12:35:08.334783+00:00,nfl,prop_td,KXNFLTD-26OCT04NYJCHI-CHIDSWIFT4-3,D'Andre Swift: 3+ touchdowns,volume spike x24.2,4,5,1,4,97,93,False,,,
2026-10-02T12:35:08.334783+00:00,nfl,prop_td,KXNFLTD-26OCT04TENBAL-TENNSINGLETON32-1,Nicholas Singleton: 1+ touchdowns,volume spike x42.1,7,12,5,61,2567,2506,False,,,
2026-10-02T12:35:08.334783+00:00,nfl,prop_td,KXNFLTD-26OCT04MIAMIN-MINMINDST-1,MIN Vikings D/ST: 1+ touchdowns,price moved -9c,26,17,-9,2205,2232,27,False,,,
2026-10-02T12:35:08.334783+00:00,nfl,prop_td,KXNFLTD-26OCT04LACSEA-SEARSHAHEED22-1,Rashid Shaheed: 1+ touchdowns,volume spike x6.3,20,22,2,222,1404,1182,False,,,
2026-10-02T12:35:08.334783+00:00,nfl,prop_firsttd,KXNFLFIRSTTD-26OCT04NYJCHI-CHIDSWIFT4,D'Andre Swift: 1st Touchdown,volume spike x3.0,20,17,-3,83,251,168,False,,,
2026-10-02T12:35:08.334783+00:00,nfl,prop_firsttd,KXNFLFIRSTTD-26OCT04TENBAL-BALMANDREWS89,Mark Andrews: 1st Touchdown,volume spike x3.2,12,12,0,110,347,237,False,,,
2026-10-02T12:35:08.334783+00:00,nfl,prop_firsttd,KXNFLFIRSTTD-26OCT04TENBAL-BALZFLOWERS4,Zay Flowers: 1st Touchdown,price moved +12c,0,12,12,0,189,189,False,,,
2026-10-02T12:35:08.334783+00:00,nfl,prop_firsttd,KXNFLFIRSTTD-26OCT04LACSEA-SEAGHOLANI36,George Holani: 1st Touchdown,volume spike x4.3,7,7,0,40,174,134,False,,,
2026-10-02T12:35:08.334783+00:00,nfl,prop_ffpts,KXNFLFFPTS-26OCT04ARINYG-NYGCSKATTEBO44-15P4,Cam Skattebo: Over 15.4 fantasy points,price moved +50c,0,50,50,0,1,1,False,,,
2026-10-02T12:35:08.334783+00:00,nfl,prop_ffpts,KXNFLFFPTS-26OCT04ARINYG-NYGJWINSTON19-15P3,Jameis Winston: Over 15.3 fantasy points,price moved +44c,0,44,44,0,55,55,False,,,
2026-10-02T12:35:08.334783+00:00,nfl,prop_ffpts,KXNFLFFPTS-26OCT04DALHOU-HOUDSCHULTZ86-10P5,Dalton Schultz: Over 10.5 fantasy points,price moved +55c,0,55,55,0,7,7,False,,,
2026-10-02T12:35:08.334783+00:00,nfl,prop_ffpts,KXNFLFFPTS-26OCT04JACCIN-CINJBURROW9-19P3,Joe Burrow: Over 19.3 fantasy points,price moved -14c,73,59,-14,13,21,8,False,,,
2026-10-02T12:35:08.334783+00:00,nfl,prop_ffpts,KXNFLFFPTS-26OCT04LARPHI-PHISBARKLEY26-14P6,Saquon Barkley: Over 14.6 fantasy points,price moved +64c,0,64,64,0,12,12,False,,,
2026-10-02T16:30:16.219440+00:00,nfl,prop_passyds,KXNFLPASSYDS-26OCT04INDWAS-WASMMARIOTA8-150,Marcus Mariota: 150+ passing yards,price moved -9c,81,72,-9,41,56,15,False,,,
2026-10-02T16:30:16.219440+00:00,nfl,prop_passyds,KXNFLPASSYDS-26OCT04DALHOU-HOUCSTROUD7-275,C.J. Stroud: 275+ passing yards,price moved +35c,0,35,35,0,5,5,False,,,
2026-10-02T16:30:16.219440+00:00,nfl,prop_passyds,KXNFLPASSYDS-26OCT04DALHOU-HOUCSTROUD7-300,C.J. Stroud: 300+ passing yards,volume spike x19.0,23,23,0,8,152,144,False,,,
2026-10-02T16:30:16.219440+00:00,nfl,prop_passyds,KXNFLPASSYDS-26OCT04DALHOU-DALDPRESCOTT4-250,Dak Prescott: 250+ passing yards,volume spike x3.8,59,61,2,40,150,110,False,,,
2026-10-02T16:30:16.219440+00:00,nfl,prop_passyds,KXNFLPASSYDS-26OCT04GBTB-TBJDANIELS10-200,Jalon Daniels: 200+ passing yards,volume spike x3.0,34,34,0,28,84,56,False,,,
2026-10-02T16:30:16.219440+00:00,nfl,prop_passyds,KXNFLPASSYDS-26OCT04GBTB-GBJLOVE10-200,Jordan Love: 200+ passing yards,volume spike x5.0,73,75,2,506,2543,2037,False,,,
2026-10-02T16:30:16.219440+00:00,nfl,prop_passyds,KXNFLPASSYDS-26OCT04LARPHI-PHIJHURTS1-125,Jalen Hurts: 125+ passing yards,price moved +9c,75,84,9,113,134,21,False,,,
2026-10-02T16:30:16.219440+00:00,nfl,prop_passyds,KXNFLPASSYDS-26OCT04NEBUF-NEDMAYE10-200,Drake Maye: 200+ passing yards,price moved +69c,0,69,69,0,33,33,False,,,
2026-10-02T16:30:16.219440+00:00,nfl,prop_passyds,KXNFLPASSYDS-26OCT04NEBUF-BUFJALLEN17-175,Josh Allen: 175+ passing yards,volume spike x163.0,84,86,2,1,163,162,False,,,
2026-10-02T16:30:16.219440+00:00,nfl,prop_passyds,KXNFLPASSYDS-26OCT04NYJCHI-CHITBAGENT17-200,Tyson Bagent: 200+ passing yards,price moved +7c,44,51,7,2122,2125,3,False,,,
2026-10-02T16:30:16.219440+00:00,nfl,prop_passyds,KXNFLPASSYDS-26OCT04NYJCHI-NYJGSMITH7-225,Geno Smith: 225+ passing yards,volume spike x5.1,54,55,1,558,2825,2267,False,,,
2026-10-02T16:30:16.219440+00:00,nfl,prop_passyds,KXNFLPASSYDS-26OCT04NYJCHI-NYJGSMITH7-250,Geno Smith: 250+ passing yards,price moved +38c,0,38,38,0,12,12,False,,,
2026-10-02T16:30:16.219440+00:00,nfl,prop_passyds,KXNFLPASSYDS-26OCT04MIAMIN-MIAMWILLIS2-150,Malik Willis: 150+ passing yards,price moved +65c,0,65,65,0,0,0,False,,,
2026-10-02T16:30:16.219440+00:00,nfl,prop_passyds,KXNFLPASSYDS-26OCT04MIAMIN-MIAMWILLIS2-175,Malik Willis: 175+ passing yards,price moved +44c,0,44,44,0,801,801,False,,,
2026-10-02T16:30:16.219440+00:00,nfl,prop_passtds,KXNFLPASSTDS-26OCT04JACCIN-CINJBURROW9-2,Joe Burrow: 2+ passing touchdowns,volume spike x3.1,64,64,0,87,269,182,False,,,
2026-10-02T16:30:16.219440+00:00,nfl,prop_passtds,KXNFLPASSTDS-26OCT04NEBUF-BUFJALLEN17-1,Josh Allen: 1+ passing touchdowns,volume spike x19.2,89,89,0,12,230,218,False,,,
2026-10-02T16:30:16.219440+00:00,nfl,prop_passtds,KXNFLPASSTDS-26OCT05ATLNO-NOTSHOUGH6-2,Tyler Shough: 2+ passing touchdowns,volume spike x32.2,58,54,-4,18,579,561,False,,,
2026-10-02T16:30:16.219440+00:00,nfl,prop_passtds,KXNFLPASSTDS-26OCT05ATLNO-NOTSHOUGH6-3,Tyler Shough: 3+ passing touchdowns,volume spike x5.9,28,28,0,35,205,170,False,,,
2026-10-02T16:30:16.219440+00:00,nfl,prop_passint,KXNFLPASSINT-26OCT04INDWAS-WASMMARIOTA8-1,Marcus Mariota: 1+ passing interceptions,price moved +50c,0,50,50,0,0,0,False,,,
2026-10-02T16:30:16.219440+00:00,nfl,prop_passint,KXNFLPASSINT-26OCT04INDWAS-WASMMARIOTA8-2,Marcus Mariota: 2+ passing interceptions,price moved +14c,0,14,14,0,3,3,False,,,
2026-10-02T16:30:16.219440+00:00,nfl,prop_passint,KXNFLPASSINT-26OCT04GBTB-GBJLOVE10-1,Jordan Love: 1+ passing interceptions,volume spike x3.4,53,51,-2,128,430,302,False,,,
2026-10-02T16:30:16.219440+00:00,nfl,prop_passint,KXNFLPASSINT-26OCT04NEBUF-NEDMAYE10-2,Drake Maye: 2+ passing interceptions,volume spike x3.0,22,22,0,127,383,256,False,,,
2026-10-02T16:30:16.219440+00:00,nfl,prop_passint,KXNFLPASSINT-26OCT04MIAMIN-MINKMURRAY1-1,Kyler Murray: 1+ passing interceptions,price moved +42c,0,42,42,0,1,1,False,,,
2026-10-02T16:30:16.219440+00:00,nfl,prop_passint,KXNFLPASSINT-26OCT04MIAMIN-MINKMURRAY1-2,Kyler Murray: 2+ passing interceptions,price moved +13c,0,13,13,0,36,36,False,,,
2026-10-02T16:30:16.219440+00:00,nfl,prop_passint,KXNFLPASSINT-26OCT04KCLV-LVKCOUSINS8-1,Kirk Cousins: 1+ passing interceptions,volume spike x6.0,59,56,-3,143,865,722,False,,,
2026-10-02T16:30:16.219440+00:00,nfl,prop_passint,KXNFLPASSINT-26OCT04LACSEA-LACJHERBERT10-2,Justin Herbert: 2+ passing interceptions,price moved +21c,0,21,21,0,45,45,False,,,
2026-10-02T16:30:16.219440+00:00,nfl,prop_passcomp,KXNFLPASSCOMP-26OCT04ARINYG-NYGJWINSTON19-24,Jameis Winston: 24+ passing completions,price moved +11c,0,11,11,0,4,4,False,,,
2026-10-02T16:30:16.219440+00:00,nfl,prop_passcomp,KXNFLPASSCOMP-26OCT04GBTB-TBJDANIELS10-22,Jalon Daniels: 22+ passing completions,price moved +15c,0,15,15,0,1,1,False,,,
2026-10-02T16:30:16.219440+00:00,nfl,prop_passcomp,KXNFLPASSCOMP-26OCT04GBTB-GBJLOVE10-26,Jordan Love: 26+ passing completions,price moved +14c,0,14,14,0,3,3,False,,,
2026-10-02T16:30:16.219440+00:00,nfl,prop_passcomp,KXNFLPASSCOMP-26OCT04TENBAL-TENCWARD1-20,Cam Ward: 20+ passing completions,price moved +52c,0,52,52,0,0,0,False,,,
2026-10-02T16:30:16.219440+00:00,nfl,prop_passcomp,KXNFLPASSCOMP-26OCT04MIAMIN-MINKMURRAY1-25,Kyler Murray: 25+ passing completions,price moved +9c,0,9,9,0,4,4,False,,,
2026-10-02T16:30:16.219440+00:00,nfl,prop_passcomp,KXNFLPASSCOMP-26OCT04LACSEA-LACJHERBERT10-24,Justin Herbert: 24+ passing completions,price moved +13c,0,13,13,0,4,4,False,,,
2026-10-02T16:30:16.219440+00:00,nfl,prop_passatt,KXNFLPASSATT-26OCT04GBTB-GBJLOVE10-36,Jordan Love: 36+ passing attempts,price moved +44c,0,44,44,0,1,1,False,,,
2026-10-02T16:30:16.219440+00:00,nfl,prop_passatt,KXNFLPASSATT-26OCT04NEBUF-BUFJALLEN17-30,Josh Allen: 30+ passing attempts,price moved +50c,0,50,50,0,19,19,False,,,
2026-10-02T16:30:16.219440+00:00,nfl,prop_passatt,KXNFLPASSATT-26OCT04LACSEA-LACJHERBERT10-35,Justin Herbert: 35+ passing attempts,price moved +22c,0,22,22,0,1,1,False,,,
2026-10-02T16:30:16.219440+00:00,nfl,prop_passatt,KXNFLPASSATT-26OCT04DETCAR-CARBYOUNG9-36,Bryce Young: 36+ passing attempts,price moved +50c,0,50,50,0,628,628,False,,,
2026-10-02T16:30:16.219440+00:00,nfl,prop_rshyds,KXNFLRSHYDS-26OCT04INDWAS-WASJCROSKEYMERRITT22-40,Jacory Croskey-Merritt: 40+ rushing yards,price moved +76c,0,76,76,0,0,0,False,,,
2026-10-02T16:30:16.219440+00:00,nfl,prop_rshyds,KXNFLRSHYDS-26OCT04INDWAS-INDDJONES17-15,Daniel Jones: 15+ rushing yards,price moved +39c,0,39,39,0,45,45,False,,,
2026-10-02T16:30:16.219440+00:00,nfl,prop_rshyds,KXNFLRSHYDS-26OCT04INDWAS-INDDJONES17-20,Daniel Jones: 20+ rushing yards,volume spike x9.1,26,30,4,16,146,130,False,,,
2026-10-02T16:30:16.219440+00:00,nfl,prop_rshyds,KXNFLRSHYDS-26OCT04ARINYG-NYGCSKATTEBO44-80,Cam Skattebo: 80+ rushing yards,price moved +33c,0,33,33,0,28,28,False,,,
2026-10-02T16:30:16.219440+00:00,nfl,prop_rshyds,KXNFLRSHYDS-26OCT04ARINYG-NYGNHARRIS23-50,Najee Harris: 50+ rushing yards,price moved -13c,16,3,-13,59,118,59,False,,,
2026-10-02T16:30:16.219440+00:00,nfl,prop_rshyds,KXNFLRSHYDS-26OCT04ARINYG-ARITALLGEIER22-15,Tyler Allgeier: 15+ rushing yards,price moved +61c,0,61,61,0,760,760,False,,,
2026-10-02T16:30:16.219440+00:00,nfl,prop_rshyds,KXNFLRSHYDS-26OCT04ARINYG-ARIJBRISSETT7-10,Jacoby Brissett: 10+ rushing yards,price moved +16c,24,40,16,26,30,4,False,,,
2026-10-02T16:30:16.219440+00:00,nfl,prop_rshyds,KXNFLRSHYDS-26OCT04ARINYG-ARIJBRISSETT7-15,Jacoby Brissett: 15+ rushing yards,price moved +29c,0,29,29,0,767,767,False,,,
2026-10-02T16:30:16.219440+00:00,nfl,prop_rshyds,KXNFLRSHYDS-26OCT04ARINYG-ARIJBRISSETT7-20,Jacoby Brissett: 20+ rushing yards,volume spike x193.8,17,19,2,4,775,771,False,,,
2026-10-02T16:30:16.219440+00:00,nfl,prop_rshyds,KXNFLRSHYDS-26OCT04ARINYG-ARIJBRISSETT7-25,Jacoby Brissett: 25+ rushing yards,price moved +13c,0,13,13,0,1160,1160,False,,,
2026-10-02T16:30:16.219440+00:00,nfl,prop_rshyds,KXNFLRSHYDS-26OCT04ARINYG-ARIJBRISSETT7-30,Jacoby Brissett: 30+ rushing yards,price moved +9c,0,9,9,0,400,400,False,,,
2026-10-02T16:30:16.219440+00:00,nfl,prop_rshyds,KXNFLRSHYDS-26OCT04DALHOU-HOUWMARKS4-40,Woody Marks: 40+ rushing yards,price moved +18c,24,42,18,636,648,12,False,,,
2026-10-02T16:30:16.219440+00:00,nfl,prop_rshyds,KXNFLRSHYDS-26OCT04DALHOU-HOUCSTROUD7-10,C.J. Stroud: 10+ rushing yards,price moved +57c,0,57,57,0,652,652,False,,,
2026-10-02T16:30:16.219440+00:00,nfl,prop_rshyds,KXNFLRSHYDS-26OCT04DALHOU-HOUCSTROUD7-15,C.J. Stroud: 15+ rushing yards,volume spike x14.3,43,42,-1,26,372,346,False,,,
2026-10-02T16:30:16.219440+00:00,nfl,prop_rshyds,KXNFLRSHYDS-26OCT04DALHOU-HOUCSTROUD7-20,C.J. Stroud: 20+ rushing yards,volume spike x12.0,30,31,1,9,108,99,False,,,
2026-10-02T16:30:16.219440+00:00,nfl,prop_rshyds,KXNFLRSHYDS-26OCT04DALHOU-HOUCSTROUD7-25,C.J. Stroud: 25+ rushing yards,volume spike x139.7,17,22,5,3,419,416,False,,,
2026-10-02T16:30:16.219440+00:00,nfl,prop_rshyds,KXNFLRSHYDS-26OCT04DALHOU-DALJWILLIAMS33-60,Javonte Williams: 60+ rushing yards,volume spike x3.2,51,48,-3,213,685,472,False,,,
2026-10-02T16:30:16.219440+00:00,nfl,prop_rshyds,KXNFLRSHYDS-26OCT04GBTB-TBJDANIELS10-15,Jalon Daniels: 15+ rushing yards,price moved +86c,0,86,86,0,11,11,False,,,
2026-10-02T16:30:16.219440+00:00,nfl,prop_rshyds,KXNFLRSHYDS-26OCT04GBTB-TBJDANIELS10-20,Jalon Daniels: 20+ rushing yards,volume spike x62.4,75,76,1,8,499,491,False,,,
2026-10-02T16:30:16.219440+00:00,nfl,prop_rshyds,KXNFLRSHYDS-26OCT04GBTB-TBKGAINWELL1-20,Kenny Gainwell: 20+ rushing yards,price moved +38c,0,38,38,0,3,3,False,,,
2026-10-02T16:30:16.219440+00:00,nfl,prop_rshyds,KXNFLRSHYDS-26OCT04JACCIN-CINCBROWN30-60,Chase Brown: 60+ rushing yards,price moved +52c,0,52,52,0,13,13,False,,,
2026-10-02T16:30:16.219440+00:00,nfl,prop_rshyds,KXNFLRSHYDS-26OCT04JACCIN-CINJBURROW9-15,Joe Burrow: 15+ rushing yards,price moved +28c,0,28,28,0,9,9,False,,,
2026-10-02T16:30:16.219440+00:00,nfl,prop_rshyds,KXNFLRSHYDS-26OCT04JACCIN-CINJBURROW9-20,Joe Burrow: 20+ rushing yards,price moved +18c,0,18,18,0,6,6,False,,,
2026-10-02T16:30:16.219440+00:00,nfl,prop_rshyds,KXNFLRSHYDS-26OCT04LARPHI-PHIJHURTS1-30,Jalen Hurts: 30+ rushing yards,price moved +44c,0,44,44,0,126,126,False,,,
2026-10-02T16:30:16.219440+00:00,nfl,prop_rshyds,KXNFLRSHYDS-26OCT04LARPHI-LARMSTAFFORD9-10,Matthew Stafford: 10+ rushing yards,volume spike x8.3,18,21,3,6,50,44,False,,,
2026-10-02T16:30:16.219440+00:00,nfl,prop_rshyds,KXNFLRSHYDS-26OCT04LARPHI-PHITBIGSBY8-20,Tank Bigsby: 20+ rushing yards,price moved +28c,0,28,28,0,4,4,False,,,
2026-10-02T16:30:16.219440+00:00,nfl,prop_rshyds,KXNFLRSHYDS-26OCT04NEBUF-BUFJCOOK4-150,James Cook III: 150+ rushing yards,volume spike x16.3,10,11,1,28,456,428,False,,,
2026-10-02T16:30:16.219440+00:00,nfl,prop_rshyds,KXNFLRSHYDS-26OCT04NEBUF-NETHENDERSON32-30,TreVeyon Henderson: 30+ rushing yards,price moved +68c,0,68,68,0,28,28,False,,,
2026-10-02T16:30:16.219440+00:00,nfl,prop_rshyds,KXNFLRSHYDS-26OCT04NYJCHI-NYJBALLEN0-60,Braelon Allen: 60+ rushing yards,price moved +15c,33,48,15,136,1462,1326,False,,,
2026-10-02T16:30:16.219440+00:00,nfl,prop_rshyds,KXNFLRSHYDS-26OCT04NYJCHI-NYJBALLEN0-60,Braelon Allen: 60+ rushing yards,volume spike x10.8,33,48,15,136,1462,1326,False,,,
2026-10-02T16:30:16.219440+00:00,nfl,prop_rshyds,KXNFLRSHYDS-26OCT04NYJCHI-CHITBAGENT17-40,Tyson Bagent: 40+ rushing yards,price moved +7c,0,7,7,0,8,8,False,,,
2026-10-02T16:30:16.219440+00:00,nfl,prop_rshyds,KXNFLRSHYDS-26OCT04TENBAL-BALDHENRY22-160,Derrick Henry: 160+ rushing yards,volume spike x9.6,10,11,1,100,955,855,False,,,
2026-10-02T16:30:16.219440+00:00,nfl,prop_rshyds,KXNFLRSHYDS-26OCT04MIAMIN-MIAOGORDON0-20,Ollie Gordon II: 20+ rushing yards,price moved +60c,0,60,60,0,4,4,False,,,
2026-10-02T16:30:16.219440+00:00,nfl,prop_rshyds,KXNFLRSHYDS-26OCT04MIAMIN-MIAOGORDON0-40,Ollie Gordon II: 40+ rushing yards,price moved -7c,37,30,-7,431,995,564,False,,,
2026-10-02T16:30:16.219440+00:00,nfl,prop_rshyds,KXNFLRSHYDS-26OCT04MIAMIN-MIAOGORDON0-60,Ollie Gordon II: 60+ rushing yards,volume spike x3.2,13,14,1,31,99,68,False,,,
2026-10-02T16:30:16.219440+00:00,nfl,prop_rshyds,KXNFLRSHYDS-26OCT04MIAMIN-MIAMWASHINGTON6-20,Malik Washington: 20+ rushing yards,price moved +10c,0,10,10,0,8,8,False,,,
2026-10-02T16:30:16.219440+00:00,nfl,prop_rshyds,KXNFLRSHYDS-26OCT04MIAMIN-MIAJWRIGHT5-30,Jaylen Wright: 30+ rushing yards,volume spike x4.7,49,49,0,255,1198,943,False,,,
2026-10-02T16:30:16.219440+00:00,nfl,prop_rshyds,KXNFLRSHYDS-26OCT04DENSF-SFKBLACK26-15,Kaelon Black: 15+ rushing yards,price moved +71c,0,71,71,0,7,7,False,,,
2026-10-02T16:30:16.219440+00:00,nfl,prop_rshyds,KXNFLRSHYDS-26OCT04DENSF-SFKBLACK26-60,Kaelon Black: 60+ rushing yards,price moved +10c,0,10,10,0,188,188,False,,,
2026-10-02T16:30:16.219440+00:00,nfl,prop_rshyds,KXNFLRSHYDS-26OCT04DENSF-DENBNIX10-30,Bo Nix: 30+ rushing yards,price moved -17c,26,9,-17,106,295,189,False,,,
2026-10-02T16:30:16.219440+00:00,nfl,prop_rshyds,KXNFLRSHYDS-26OCT04DENSF-DENRHARVEY12-40,RJ Harvey: 40+ rushing yards,price moved +10c,0,10,10,0,6,6,False,,,
2026-10-02T16:30:16.219440+00:00,nfl,prop_rshyds,KXNFLRSHYDS-26OCT04KCLV-KCKWALKER9-80,Kenneth Walker III: 80+ rushing yards,volume spike x15.0,58,58,0,1,15,14,False,,,
2026-10-02T16:30:16.219440+00:00,nfl,prop_rshyds,KXNFLRSHYDS-26OCT04LACSEA-SEAEWILSON23-50,Emanuel Wilson: 50+ rushing yards,price moved +8c,35,43,8,747,813,66,False,,,
2026-10-02T16:30:16.219440+00:00,nfl,prop_rshyds,KXNFLRSHYDS-26OCT04DETCAR-CARBYOUNG9-15,Bryce Young: 15+ rushing yards,price moved +45c,0,45,45,0,4,4,False,,,
2026-10-02T16:30:16.219440+00:00,nfl,prop_rshyds,KXNFLRSHYDS-26OCT04DETCAR-CARBYOUNG9-20,Bryce Young: 20+ rushing yards,price moved +33c,0,33,33,0,1,1,False,,,
2026-10-02T16:30:16.219440+00:00,nfl,prop_rshyds,KXNFLRSHYDS-26OCT04DETCAR-DETJGIBBS0-120,Jahmyr Gibbs: 120+ rushing yards,price moved +33c,0,33,33,0,1,1,False,,,
2026-10-02T16:30:16.219440+00:00,nfl,prop_rshyds,KXNFLRSHYDS-26OCT04DETCAR-CARADILLON28-25,AJ Dillon: 25+ rushing yards,price moved +20c,0,20,20,0,3,3,False,,,
2026-10-02T16:30:16.219440+00:00,nfl,prop_rshyds,KXNFLRSHYDS-26OCT04DETCAR-CARADILLON28-30,AJ Dillon: 30+ rushing yards,price moved +14c,0,14,14,0,4,4,False,,,
2026-10-02T16:30:16.219440+00:00,nfl,prop_rshyds,KXNFLRSHYDS-26OCT04DETCAR-DETSVAKI33-15,Sione Vaki: 15+ rushing yards,price moved +7c,31,38,7,2,5,3,False,,,
2026-10-02T16:30:16.219440+00:00,nfl,prop_rshyds,KXNFLRSHYDS-26OCT04DETCAR-DETSVAKI33-25,Sione Vaki: 25+ rushing yards,price moved +20c,0,20,20,0,29,29,False,,,
2026-10-02T16:30:16.219440+00:00,nfl,prop_rshyds,KXNFLRSHYDS-26OCT05ATLNO-NOTSHOUGH6-15,Tyler Shough: 15+ rushing yards,price moved +53c,0,53,53,0,4,4,False,,,
2026-10-02T16:30:16.219440+00:00,nfl,prop_rshyds,KXNFLRSHYDS-26OCT05ATLNO-NOTSHOUGH6-30,Tyler Shough: 30+ rushing yards,price moved +20c,0,20,20,0,3,3,False,,,
2026-10-02T16:30:16.219440+00:00,nfl,prop_rshatt,KXNFLRSHATT-26OCT04INDWAS-WASJCROSKEYMERRITT22-11,Jacory Croskey-Merritt: 11+ rushing attempts,price moved +80c,0,80,80,0,1,1,False,,,
2026-10-02T16:30:16.219440+00:00,nfl,prop_rshatt,KXNFLRSHATT-26OCT04INDWAS-WASMMARIOTA8-3,Marcus Mariota: 3+ rushing attempts,price moved +79c,0,79,79,0,1,1,False,,,
2026-10-02T16:30:16.219440+00:00,nfl,prop_rshatt,KXNFLRSHATT-26OCT04INDWAS-INDJTAYLOR28-17,Jonathan Taylor: 17+ rushing attempts,price moved +76c,0,76,76,0,1,1,False,,,
2026-10-02T16:30:16.219440+00:00,nfl,prop_rshatt,KXNFLRSHATT-26OCT04ARINYG-NYGCSKATTEBO44-17,Cam Skattebo: 17+ rushing attempts,price moved +44c,0,44,44,0,600,600,False,,,
2026-10-02T16:30:16.219440+00:00,nfl,prop_rshatt,KXNFLRSHATT-26OCT04DALHOU-HOUDMONTGOMERY32-15,David Montgomery: 15+ rushing attempts,price moved +29c,0,29,29,0,32,32,False,,,
2026-10-02T16:30:16.219440+00:00,nfl,prop_rshatt,KXNFLRSHATT-26OCT04GBTB-TBJDANIELS10-7,Jalon Daniels: 7+ rushing attempts,price moved +56c,0,56,56,0,1,1,False,,,
2026-10-02T16:30:16.219440+00:00,nfl,prop_rshatt,KXNFLRSHATT-26OCT04NEBUF-NERSTEVENSON38-6,Rhamondre Stevenson: 6+ rushing attempts,volume spike x4.7,76,78,2,446,2092,1646,False,,,
2026-10-02T16:30:16.219440+00:00,nfl,prop_rshatt,KXNFLRSHATT-26OCT04NYJCHI-CHIKMONANGAI25-10,Kyle Monangai: 10+ rushing attempts,price moved -19c,63,44,-19,2057,2060,3,False,,,
2026-10-02T16:30:16.219440+00:00,nfl,prop_rshatt,KXNFLRSHATT-26OCT04NYJCHI-CHIDSWIFT4-14,D'Andre Swift: 14+ rushing attempts,price moved -11c,75,64,-11,12,14,2,False,,,
2026-10-02T16:30:16.219440+00:00,nfl,prop_rshatt,KXNFLRSHATT-26OCT04NYJCHI-NYJBALLEN0-15,Braelon Allen: 15+ rushing attempts,volume spike x8.1,45,48,3,141,1141,1000,False,,,
2026-10-02T16:30:16.219440+00:00,nfl,prop_rshatt,KXNFLRSHATT-26OCT04TENBAL-BALDHENRY22-17,Derrick Henry: 17+ rushing attempts,price moved -17c,99,82,-17,102,114,12,False,,,
2026-10-02T16:30:16.219440+00:00,nfl,prop_rshatt,KXNFLRSHATT-26OCT04MIAMIN-MIAMWILLIS2-10,Malik Willis: 10+ rushing attempts,price moved +13c,0,13,13,0,1,1,False,,,
2026-10-02T16:30:16.219440+00:00,nfl,prop_rshatt,KXNFLRSHATT-26OCT04MIAMIN-MIAJWRIGHT5-8,Jaylen Wright: 8+ rushing attempts,volume spike x3.2,50,56,6,544,1748,1204,False,,,
2026-10-02T16:30:16.219440+00:00,nfl,prop_recyds,KXNFLRECYDS-26OCT04INDWAS-INDKALLEN10-25,Keenan Allen: 25+ receiving yards,price moved +69c,0,69,69,0,1,1,False,,,
2026-10-02T16:30:16.219440+00:00,nfl,prop_recyds,KXNFLRECYDS-26OCT04ARINYG-ARITMCBRIDE85-60,Trey McBride: 60+ receiving yards,price moved +59c,0,59,59,0,42,42,False,,,
2026-10-02T16:30:16.219440+00:00,nfl,prop_recyds,KXNFLRECYDS-26OCT04ARINYG-ARITMCBRIDE85-90,Trey McBride: 90+ receiving yards,price moved +29c,0,29,29,0,3,3,False,,,
2026-10-02T16:30:16.219440+00:00,nfl,prop_recyds,KXNFLRECYDS-26OCT04ARINYG-ARITMCBRIDE85-100,Trey McBride: 100+ receiving yards,price moved +21c,0,21,21,0,4,4,False,,,
2026-10-02T16:30:16.219440+00:00,nfl,prop_recyds,KXNFLRECYDS-26OCT04ARINYG-ARITMCBRIDE85-130,Trey McBride: 130+ receiving yards,price moved +8c,0,8,8,0,11,11,False,,,
2026-10-02T16:30:16.219440+00:00,nfl,prop_recyds,KXNFLRECYDS-26OCT04ARINYG-ARIMWILSON14-110,Michael Wilson: 110+ receiving yards,volume spike x4.4,12,11,-1,15,66,51,False,,,
2026-10-02T16:30:16.219440+00:00,nfl,prop_recyds,KXNFLRECYDS-26OCT04ARINYG-NYGMFIELDS88-15,Malachi Fields: 15+ receiving yards,price moved +9c,56,65,9,117,117,0,False,,,
2026-10-02T16:30:16.219440+00:00,nfl,prop_recyds,KXNFLRECYDS-26OCT04ARINYG-NYGMNABERS1-50,Malik Nabers: 50+ receiving yards,volume spike x5.8,58,57,-1,33,192,159,False,,,
2026-10-02T16:30:16.219440+00:00,nfl,prop_recyds,KXNFLRECYDS-26OCT04ARINYG-NYGMNABERS1-70,Malik Nabers: 70+ receiving yards,price moved +35c,0,35,35,0,956,956,False,,,
2026-10-02T16:30:16.219440+00:00,nfl,prop_recyds,KXNFLRECYDS-26OCT04ARINYG-NYGMNABERS1-80,Malik Nabers: 80+ receiving yards,price moved +28c,0,28,28,0,911,911,False,,,
2026-10-02T16:30:16.219440+00:00,nfl,prop_recyds,KXNFLRECYDS-26OCT04ARINYG-NYGMNABERS1-90,Malik Nabers: 90+ receiving yards,price moved +20c,0,20,20,0,888,888,False,,,
2026-10-02T16:30:16.219440+00:00,nfl,prop_recyds,KXNFLRECYDS-26OCT04ARINYG-ARIJLOVE4-15,Jeremiyah Love: 15+ receiving yards,volume spike x16.9,53,58,5,441,7469,7028,False,,,
2026-10-02T16:30:16.219440+00:00,nfl,prop_recyds,KXNFLRECYDS-26OCT04ARINYG-ARIJLOVE4-25,Jeremiyah Love: 25+ receiving yards,volume spike x11.2,28,34,6,35,391,356,False,,,
2026-10-02T16:30:16.219440+00:00,nfl,prop_recyds,KXNFLRECYDS-26OCT04ARINYG-NYGDMOONEY17-15,Darnell Mooney: 15+ receiving yards,price moved +59c,0,59,59,0,65,65,False,,,
2026-10-02T16:30:16.219440+00:00,nfl,prop_recyds,KXNFLRECYDS-26OCT04DALHOU-HOUWMARKS4-15,Woody Marks: 15+ receiving yards,price moved +9c,30,39,9,23,1910,1887,False,,,
2026-10-02T16:30:16.219440+00:00,nfl,prop_recyds,KXNFLRECYDS-26OCT04DALHOU-HOUWMARKS4-15,Woody Marks: 15+ receiving yards,volume spike x83.0,30,39,9,23,1910,1887,False,,,
2026-10-02T16:30:16.219440+00:00,nfl,prop_recyds,KXNFLRECYDS-26OCT04DALHOU-HOUDSCHULTZ86-25,Dalton Schultz: 25+ receiving yards,price moved +73c,0,73,73,0,0,0,False,,,
2026-10-02T16:30:16.219440+00:00,nfl,prop_recyds,KXNFLRECYDS-26OCT04DALHOU-DALRFLOURNOY19-15,Ryan Flournoy: 15+ receiving yards,price moved +79c,0,79,79,0,0,0,False,,,
2026-10-02T16:30:16.219440+00:00,nfl,prop_recyds,KXNFLRECYDS-26OCT04DALHOU-DALGPICKENS3-50,George Pickens: 50+ receiving yards,price moved +12c,55,67,12,198,203,5,False,,,
2026-10-02T16:30:16.219440+00:00,nfl,prop_recyds,KXNFLRECYDS-26OCT04DALHOU-DALGPICKENS3-60,George Pickens: 60+ receiving yards,price moved +59c,0,59,59,0,171,171,False,,,
2026-10-02T16:30:16.219440+00:00,nfl,prop_recyds,KXNFLRECYDS-26OCT04DALHOU-DALGPICKENS3-80,George Pickens: 80+ receiving yards,volume spike x7.5,40,38,-2,2,15,13,False,,,
2026-10-02T16:30:16.219440+00:00,nfl,prop_recyds,KXNFLRECYDS-26OCT04DALHOU-DALGPICKENS3-130,George Pickens: 130+ receiving yards,price moved +10c,0,10,10,0,16,16,False,,,
2026-10-02T16:30:16.219440+00:00,nfl,prop_recyds,KXNFLRECYDS-26OCT04GBTB-GBMGOLDEN0-40,Matthew Golden: 40+ receiving yards,price moved +69c,0,69,69,0,2,2,False,,,
2026-10-02T16:30:16.219440+00:00,nfl,prop_recyds,KXNFLRECYDS-26OCT04GBTB-GBTKRAFT85-15,Tucker Kraft: 15+ receiving yards,price moved +88c,0,88,88,0,11,11,False,,,
2026-10-02T16:30:16.219440+00:00,nfl,prop_recyds,KXNFLRECYDS-26OCT04GBTB-GBCWATSON9-40,Christian Watson: 40+ receiving yards,volume spike x31.7,78,74,-4,25,793,768,False,,,
2026-10-02T16:30:16.219440+00:00,nfl,prop_recyds,KXNFLRECYDS-26OCT04GBTB-TBKGAINWELL1-15,Kenny Gainwell: 15+ receiving yards,price moved -9c,39,30,-9,45,51,6,False,,,
2026-10-02T16:30:16.219440+00:00,nfl,prop_recyds,KXNFLRECYDS-26OCT04GBTB-TBTHURST17-15,Ted Hurst III: 15+ receiving yards,price moved +61c,0,61,61,0,1,1,False,,,
2026-10-02T16:30:16.219440+00:00,nfl,prop_recyds,KXNFLRECYDS-26OCT04GBTB-TBTHURST17-40,Ted Hurst III: 40+ receiving yards,price moved +24c,0,24,24,0,5,5,False,,,
2026-10-02T16:30:16.219440+00:00,nfl,prop_recyds,KXNFLRECYDS-26OCT04GBTB-TBTHURST17-50,Ted Hurst III: 50+ receiving yards,price moved +17c,0,17,17,0,9,9,False,,,
2026-10-02T16:30:16.219440+00:00,nfl,prop_recyds,KXNFLRECYDS-26OCT04GBTB-TBTJOHNSON15-25,Tez Johnson: 25+ receiving yards,price moved +24c,0,24,24,0,55,55,False,,,
2026-10-02T16:30:16.219440+00:00,nfl,prop_recyds,KXNFLRECYDS-26OCT04GBTB-TBTJOHNSON15-40,Tez Johnson: 40+ receiving yards,price moved +10c,0,10,10,0,63,63,False,,,
2026-10-02T16:30:16.219440+00:00,nfl,prop_recyds,KXNFLRECYDS-26OCT04JACCIN-CINJCHASE1-60,Ja'Marr Chase: 60+ receiving yards,price moved +71c,0,71,71,0,27,27,False,,,
2026-10-02T16:30:16.219440+00:00,nfl,prop_recyds,KXNFLRECYDS-26OCT04JACCIN-CINJCHASE1-70,Ja'Marr Chase: 70+ receiving yards,volume spike x3.1,62,62,0,175,542,367,False,,,
2026-10-02T16:30:16.219440+00:00,nfl,prop_recyds,KXNFLRECYDS-26OCT04JACCIN-CINJCHASE1-120,Ja'Marr Chase: 120+ receiving yards,volume spike x4.4,22,24,2,284,1259,975,False,,,
2026-10-02T16:30:16.219440+00:00,nfl,prop_recyds,KXNFLRECYDS-26OCT04JACCIN-CINTHIGGINS5-50,Tee Higgins: 50+ receiving yards,price moved +63c,0,63,63,0,1,1,False,,,
2026-10-02T16:30:16.219440+00:00,nfl,prop_recyds,KXNFLRECYDS-26OCT04JACCIN-CINTHIGGINS5-100,Tee Higgins: 100+ receiving yards,price moved +16c,0,16,16,0,2,2,False,,,
2026-10-02T16:30:16.219440+00:00,nfl,prop_recyds,KXNFLRECYDS-26OCT04JACCIN-CINCBROWN30-25,Chase Brown: 25+ receiving yards,price moved +42c,0,42,42,0,45,45,False,,,
2026-10-02T16:30:16.219440+00:00,nfl,prop_recyds,KXNFLRECYDS-26OCT04JACCIN-JACBSTRANGE85-60,Brenton Strange: 60+ receiving yards,price moved +21c,0,21,21,0,40,40,False,,,
2026-10-02T16:30:16.219440+00:00,nfl,prop_recyds,KXNFLRECYDS-26OCT04JACCIN-JACBSTRANGE85-70,Brenton Strange: 70+ receiving yards,price moved +14c,0,14,14,0,62,62,False,,,
2026-10-02T16:30:16.219440+00:00,nfl,prop_recyds,KXNFLRECYDS-26OCT04JACCIN-JACBTHOMAS7-25,Brian Thomas Jr.: 25+ receiving yards,volume spike x86.4,56,56,0,18,1556,1538,False,,,
2026-10-02T16:30:16.219440+00:00,nfl,prop_recyds,KXNFLRECYDS-26OCT04JACCIN-JACJCAMERON19-10,Josh Cameron: 10+ receiving yards,price moved +53c,0,53,53,0,3743,3743,False,,,
2026-10-02T16:30:16.219440+00:00,nfl,prop_recyds,KXNFLRECYDS-26OCT04JACCIN-JACJCAMERON19-15,Josh Cameron: 15+ receiving yards,price moved +7c,32,39,7,31,1292,1261,False,,,
2026-10-02T16:30:16.219440+00:00,nfl,prop_recyds,KXNFLRECYDS-26OCT04JACCIN-JACJCAMERON19-15,Josh Cameron: 15+ receiving yards,volume spike x41.7,32,39,7,31,1292,1261,False,,,
2026-10-02T16:30:16.219440+00:00,nfl,prop_recyds,KXNFLRECYDS-26OCT04JACCIN-JACJCAMERON19-25,Josh Cameron: 25+ receiving yards,price moved +9c,16,25,9,29,1714,1685,False,,,
2026-10-02T16:30:16.219440+00:00,nfl,prop_recyds,KXNFLRECYDS-26OCT04JACCIN-JACJCAMERON19-25,Josh Cameron: 25+ receiving yards,volume spike x59.1,16,25,9,29,1714,1685,False,,,
2026-10-02T16:30:16.219440+00:00,nfl,prop_recyds,KXNFLRECYDS-26OCT04LARPHI-PHIDSMITH6-40,DeVonta Smith: 40+ receiving yards,price moved +15c,53,68,15,1835,3899,2064,False,,,
2026-10-02T16:30:16.219440+00:00,nfl,prop_recyds,KXNFLRECYDS-26OCT04LARPHI-PHIDSMITH6-50,DeVonta Smith: 50+ receiving yards,price moved +34c,0,34,34,0,159,159,False,,,
2026-10-02T16:30:16.219440+00:00,nfl,prop_recyds,KXNFLRECYDS-26OCT04LARPHI-PHIDCOOPER80-15,Darius Cooper: 15+ receiving yards,price moved +51c,0,51,51,0,820,820,False,,,
2026-10-02T16:30:16.219440+00:00,nfl,prop_recyds,KXNFLRECYDS-26OCT04NEBUF-NERDOUBS87-40,Romeo Doubs: 40+ receiving yards,volume spike x3.9,52,52,0,146,569,423,False,,,
2026-10-02T16:30:16.219440+00:00,nfl,prop_recyds,KXNFLRECYDS-26OCT04NEBUF-NETHENDERSON32-15,TreVeyon Henderson: 15+ receiving yards,price moved +28c,0,28,28,0,5,5,False,,,
2026-10-02T16:30:16.219440+00:00,nfl,prop_recyds,KXNFLRECYDS-26OCT04NEBUF-NETHENDERSON32-25,TreVeyon Henderson: 25+ receiving yards,volume spike x9.9,20,15,-5,14,139,125,False,,,
2026-10-02T16:30:16.219440+00:00,nfl,prop_recyds,KXNFLRECYDS-26OCT04NEBUF-NEMHOLLINS13-45,Mack Hollins: 45+ receiving yards,price moved +49c,0,49,49,0,3,3,False,,,
2026-10-02T16:30:16.219440+00:00,nfl,prop_recyds,KXNFLRECYDS-26OCT04NEBUF-NERSTEVENSON38-25,Rhamondre Stevenson: 25+ receiving yards,volume spike x4.1,39,39,0,12,49,37,False,,,
2026-10-02T16:30:16.219440+00:00,nfl,prop_recyds,KXNFLRECYDS-26OCT04NEBUF-BUFDKNOX88-15,Dawson Knox: 15+ receiving yards,price moved +38c,0,38,38,0,2,2,False,,,
2026-10-02T16:30:16.219440+00:00,nfl,prop_recyds,KXNFLRECYDS-26OCT04NEBUF-BUFDKNOX88-25,Dawson Knox: 25+ receiving yards,price moved +19c,0,19,19,0,26,26,False,,,
2026-10-02T16:30:16.219440+00:00,nfl,prop_recyds,KXNFLRECYDS-26OCT04NYJCHI-CHILBURDEN10-40,Luther Burden III: 40+ receiving yards,price moved +60c,0,60,60,0,24,24,False,,,
2026-10-02T16:30:16.219440+00:00,nfl,prop_recyds,KXNFLRECYDS-26OCT04NYJCHI-CHILBURDEN10-70,Luther Burden III: 70+ receiving yards,price moved +26c,0,26,26,0,10,10,False,,,
2026-10-02T16:30:16.219440+00:00,nfl,prop_recyds,KXNFLRECYDS-26OCT04NYJCHI-CHICKMET85-15,Cole Kmet: 15+ receiving yards,price moved +34c,0,34,34,0,10,10,False,,,
2026-10-02T16:30:16.219440+00:00,nfl,prop_recyds,KXNFLRECYDS-26OCT04NYJCHI-CHICLOVELAND84-40,Colston Loveland: 40+ receiving yards,volume spike x3.7,42,38,-4,22,82,60,False,,,
2026-10-02T16:30:16.219440+00:00,nfl,prop_recyds,KXNFLRECYDS-26OCT04NYJCHI-CHIDSWIFT4-40,D'Andre Swift: 40+ receiving yards,price moved +9c,7,16,9,66,68,2,False,,,
2026-10-02T16:30:16.219440+00:00,nfl,prop_recyds,KXNFLRECYDS-26OCT04NYJCHI-NYJGWILSON5-40,Garrett Wilson: 40+ receiving yards,price moved +82c,0,82,82,0,4,4,False,,,
2026-10-02T16:30:16.219440+00:00,nfl,prop_recyds,KXNFLRECYDS-26OCT04NYJCHI-NYJGWILSON5-70,Garrett Wilson: 70+ receiving yards,price moved +59c,0,59,59,0,1531,1531,False,,,
2026-10-02T16:30:16.219440+00:00,nfl,prop_recyds,KXNFLRECYDS-26OCT04NYJCHI-NYJGWILSON5-80,Garrett Wilson: 80+ receiving yards,volume spike x9.6,46,47,1,239,2304,2065,False,,,
2026-10-02T16:30:16.219440+00:00,nfl,prop_recyds,KXNFLRECYDS-26OCT04NYJCHI-NYJBALLEN0-25,Braelon Allen: 25+ receiving yards,price moved +16c,0,16,16,0,8,8,False,,,
2026-10-02T16:30:16.219440+00:00,nfl,prop_recyds,KXNFLRECYDS-26OCT04NYJCHI-NYJIWILLIAMS18-25,Isaiah Williams: 25+ receiving yards,price moved +48c,0,48,48,0,1000,1000,False,,,
2026-10-02T16:30:16.219440+00:00,nfl,prop_recyds,KXNFLRECYDS-26OCT04NYJCHI-NYJIWILLIAMS18-40,Isaiah Williams: 40+ receiving yards,price moved +25c,0,25,25,0,500,500,False,,,
2026-10-02T16:30:16.219440+00:00,nfl,prop_recyds,KXNFLRECYDS-26OCT04NYJCHI-NYJIDAVIS32-10,Isaiah Davis: 10+ receiving yards,price moved +51c,0,51,51,0,66,66,False,,,
2026-10-02T16:30:16.219440+00:00,nfl,prop_recyds,KXNFLRECYDS-26OCT04NYJCHI-NYJIDAVIS32-15,Isaiah Davis: 15+ receiving yards,price moved +34c,0,34,34,0,3,3,False,,,
2026-10-02T16:30:16.219440+00:00,nfl,prop_recyds,KXNFLRECYDS-26OCT04TENBAL-TENWROBINSON4-90,Wan'Dale Robinson: 90+ receiving yards,price moved +9c,0,9,9,0,52,52,False,,,
2026-10-02T16:30:16.219440+00:00,nfl,prop_recyds,KXNFLRECYDS-26OCT04TENBAL-TENCTATE14-60,Carnell Tate: 60+ receiving yards,volume spike x12.5,26,31,5,4,50,46,False,,,
2026-10-02T16:30:16.219440+00:00,nfl,prop_recyds,KXNFLRECYDS-26OCT04TENBAL-TENCTATE14-70,Carnell Tate: 70+ receiving yards,price moved +22c,0,22,22,0,43,43,False,,,
2026-10-02T16:30:16.219440+00:00,nfl,prop_recyds,KXNFLRECYDS-26OCT04TENBAL-TENCTATE14-80,Carnell Tate: 80+ receiving yards,price moved +16c,0,16,16,0,59,59,False,,,
2026-10-02T16:30:16.219440+00:00,nfl,prop_recyds,KXNFLRECYDS-26OCT04TENBAL-TENCTATE14-90,Carnell Tate: 90+ receiving yards,price moved +12c,0,12,12,0,78,78,False,,,
2026-10-02T16:30:16.219440+00:00,nfl,prop_recyds,KXNFLRECYDS-26OCT04TENBAL-TENCTATE14-100,Carnell Tate: 100+ receiving yards,price moved +9c,0,9,9,0,104,104,False,,,
2026-10-02T16:30:16.219440+00:00,nfl,prop_recyds,KXNFLRECYDS-26OCT04TENBAL-TENCRIDLEY0-15,Calvin Ridley: 15+ receiving yards,price moved -8c,33,25,-8,388,392,4,False,,,
2026-10-02T16:30:16.219440+00:00,nfl,prop_recyds,KXNFLRECYDS-26OCT04MIAMIN-MINAJONES33-15,Aaron Jones Sr.: 15+ receiving yards,volume spike x17.1,61,60,-1,39,668,629,False,,,
2026-10-02T16:30:16.219440+00:00,nfl,prop_recyds,KXNFLRECYDS-26OCT04MIAMIN-MINAJONES33-40,Aaron Jones Sr.: 40+ receiving yards,price moved +15c,0,15,15,0,4,4,False,,,
2026-10-02T16:30:16.219440+00:00,nfl,prop_recyds,KXNFLRECYDS-26OCT04MIAMIN-MIAGDULCICH85-25,Greg Dulcich: 25+ receiving yards,volume spike x1268.7,58,60,2,3,3806,3803,False,,,
2026-10-02T16:30:16.219440+00:00,nfl,prop_recyds,KXNFLRECYDS-26OCT04MIAMIN-MIAMWASHINGTON6-40,Malik Washington: 40+ receiving yards,volume spike x37.1,48,50,2,201,7453,7252,False,,,
2026-10-02T16:30:16.219440+00:00,nfl,prop_recyds,KXNFLRECYDS-26OCT04MIAMIN-MINJADDISON3-50,Jordan Addison: 50+ receiving yards,volume spike x4.8,58,57,-1,17,82,65,False,,,
2026-10-02T16:30:16.219440+00:00,nfl,prop_recyds,KXNFLRECYDS-26OCT04MIAMIN-MINJADDISON3-55,Jordan Addison: 55+ receiving yards,price moved +51c,0,51,51,0,37,37,False,,,
2026-10-02T16:30:16.219440+00:00,nfl,prop_recyds,KXNFLRECYDS-26OCT04MIAMIN-MINJADDISON3-100,Jordan Addison: 100+ receiving yards,price moved +17c,0,17,17,0,48,48,False,,,
2026-10-02T16:30:16.219440+00:00,nfl,prop_recyds,KXNFLRECYDS-26OCT04MIAMIN-MINTHOCKENSON87-40,T.J. Hockenson: 40+ receiving yards,price moved +45c,0,45,45,0,21,21,False,,,
2026-10-02T16:30:16.219440+00:00,nfl,prop_recyds,KXNFLRECYDS-26OCT04DENSF-SFGKITTLE85-60,George Kittle: 60+ receiving yards,price moved +53c,0,53,53,0,112,112,False,,,
2026-10-02T16:30:16.219440+00:00,nfl,prop_recyds,KXNFLRECYDS-26OCT04DENSF-SFCMCCAFFREY23-25,Christian McCaffrey: 25+ receiving yards,volume spike x3.6,72,73,1,382,1390,1008,False,,,
2026-10-02T16:30:16.219440+00:00,nfl,prop_recyds,KXNFLRECYDS-26OCT04DENSF-SFCMCCAFFREY23-50,Christian McCaffrey: 50+ receiving yards,volume spike x4.1,38,39,1,144,597,453,False,,,
2026-10-02T16:30:16.219440+00:00,nfl,prop_recyds,KXNFLRECYDS-26OCT04DENSF-SFCMCCAFFREY23-60,Christian McCaffrey: 60+ receiving yards,volume spike x20.7,27,29,2,18,373,355,False,,,
2026-10-02T16:30:16.219440+00:00,nfl,prop_recyds,KXNFLRECYDS-26OCT04DENSF-SFCMCCAFFREY23-70,Christian McCaffrey: 70+ receiving yards,price moved +21c,0,21,21,0,362,362,False,,,
2026-10-02T16:30:16.219440+00:00,nfl,prop_recyds,KXNFLRECYDS-26OCT04DENSF-SFCMCCAFFREY23-80,Christian McCaffrey: 80+ receiving yards,volume spike x55.1,10,15,5,9,496,487,False,,,
2026-10-02T16:30:16.219440+00:00,nfl,prop_recyds,KXNFLRECYDS-26OCT04DENSF-SFCMCCAFFREY23-90,Christian McCaffrey: 90+ receiving yards,price moved +11c,0,11,11,0,85,85,False,,,
2026-10-02T16:30:16.219440+00:00,nfl,prop_recyds,KXNFLRECYDS-26OCT04DENSF-DENJWADDLE17-40,Jaylen Waddle: 40+ receiving yards,price moved +65c,0,65,65,0,2,2,False,,,
2026-10-02T16:30:16.219440+00:00,nfl,prop_recyds,KXNFLRECYDS-26OCT04DENSF-DENJWADDLE17-55,Jaylen Waddle: 55+ receiving yards,price moved +53c,0,53,53,0,22,22,False,,,
2026-10-02T16:30:16.219440+00:00,nfl,prop_recyds,KXNFLRECYDS-26OCT04KCLV-KCTKELCE87-60,Travis Kelce: 60+ receiving yards,price moved +36c,0,36,36,0,26,26,False,,,
2026-10-02T16:30:16.219440+00:00,nfl,prop_recyds,KXNFLRECYDS-26OCT04KCLV-KCTKELCE87-80,Travis Kelce: 80+ receiving yards,price moved +20c,0,20,20,0,1,1,False,,,
2026-10-02T16:30:16.219440+00:00,nfl,prop_recyds,KXNFLRECYDS-26OCT04KCLV-KCRRICE4-25,Rashee Rice: 25+ receiving yards,price moved +84c,0,84,84,0,1,1,False,,,
2026-10-02T16:30:16.219440+00:00,nfl,prop_recyds,KXNFLRECYDS-26OCT04KCLV-KCRRICE4-55,Rashee Rice: 55+ receiving yards,volume spike x30.8,51,55,4,247,7596,7349,False,,,
2026-10-02T16:30:16.219440+00:00,nfl,prop_recyds,KXNFLRECYDS-26OCT04KCLV-KCKWALKER9-40,Kenneth Walker III: 40+ receiving yards,volume spike x3.2,21,21,0,43,138,95,False,,,
2026-10-02T16:30:16.219440+00:00,nfl,prop_recyds,KXNFLRECYDS-26OCT04KCLV-LVBBOWERS89-110,Brock Bowers: 110+ receiving yards,price moved +19c,0,19,19,0,1,1,False,,,
2026-10-02T16:30:16.219440+00:00,nfl,prop_recyds,KXNFLRECYDS-26OCT04KCLV-LVMMAYER87-25,Michael Mayer: 25+ receiving yards,volume spike x4.4,45,45,0,232,1032,800,False,,,
2026-10-02T16:30:16.219440+00:00,nfl,prop_recyds,KXNFLRECYDS-26OCT04KCLV-LVTTUCKER1-15,Tre Tucker: 15+ receiving yards,price moved +84c,0,84,84,0,1,1,False,,,
2026-10-02T16:30:16.219440+00:00,nfl,prop_recyds,KXNFLRECYDS-26OCT04LACSEA-SEACKUPP10-15,Cooper Kupp: 15+ receiving yards,price moved +69c,0,69,69,0,2,2,False,,,
2026-10-02T16:30:16.219440+00:00,nfl,prop_recyds,KXNFLRECYDS-26OCT04LACSEA-SEAJSMITHNJIGBA11-180,Jaxon Smith-Njigba: 180+ receiving yards,price moved +7c,0,7,7,0,3,3,False,,,
2026-10-02T16:30:16.219440+00:00,nfl,prop_recyds,KXNFLRECYDS-26OCT04LACSEA-LACLMCCONKEY15-40,Ladd McConkey: 40+ receiving yards,price moved +10c,50,60,10,16,104,88,False,,,
2026-10-02T16:30:16.219440+00:00,nfl,prop_recyds,KXNFLRECYDS-26OCT04LACSEA-LACLMCCONKEY15-40,Ladd McConkey: 40+ receiving yards,volume spike x6.5,50,60,10,16,104,88,False,,,
2026-10-02T16:30:16.219440+00:00,nfl,prop_recyds,KXNFLRECYDS-26OCT04LACSEA-SEATHORTON15-25,Tory Horton: 25+ receiving yards,price moved +26c,0,26,26,0,5,5,False,,,
2026-10-02T16:30:16.219440+00:00,nfl,prop_recyds,KXNFLRECYDS-26OCT04DETCAR-DETJWILLIAMS1-100,Jameson Williams: 100+ receiving yards,volume spike x16.5,15,15,0,18,297,279,False,,,
2026-10-02T16:30:16.219440+00:00,nfl,prop_recyds,KXNFLRECYDS-26OCT04DETCAR-CARTTREMBLE82-25,Tommy Tremble: 25+ receiving yards,price moved +20c,0,20,20,0,2,2,False,,,
2026-10-02T16:30:16.219440+00:00,nfl,prop_recyds,KXNFLRECYDS-26OCT05ATLNO-ATLKPITTS8-25,Kyle Pitts Sr.: 25+ receiving yards,volume spike x12.8,54,59,5,25,319,294,False,,,
2026-10-02T16:30:16.219440+00:00,nfl,prop_recyds,KXNFLRECYDS-26OCT05ATLNO-ATLOZACCHEAUS14-15,Olamide Zaccheaus: 15+ receiving yards,price moved +28c,0,28,28,0,2,2,False,,,
2026-10-02T16:30:16.219440+00:00,nfl,prop_rec,KXNFLREC-26OCT04INDWAS-WASSDIGGS3-3,Stefon Diggs: 3+ receptions,price moved +78c,0,78,78,0,1,1,False,,,
2026-10-02T16:30:16.219440+00:00,nfl,prop_rec,KXNFLREC-26OCT04INDWAS-WASSDIGGS3-5,Stefon Diggs: 5+ receptions,price moved +43c,0,43,43,0,82,82,False,,,
2026-10-02T16:30:16.219440+00:00,nfl,prop_rec,KXNFLREC-26OCT04INDWAS-INDKALLEN10-3,Keenan Allen: 3+ receptions,price moved +74c,0,74,74,0,1,1,False,,,
2026-10-02T16:30:16.219440+00:00,nfl,prop_rec,KXNFLREC-26OCT04INDWAS-INDJDOWNS2-4,Josh Downs: 4+ receptions,price moved +75c,0,75,75,0,1,1,False,,,
2026-10-02T16:30:16.219440+00:00,nfl,prop_rec,KXNFLREC-26OCT04INDWAS-INDJTAYLOR28-2,Jonathan Taylor: 2+ receptions,price moved +78c,0,78,78,0,1,1,False,,,
2026-10-02T16:30:16.219440+00:00,nfl,prop_rec,KXNFLREC-26OCT04ARINYG-NYGMFIELDS88-2,Malachi Fields: 2+ receptions,price moved +61c,0,61,61,0,0,0,False,,,
2026-10-02T16:30:16.219440+00:00,nfl,prop_rec,KXNFLREC-26OCT04ARINYG-NYGDMOONEY17-2,Darnell Mooney: 2+ receptions,volume spike x19.9,57,56,-1,151,3010,2859,False,,,
2026-10-02T16:30:16.219440+00:00,nfl,prop_rec,KXNFLREC-26OCT04ARINYG-NYGDMOONEY17-3,Darnell Mooney: 3+ receptions,volume spike x129.3,33,33,0,14,1810,1796,False,,,
2026-10-02T16:30:16.219440+00:00,nfl,prop_rec,KXNFLREC-26OCT04ARINYG-ARIKBOURNE17-4,Kendrick Bourne: 4+ receptions,price moved +23c,0,23,23,0,2212,2212,False,,,
2026-10-02T16:30:16.219440+00:00,nfl,prop_rec,KXNFLREC-26OCT04ARINYG-ARIKBOURNE17-5,Kendrick Bourne: 5+ receptions,price moved +11c,0,11,11,0,1450,1450,False,,,
2026-10-02T16:30:16.219440+00:00,nfl,prop_rec,KXNFLREC-26OCT04ARINYG-ARIJLOVE4-2,Jeremiyah Love: 2+ receptions,price moved +79c,0,79,79,0,0,0,False,,,
2026-10-02T16:30:16.219440+00:00,nfl,prop_rec,KXNFLREC-26OCT04ARINYG-ARIJLOVE4-3,Jeremiyah Love: 3+ receptions,price moved +58c,0,58,58,0,1997,1997,False,,,
2026-10-02T16:30:16.219440+00:00,nfl,prop_rec,KXNFLREC-26OCT04ARINYG-ARIJLOVE4-4,Jeremiyah Love: 4+ receptions,price moved +38c,0,38,38,0,16,16,False,,,
2026-10-02T16:30:16.219440+00:00,nfl,prop_rec,KXNFLREC-26OCT04ARINYG-ARITMCBRIDE85-6,Trey McBride: 6+ receptions,price moved +70c,0,70,70,0,21,21,False,,,
2026-10-02T16:30:16.219440+00:00,nfl,prop_rec,KXNFLREC-26OCT04ARINYG-ARITMCBRIDE85-7,Trey McBride: 7+ receptions,volume spike x6.6,55,53,-2,341,2242,1901,False,,,
2026-10-02T16:30:16.219440+00:00,nfl,prop_rec,KXNFLREC-26OCT04DALHOU-HOUKBOUTTE14-4,Kayshon Boutte: 4+ receptions,price moved +15c,0,15,15,0,6,6,False,,,
2026-10-02T16:30:16.219440+00:00,nfl,prop_rec,KXNFLREC-26OCT04DALHOU-HOUXHUTCHINSON19-3,Xavier Hutchinson: 3+ receptions,price moved +50c,0,50,50,0,713,713,False,,,
2026-10-02T16:30:16.219440+00:00,nfl,prop_rec,KXNFLREC-26OCT04DALHOU-HOUWMARKS4-3,Woody Marks: 3+ receptions,price moved +28c,0,28,28,0,3,3,False,,,
2026-10-02T16:30:16.219440+00:00,nfl,prop_rec,KXNFLREC-26OCT04DALHOU-HOUWMARKS4-4,Woody Marks: 4+ receptions,price moved +13c,0,13,13,0,5,5,False,,,
2026-10-02T16:30:16.219440+00:00,nfl,prop_rec,KXNFLREC-26OCT04DALHOU-DALCLAMB88-5,CeeDee Lamb: 5+ receptions,price moved +70c,0,70,70,0,7,7,False,,,
2026-10-02T16:30:16.219440+00:00,nfl,prop_rec,KXNFLREC-26OCT04DALHOU-DALJWILLIAMS33-2,Javonte Williams: 2+ receptions,price moved +75c,0,75,75,0,0,0,False,,,
2026-10-02T16:30:16.219440+00:00,nfl,prop_rec,KXNFLREC-26OCT04GBTB-TBEEGBUKA2-6,Emeka Egbuka: 6+ receptions,price moved +16c,0,16,16,0,3,3,False,,,
2026-10-02T16:30:16.219440+00:00,nfl,prop_rec,KXNFLREC-26OCT04GBTB-GBMGOLDEN0-6,Matthew Golden: 6+ receptions,price moved +35c,0,35,35,0,2,2,False,,,
2026-10-02T16:30:16.219440+00:00,nfl,prop_rec,KXNFLREC-26OCT04GBTB-GBTKRAFT85-2,Tucker Kraft: 2+ receptions,price moved +91c,0,91,91,0,10,10,False,,,
2026-10-02T16:30:16.219440+00:00,nfl,prop_rec,KXNFLREC-26OCT04GBTB-GBSMOORE23-2,Skyy Moore: 2+ receptions,volume spike x10.5,60,57,-3,159,1664,1505,False,,,
2026-10-02T16:30:16.219440+00:00,nfl,prop_rec,KXNFLREC-26OCT04JACCIN-CINJCHASE1-4,Ja'Marr Chase: 4+ receptions,price moved +88c,0,88,88,0,78,78,False,,,
2026-10-02T16:30:16.219440+00:00,nfl,prop_rec,KXNFLREC-26OCT04JACCIN-CINDMEYERS81-3,Dohnte Meyers: 3+ receptions,volume spike x4.9,37,38,1,469,2296,1827,False,,,
2026-10-02T16:30:16.219440+00:00,nfl,prop_rec,KXNFLREC-26OCT04JACCIN-CINDMEYERS81-6,Dohnte Meyers: 6+ receptions,volume spike x17.5,6,6,0,119,2079,1960,False,,,
2026-10-02T16:30:16.219440+00:00,nfl,prop_rec,KXNFLREC-26OCT04JACCIN-JACBSTRANGE85-4,Brenton Strange: 4+ receptions,volume spike x11.5,46,45,-1,4,46,42,False,,,
2026-10-02T16:30:16.219440+00:00,nfl,prop_rec,KXNFLREC-26OCT04JACCIN-JACBTUTEN33-3,Bhayshul Tuten: 3+ receptions,price moved +31c,0,31,31,0,843,843,False,,,
2026-10-02T16:30:16.219440+00:00,nfl,prop_rec,KXNFLREC-26OCT04JACCIN-JACBTUTEN33-4,Bhayshul Tuten: 4+ receptions,price moved +15c,0,15,15,0,1989,1989,False,,,
2026-10-02T16:30:16.219440+00:00,nfl,prop_rec,KXNFLREC-26OCT04JACCIN-JACPWASHINGTON11-4,Parker Washington: 4+ receptions,price moved +74c,0,74,74,0,188,188,False,,,
2026-10-02T16:30:16.219440+00:00,nfl,prop_rec,KXNFLREC-26OCT04JACCIN-JACJCAMERON19-2,Josh Cameron: 2+ receptions,volume spike x104.2,36,36,0,13,1355,1342,False,,,
2026-10-02T16:30:16.219440+00:00,nfl,prop_rec,KXNFLREC-26OCT04LARPHI-PHIMLEMON9-4,Makai Lemon: 4+ receptions,volume spike x5.2,49,52,3,575,3012,2437,False,,,
2026-10-02T16:30:16.219440+00:00,nfl,prop_rec,KXNFLREC-26OCT04LARPHI-PHIDWICKS13-7,Dontayvion Wicks: 7+ receptions,price moved -12c,26,14,-12,8,41,33,False,,,
2026-10-02T16:30:16.219440+00:00,nfl,prop_rec,KXNFLREC-26OCT04LARPHI-PHIDWICKS13-7,Dontayvion Wicks: 7+ receptions,volume spike x5.1,26,14,-12,8,41,33,False,,,
2026-10-02T16:30:16.219440+00:00,nfl,prop_rec,KXNFLREC-26OCT04LARPHI-LARKWILLIAMS23-4,Kyren Williams: 4+ receptions,price moved +20c,0,20,20,0,9,9,False,,,
2026-10-02T16:30:16.219440+00:00,nfl,prop_rec,KXNFLREC-26OCT04LARPHI-PHIDCOOPER80-3,Darius Cooper: 3+ receptions,price moved +26c,0,26,26,0,22,22,False,,,
2026-10-02T16:30:16.219440+00:00,nfl,prop_rec,KXNFLREC-26OCT04LARPHI-PHIDCOOPER80-4,Darius Cooper: 4+ receptions,volume spike x5.4,7,12,5,9,49,40,False,,,
2026-10-02T16:30:16.219440+00:00,nfl,prop_rec,KXNFLREC-26OCT04NEBUF-BUFKSHAKIR10-7,Khalil Shakir: 7+ receptions,price moved +9c,0,9,9,0,9,9,False,,,
2026-10-02T16:30:16.219440+00:00,nfl,prop_rec,KXNFLREC-26OCT04NEBUF-NEDDOUGLAS3-3,DeMario Douglas: 3+ receptions,price moved +54c,0,54,54,0,312,312,False,,,
2026-10-02T16:30:16.219440+00:00,nfl,prop_rec,KXNFLREC-26OCT04NEBUF-NEHHENRY85-4,Hunter Henry: 4+ receptions,price moved +46c,0,46,46,0,17,17,False,,,
2026-10-02T16:30:16.219440+00:00,nfl,prop_rec,KXNFLREC-26OCT04NEBUF-NEMHOLLINS13-3,Mack Hollins: 3+ receptions,price moved +72c,0,72,72,0,1,1,False,,,
2026-10-02T16:30:16.219440+00:00,nfl,prop_rec,KXNFLREC-26OCT04NEBUF-NEMHOLLINS13-4,Mack Hollins: 4+ receptions,price moved +51c,0,51,51,0,109,109,False,,,
2026-10-02T16:30:16.219440+00:00,nfl,prop_rec,KXNFLREC-26OCT04NEBUF-NERSTEVENSON38-3,Rhamondre Stevenson: 3+ receptions,price moved +51c,0,51,51,0,723,723,False,,,
2026-10-02T16:30:16.219440+00:00,nfl,prop_rec,KXNFLREC-26OCT04NEBUF-BUFDKNOX88-2,Dawson Knox: 2+ receptions,price moved +39c,0,39,39,0,438,438,False,,,
2026-10-02T16:30:16.219440+00:00,nfl,prop_rec,KXNFLREC-26OCT04NYJCHI-CHILBURDEN10-5,Luther Burden III: 5+ receptions,volume spike x8.2,48,47,-1,30,245,215,False,,,
2026-10-02T16:30:16.219440+00:00,nfl,prop_rec,KXNFLREC-26OCT04NYJCHI-CHILBURDEN10-7,Luther Burden III: 7+ receptions,price moved +14c,0,14,14,0,6,6,False,,,
2026-10-02T16:30:16.219440+00:00,nfl,prop_rec,KXNFLREC-26OCT04NYJCHI-NYJIWILLIAMS18-3,Isaiah Williams: 3+ receptions,price moved +52c,0,52,52,0,1085,1085,False,,,
2026-10-02T16:30:16.219440+00:00,nfl,prop_rec,KXNFLREC-26OCT04TENBAL-TENEAYOMANOR5-2,Elic Ayomanor: 2+ receptions,volume spike x4.4,59,54,-5,181,795,614,False,,,
2026-10-02T16:30:16.219440+00:00,nfl,prop_rec,KXNFLREC-26OCT04MIAMIN-MINAJONES33-6,Aaron Jones Sr.: 6+ receptions,price moved +12c,0,12,12,0,41,41,False,,,
2026-10-02T16:30:16.219440+00:00,nfl,prop_rec,KXNFLREC-26OCT04MIAMIN-MIAMWASHINGTON6-4,Malik Washington: 4+ receptions,volume spike x3.4,57,61,4,510,1759,1249,False,,,
2026-10-02T16:30:16.219440+00:00,nfl,prop_rec,KXNFLREC-26OCT04MIAMIN-MIAMWASHINGTON6-5,Malik Washington: 5+ receptions,price moved +44c,0,44,44,0,746,746,False,,,
2026-10-02T16:30:16.219440+00:00,nfl,prop_rec,KXNFLREC-26OCT04MIAMIN-MIAMWASHINGTON6-6,Malik Washington: 6+ receptions,price moved +24c,0,24,24,0,24,24,False,,,
2026-10-02T16:30:16.219440+00:00,nfl,prop_rec,KXNFLREC-26OCT04MIAMIN-MIAJWRIGHT5-3,Jaylen Wright: 3+ receptions,price moved +10c,0,10,10,0,33,33,False,,,
2026-10-02T16:30:16.219440+00:00,nfl,prop_rec,KXNFLREC-26OCT04MIAMIN-MINJADDISON3-5,Jordan Addison: 5+ receptions,price moved +42c,0,42,42,0,8,8,False,,,
2026-10-02T16:30:16.219440+00:00,nfl,prop_rec,KXNFLREC-26OCT04MIAMIN-MINJADDISON3-7,Jordan Addison: 7+ receptions,price moved +14c,0,14,14,0,6,6,False,,,
2026-10-02T16:30:16.219440+00:00,nfl,prop_rec,KXNFLREC-26OCT04MIAMIN-MINTHOCKENSON87-5,T.J. Hockenson: 5+ receptions,price moved +45c,0,45,45,0,3,3,False,,,
2026-10-02T16:30:16.219440+00:00,nfl,prop_rec,KXNFLREC-26OCT04MIAMIN-MINTHOCKENSON87-8,T.J. Hockenson: 8+ receptions,price moved +10c,0,10,10,0,6,6,False,,,
2026-10-02T16:30:16.219440+00:00,nfl,prop_rec,KXNFLREC-26OCT04DENSF-SFCMCCAFFREY23-5,Christian McCaffrey: 5+ receptions,volume spike x4.0,55,55,0,168,665,497,False,,,
2026-10-02T16:30:16.219440+00:00,nfl,prop_rec,KXNFLREC-26OCT04DENSF-SFCMCCAFFREY23-7,Christian McCaffrey: 7+ receptions,price moved +20c,0,20,20,0,9,9,False,,,
2026-10-02T16:30:16.219440+00:00,nfl,prop_rec,KXNFLREC-26OCT04DENSF-SFCMCCAFFREY23-8,Christian McCaffrey: 8+ receptions,price moved +14c,0,14,14,0,40,40,False,,,
2026-10-02T16:30:16.219440+00:00,nfl,prop_rec,KXNFLREC-26OCT04DENSF-DENEENGRAM1-3,Evan Engram: 3+ receptions,volume spike x702.0,46,42,-4,1,702,701,False,,,
2026-10-02T16:30:16.219440+00:00,nfl,prop_rec,KXNFLREC-26OCT04KCLV-LVBBOWERS89-6,Brock Bowers: 6+ receptions,price moved +72c,0,72,72,0,156,156,False,,,
2026-10-02T16:30:16.219440+00:00,nfl,prop_rec,KXNFLREC-26OCT04KCLV-LVBBOWERS89-10,Brock Bowers: 10+ receptions,price moved +20c,0,20,20,0,4,4,False,,,
2026-10-02T16:30:16.219440+00:00,nfl,prop_rec,KXNFLREC-26OCT04KCLV-LVMMAYER87-5,Michael Mayer: 5+ receptions,price moved +18c,0,18,18,0,1,1,False,,,
2026-10-02T16:30:16.219440+00:00,nfl,prop_rec,KXNFLREC-26OCT04KCLV-KCRRICE4-5,Rashee Rice: 5+ receptions,price moved +53c,0,53,53,0,1456,1456,False,,,
2026-10-02T16:30:16.219440+00:00,nfl,prop_rec,KXNFLREC-26OCT04DETCAR-CARTMCMILLAN4-5,Tetairoa McMillan: 5+ receptions,price moved +58c,0,58,58,0,338,338,False,,,
2026-10-02T16:30:16.219440+00:00,nfl,prop_longrec,KXNFLLONGREC-26OCT04INDWAS-INDTWARREN84-19,Tyler Warren: longest reception over 18.5 yards,price moved +45c,0,45,45,0,1,1,False,,,
2026-10-02T16:30:16.219440+00:00,nfl,prop_longrec,KXNFLLONGREC-26OCT04ARINYG-ARIJLOVE4-9,Jeremiyah Love: longest reception over 8.5 yards,price moved +55c,0,55,55,0,373,373,False,,,
2026-10-02T16:30:16.219440+00:00,nfl,prop_longrec,KXNFLLONGREC-26OCT04GBTB-GBCWATSON9-25,Christian Watson: longest reception over 24.5 yards,price moved +53c,0,53,53,0,230,230,False,,,
2026-10-02T16:30:16.219440+00:00,nfl,prop_rryds,KXNFLRRYDS-26OCT04INDWAS-INDJTAYLOR28-160,Jonathan Taylor: 160+ rushing and receiving yards combined,volume spike x3.1,20,20,0,118,370,252,False,,,
2026-10-02T16:30:16.219440+00:00,nfl,prop_rryds,KXNFLRRYDS-26OCT04ARINYG-NYGCSKATTEBO44-90,Cam Skattebo: 90+ rushing and receiving yards combined,volume spike x10.4,45,47,2,22,228,206,False,,,
2026-10-02T16:30:16.219440+00:00,nfl,prop_rryds,KXNFLRRYDS-26OCT04GBTB-GBMLLOYD32-55,MarShawn Lloyd: 55+ rushing and receiving yards combined,price moved +22c,0,22,22,0,50,50,False,,,
2026-10-02T16:30:16.219440+00:00,nfl,prop_rryds,KXNFLRRYDS-26OCT04GBTB-TBKGAINWELL1-55,Kenny Gainwell: 55+ rushing and receiving yards combined,price moved +25c,0,25,25,0,53,53,False,,,
2026-10-02T16:30:16.219440+00:00,nfl,prop_rryds,KXNFLRRYDS-26OCT04JACCIN-JACBTUTEN33-120,Bhayshul Tuten: 120+ rushing and receiving yards combined,price moved +7c,0,7,7,0,8,8,False,,,
2026-10-02T16:30:16.219440+00:00,nfl,prop_rryds,KXNFLRRYDS-26OCT04LARPHI-PHISBARKLEY26-140,Saquon Barkley: 140+ rushing and receiving yards combined,price moved +13c,0,13,13,0,509,509,False,,,
2026-10-02T16:30:16.219440+00:00,nfl,prop_rryds,KXNFLRRYDS-26OCT04LARPHI-LARKWILLIAMS23-130,Kyren Williams: 130+ rushing and receiving yards combined,price moved +8c,0,8,8,0,7,7,False,,,
2026-10-02T16:30:16.219440+00:00,nfl,prop_rryds,KXNFLRRYDS-26OCT04NEBUF-BUFJCOOK4-100,James Cook III: 100+ rushing and receiving yards combined,volume spike x5.0,51,51,0,33,165,132,False,,,
2026-10-02T16:30:16.219440+00:00,nfl,prop_rryds,KXNFLRRYDS-26OCT04MIAMIN-MINAJONES33-90,Aaron Jones Sr.: 90+ rushing and receiving yards combined,volume spike x76.0,53,52,-1,1,76,75,False,,,
2026-10-02T16:30:16.219440+00:00,nfl,prop_rryds,KXNFLRRYDS-26OCT04DENSF-SFCMCCAFFREY23-160,Christian McCaffrey: 160+ rushing and receiving yards combined,price moved +20c,0,20,20,0,4,4,False,,,
2026-10-02T16:30:16.219440+00:00,nfl,prop_rryds,KXNFLRRYDS-26OCT04KCLV-KCEJOHNSON10-55,Emmett Johnson: 55+ rushing and receiving yards combined,price moved +15c,0,15,15,0,1,1,False,,,
2026-10-02T16:30:16.219440+00:00,nfl,prop_rryds,KXNFLRRYDS-26OCT04KCLV-KCKWALKER9-160,Kenneth Walker III: 160+ rushing and receiving yards combined,price moved +19c,0,19,19,0,14,14,False,,,
2026-10-02T16:30:16.219440+00:00,nfl,prop_td,KXNFLTD-26OCT04INDWAS-WASTMCLAURIN17-1,Terry McLaurin: 1+ touchdowns,volume spike x4.2,26,28,2,879,3674,2795,False,,,
2026-10-02T16:30:16.219440+00:00,nfl,prop_td,KXNFLTD-26OCT04INDWAS-INDDJONES17-1,Daniel Jones: 1+ touchdowns,volume spike x4.0,19,19,0,676,2677,2001,False,,,
2026-10-02T16:30:16.219440+00:00,nfl,prop_td,KXNFLTD-26OCT04INDWAS-WASRWHITE1-1,Rachaad White: 1+ touchdowns,volume spike x4.0,21,22,1,465,1847,1382,False,,,
2026-10-02T16:30:16.219440+00:00,nfl,prop_td,KXNFLTD-26OCT04ARINYG-NYGILIKELY9-1,Isaiah Likely: 1+ touchdowns,volume spike x19.2,25,26,1,387,7448,7061,False,,,
2026-10-02T16:30:16.219440+00:00,nfl,prop_td,KXNFLTD-26OCT04ARINYG-NYGJWINSTON19-1,Jameis Winston: 1+ touchdowns,volume spike x3.6,10,11,1,762,2762,2000,False,,,
2026-10-02T16:30:16.219440+00:00,nfl,prop_td,KXNFLTD-26OCT04ARINYG-NYGDSINGLETARY26-1,Devin Singletary: 1+ touchdowns,price moved +8c,0,8,8,0,99,99,False,,,
2026-10-02T16:30:16.219440+00:00,nfl,prop_td,KXNFLTD-26OCT04DALHOU-HOUDMONTGOMERY32-1,David Montgomery: 1+ touchdowns,volume spike x3.5,56,55,-1,5717,19923,14206,False,,,
2026-10-02T16:30:16.219440+00:00,nfl,prop_td,KXNFLTD-26OCT04DALHOU-HOUHOUDST-1,HOU Texans D/ST: 1+ touchdowns,volume spike x4.8,19,17,-2,163,776,613,False,,,
2026-10-02T16:30:16.219440+00:00,nfl,prop_td,KXNFLTD-26OCT04DALHOU-DALDALDST-1,DAL Cowboys D/ST: 1+ touchdowns,price moved +16c,0,16,16,0,59,59,False,,,
2026-10-02T16:30:16.219440+00:00,nfl,prop_td,KXNFLTD-26OCT04DALHOU-HOUFMOREAU87-1,Foster Moreau: 1+ touchdowns,price moved +11c,0,11,11,0,128,128,False,,,
2026-10-02T16:30:16.219440+00:00,nfl,prop_td,KXNFLTD-26OCT04DALHOU-HOUJWAYNE17-1,Jared Wayne: 1+ touchdowns,price moved +9c,0,9,9,0,21,21,False,,,
2026-10-02T16:30:16.219440+00:00,nfl,prop_td,KXNFLTD-26OCT04GBTB-GBJLOVE10-1,Jordan Love: 1+ touchdowns,volume spike x4.4,11,11,0,50,221,171,False,,,
2026-10-02T16:30:16.219440+00:00,nfl,prop_td,KXNFLTD-26OCT04GBTB-GBBMELTON16-1,Bo Melton: 1+ touchdowns,price moved +8c,0,8,8,0,69,69,False,,,
2026-10-02T16:30:16.219440+00:00,nfl,prop_td,KXNFLTD-26OCT04JACCIN-CINJBURROW9-1,Joe Burrow: 1+ touchdowns,volume spike x13.5,9,10,1,1969,26511,24542,False,,,
2026-10-02T16:30:16.219440+00:00,nfl,prop_td,KXNFLTD-26OCT04JACCIN-JACNBOERKIRCHER87-1,Nate Boerkircher: 1+ touchdowns,volume spike x4.1,8,9,1,68,276,208,False,,,
2026-10-02T16:30:16.219440+00:00,nfl,prop_td,KXNFLTD-26OCT04JACCIN-CINTHUDSON87-1,Tanner Hudson: 1+ touchdowns,volume spike x3.6,8,8,0,770,2770,2000,False,,,
2026-10-02T16:30:16.219440+00:00,nfl,prop_td,KXNFLTD-26OCT04LARPHI-LARTATWELL8-1,Tutu Atwell: 1+ touchdowns,volume spike x32.5,7,5,-2,22,714,692,False,,,
2026-10-02T16:30:16.219440+00:00,nfl,prop_td,KXNFLTD-26OCT04NEBUF-BUFDKNOX88-1,Dawson Knox: 1+ touchdowns,volume spike x10.3,14,15,1,595,6140,5545,False,,,
2026-10-02T16:30:16.219440+00:00,nfl,prop_td,KXNFLTD-26OCT04NEBUF-NERSTEVENSON38-2,Rhamondre Stevenson: 2+ touchdowns,volume spike x3.8,8,8,0,58,221,163,False,,,
2026-10-02T16:30:16.219440+00:00,nfl,prop_td,KXNFLTD-26OCT04NYJCHI-CHIDSWIFT4-1,D'Andre Swift: 1+ touchdowns,volume spike x4.1,56,56,0,3921,15974,12053,False,,,
2026-10-02T16:30:16.219440+00:00,nfl,prop_td,KXNFLTD-26OCT04NYJCHI-NYJIDAVIS32-1,Isaiah Davis: 1+ touchdowns,volume spike x12.0,22,22,0,4,48,44,False,,,
2026-10-02T16:30:16.219440+00:00,nfl,prop_td,KXNFLTD-26OCT04NYJCHI-NYJJPRITCHETT81-1,Jamaal Pritchett: 1+ touchdowns,volume spike x20.2,4,4,0,1034,20891,19857,False,,,
2026-10-02T16:30:16.219440+00:00,nfl,prop_td,KXNFLTD-26OCT04TENBAL-BALDSMYTHE80-1,Durham Smythe: 1+ touchdowns,price moved +8c,0,8,8,0,99,99,False,,,
2026-10-02T16:30:16.219440+00:00,nfl,prop_td,KXNFLTD-26OCT04TENBAL-TENNSINGLETON32-1,Nicholas Singleton: 1+ touchdowns,price moved -9c,12,3,-9,2567,28044,25477,False,,,
2026-10-02T16:30:16.219440+00:00,nfl,prop_td,KXNFLTD-26OCT04TENBAL-TENNSINGLETON32-1,Nicholas Singleton: 1+ touchdowns,volume spike x10.9,12,3,-9,2567,28044,25477,False,,,
2026-10-02T16:30:16.219440+00:00,nfl,prop_td,KXNFLTD-26OCT04MIAMIN-MINDCLAIBORNE21-1,Demond Claiborne: 1+ touchdowns,volume spike x3.4,8,8,0,838,2838,2000,False,,,
2026-10-02T16:30:16.219440+00:00,nfl,prop_td,KXNFLTD-26OCT04MIAMIN-MINDDALLAS31-1,DeeJay Dallas: 1+ touchdowns,price moved +11c,0,11,11,0,42,42,False,,,
2026-10-02T16:30:16.219440+00:00,nfl,prop_td,KXNFLTD-26OCT04MIAMIN-MINTFELTON13-1,Tai Felton: 1+ touchdowns,volume spike x3.2,11,11,0,963,3086,2123,False,,,
2026-10-02T16:30:16.219440+00:00,nfl,prop_td,KXNFLTD-26OCT04MIAMIN-MIAKCOLEMAN21-1,Kevin Coleman Jr.: 1+ touchdowns,volume spike x4.8,8,8,0,558,2665,2107,False,,,
2026-10-02T16:30:16.219440+00:00,nfl,prop_td,KXNFLTD-26OCT04MIAMIN-MIAGDULCICH85-1,Greg Dulcich: 1+ touchdowns,volume spike x3.3,12,12,0,1235,4023,2788,False,,,
2026-10-02T16:30:16.219440+00:00,nfl,prop_td,KXNFLTD-26OCT04MIAMIN-MIAMWASHINGTON6-1,Malik Washington: 1+ touchdowns,volume spike x9.0,17,17,0,435,3912,3477,False,,,
2026-10-02T16:30:16.219440+00:00,nfl,prop_td,KXNFLTD-26OCT04DENSF-DENJDOBBINS27-1,J.K. Dobbins: 1+ touchdowns,volume spike x6.4,42,39,-3,131,835,704,False,,,
2026-10-02T16:30:16.219440+00:00,nfl,prop_td,KXNFLTD-26OCT04DENSF-DENBNIX10-2,Bo Nix: 2+ touchdowns,volume spike x3.4,3,3,0,327,1108,781,False,,,
2026-10-02T16:30:16.219440+00:00,nfl,prop_td,KXNFLTD-26OCT04DENSF-SFDSAMUEL19-2,Deebo Samuel Sr.: 2+ touchdowns,volume spike x4.2,7,7,0,55,229,174,False,,,
2026-10-02T16:30:16.219440+00:00,nfl,prop_td,KXNFLTD-26OCT04DENSF-DENLHUMPHREY5-1,Lil'Jordan Humphrey: 1+ touchdowns,price moved +8c,0,8,8,0,99,99,False,,,
2026-10-02T16:30:16.219440+00:00,nfl,prop_td,KXNFLTD-26OCT04LACSEA-LACOHAMPTON8-1,Omarion Hampton: 1+ touchdowns,volume spike x5.3,37,43,6,3467,18393,14926,False,,,
2026-10-02T16:30:16.219440+00:00,nfl,prop_td,KXNFLTD-26OCT04LACSEA-SEAABARNER88-1,AJ Barner: 1+ touchdowns,volume spike x8.6,25,26,1,945,8121,7176,False,,,
2026-10-02T16:30:16.219440+00:00,nfl,prop_td,KXNFLTD-26OCT04LACSEA-SEAGHOLANI36-2,George Holani: 2+ touchdowns,volume spike x108.5,5,5,0,40,4338,4298,False,,,
2026-10-02T16:30:16.219440+00:00,nfl,prop_td,KXNFLTD-26OCT04LACSEA-LACKMITCHELL34-1,Keaton Mitchell: 1+ touchdowns,volume spike x8.9,14,15,1,213,1890,1677,False,,,
2026-10-02T16:30:16.219440+00:00,nfl,prop_td,KXNFLTD-26OCT04LACSEA-SEAEARROYO18-1,Elijah Arroyo: 1+ touchdowns,volume spike x3.8,8,7,-1,99,377,278,False,,,
2026-10-02T16:30:16.219440+00:00,nfl,prop_td,KXNFLTD-26OCT04DETCAR-DETSLAPORTA87-1,Sam LaPorta: 1+ touchdowns,volume spike x4.0,31,33,2,247,999,752,False,,,
2026-10-02T16:30:16.219440+00:00,nfl,prop_td,KXNFLTD-26OCT04DETCAR-DETJWILLIAMS1-2,Jameson Williams: 2+ touchdowns,volume spike x4.2,7,6,-1,99,417,318,False,,,
2026-10-02T16:30:16.219440+00:00,nfl,prop_td,KXNFLTD-26OCT04DETCAR-DETBWRIGHT89-1,Brock Wright: 1+ touchdowns,price moved +11c,0,11,11,0,9,9,False,,,
2026-10-02T16:30:16.219440+00:00,nfl,prop_td,KXNFLTD-26OCT05ATLNO-NOJJOHNSON83-2,Juwan Johnson: 2+ touchdowns,volume spike x6.2,5,5,0,18,112,94,False,,,
2026-10-02T16:30:16.219440+00:00,nfl,prop_td,KXNFLTD-26OCT05ATLNO-NOCOLAVE12-2,Chris Olave: 2+ touchdowns,volume spike x15.1,11,10,-1,8,121,113,False,,,
2026-10-02T16:30:16.219440+00:00,nfl,prop_firsttd,KXNFLFIRSTTD-26OCT04INDWAS-INDMALIECOX81,Mo Alie-Cox: 1st Touchdown,volume spike x5.1,2,2,0,116,595,479,False,,,
2026-10-02T16:30:16.219440+00:00,nfl,prop_firsttd,KXNFLFIRSTTD-26OCT04ARINYG-NYGDSINGLETARY26,Devin Singletary: 1st Touchdown,volume spike x3.3,3,3,0,10,33,23,False,,,
2026-10-02T16:30:16.219440+00:00,nfl,prop_firsttd,KXNFLFIRSTTD-26OCT04GBTB-TBEEGBUKA2,Emeka Egbuka: 1st Touchdown,price moved +7c,0,7,7,0,11,11,False,,,
2026-10-02T16:30:16.219440+00:00,nfl,prop_firsttd,KXNFLFIRSTTD-26OCT04GBTB-TBBIRVING7,Bucky Irving: 1st Touchdown,price moved +12c,0,12,12,0,1532,1532,False,,,
2026-10-02T16:30:16.219440+00:00,nfl,prop_firsttd,KXNFLFIRSTTD-26OCT04LARPHI-PHISBARKLEY26,Saquon Barkley: 1st Touchdown,price moved +14c,0,14,14,0,129,129,False,,,
2026-10-02T16:30:16.219440+00:00,nfl,prop_firsttd,KXNFLFIRSTTD-26OCT04LARPHI-LARTHIGBEE89,Tyler Higbee: 1st Touchdown,volume spike x226.9,6,6,0,7,1588,1581,False,,,
2026-10-02T16:30:16.219440+00:00,nfl,prop_firsttd,KXNFLFIRSTTD-26OCT04NEBUF-NERDOUBS87,Romeo Doubs: 1st Touchdown,volume spike x4.6,5,5,0,77,358,281,False,,,
2026-10-02T16:30:16.219440+00:00,nfl,prop_firsttd,KXNFLFIRSTTD-26OCT04NYJCHI-CHIRODUNZE15,Rome Odunze: 1st Touchdown,volume spike x3.5,7,6,-1,26,92,66,False,,,
2026-10-02T16:30:16.219440+00:00,nfl,prop_firsttd,KXNFLFIRSTTD-26OCT04MIAMIN-MINJADDISON3,Jordan Addison: 1st Touchdown,volume spike x6.7,13,13,0,32,213,181,False,,,
2026-10-02T16:30:16.219440+00:00,nfl,prop_firsttd,KXNFLFIRSTTD-26OCT04MIAMIN-MINJJENNINGS14,Jauan Jennings: 1st Touchdown,volume spike x5.3,6,6,0,31,163,132,False,,,
2026-10-02T16:30:16.219440+00:00,nfl,prop_firsttd,KXNFLFIRSTTD-26OCT04DENSF-DENJDOBBINS27,J.K. Dobbins: 1st Touchdown,price moved +13c,0,13,13,0,99,99,False,,,
2026-10-02T16:30:16.219440+00:00,nfl,prop_firsttd,KXNFLFIRSTTD-26OCT04LACSEA-SEAGHOLANI36,George Holani: 1st Touchdown,volume spike x30.4,7,6,-1,174,5282,5108,False,,,
2026-10-02T16:30:16.219440+00:00,nfl,prop_firsttd,KXNFLFIRSTTD-26OCT05ATLNO-ATLDLONDON5,Drake London: 1st Touchdown,volume spike x4.4,7,10,3,40,176,136,False,,,
2026-10-02T16:30:16.219440+00:00,nfl,prop_ffpts,KXNFLFFPTS-26OCT04INDWAS-WASJCROSKEYMERRITT22-12P1,Jacory Croskey-Merritt: Over 12.1 fantasy points,price moved +40c,0,40,40,0,239,239,False,,,
2026-10-02T16:30:16.219440+00:00,nfl,prop_ffpts,KXNFLFFPTS-26OCT04INDWAS-INDKALLEN10-8P6,Keenan Allen: Over 8.6 fantasy points,price moved +56c,0,56,56,0,66,66,False,,,
2026-10-02T16:30:16.219440+00:00,nfl,prop_ffpts,KXNFLFFPTS-26OCT04INDWAS-INDDJONES17-16P7,Daniel Jones: Over 16.7 fantasy points,price moved +51c,0,51,51,0,47,47,False,,,
2026-10-02T16:30:16.219440+00:00,nfl,prop_ffpts,KXNFLFFPTS-26OCT04INDWAS-INDSSHRADER3-9P4,Spencer Shrader: Over 9.4 fantasy points,price moved +50c,0,50,50,0,42,42,False,,,
2026-10-02T16:30:16.219440+00:00,nfl,prop_ffpts,KXNFLFFPTS-26OCT04LARPHI-PHISBARKLEY26-14P6,Saquon Barkley: Over 14.6 fantasy points,price moved -15c,64,49,-15,12,36,24,False,,,
2026-10-02T16:30:16.219440+00:00,nfl,prop_ffpts,KXNFLFFPTS-26OCT04LARPHI-PHISBARKLEY26-14P6,Saquon Barkley: Over 14.6 fantasy points,volume spike x3.0,64,49,-15,12,36,24,False,,,
2026-10-02T16:30:16.219440+00:00,nfl,prop_ffpts,KXNFLFFPTS-26OCT04NEBUF-NEDMAYE10-18P3,Drake Maye: Over 18.3 fantasy points,price moved +7c,32,39,7,16,94,78,False,,,
2026-10-02T16:30:16.219440+00:00,nfl,prop_ffpts,KXNFLFFPTS-26OCT04NEBUF-NEDMAYE10-18P3,Drake Maye: Over 18.3 fantasy points,volume spike x5.9,32,39,7,16,94,78,False,,,
2026-10-02T16:30:16.219440+00:00,nfl,prop_ffpts,KXNFLFFPTS-26OCT04NYJCHI-NYJBALLEN0-13P2,Braelon Allen: Over 13.2 fantasy points,price moved +50c,0,50,50,0,386,386,False,,,
2026-10-02T16:30:16.219440+00:00,nfl,prop_ffpts,KXNFLFFPTS-26OCT04KCLV-KCTKELCE87-11P8,Travis Kelce: Over 11.8 fantasy points,price moved +42c,0,42,42,0,16,16,False,,,
2026-10-02T20:27:51.434989+00:00,nfl,prop_passyds,KXNFLPASSYDS-26OCT04INDWAS-WASMMARIOTA8-250,Marcus Mariota: 250+ passing yards,price moved +30c,0,30,30,0,31,31,False,,,
2026-10-02T20:27:51.434989+00:00,nfl,prop_passyds,KXNFLPASSYDS-26OCT04ARINYG-NYGJWINSTON19-150,Jameis Winston: 150+ passing yards,price moved +80c,0,80,80,0,386,386,False,,,
2026-10-02T20:27:51.434989+00:00,nfl,prop_passyds,KXNFLPASSYDS-26OCT04ARINYG-NYGJWINSTON19-225,Jameis Winston: 225+ passing yards,price moved +40c,0,40,40,0,24,24,False,,,
2026-10-02T20:27:51.434989+00:00,nfl,prop_passyds,KXNFLPASSYDS-26OCT04ARINYG-NYGJWINSTON19-250,Jameis Winston: 250+ passing yards,price moved +27c,0,27,27,0,2,2,False,,,
2026-10-02T20:27:51.434989+00:00,nfl,prop_passyds,KXNFLPASSYDS-26OCT04DALHOU-HOUCSTROUD7-275,C.J. Stroud: 275+ passing yards,volume spike x5.0,35,35,0,5,25,20,False,,,
2026-10-02T20:27:51.434989+00:00,nfl,prop_passyds,KXNFLPASSYDS-26OCT04LARPHI-PHIJHURTS1-250,Jalen Hurts: 250+ passing yards,price moved -7c,22,15,-7,1701,1763,62,False,,,
2026-10-02T20:27:51.434989+00:00,nfl,prop_passyds,KXNFLPASSYDS-26OCT04NEBUF-NEDMAYE10-200,Drake Maye: 200+ passing yards,volume spike x4.1,69,67,-2,33,135,102,False,,,
2026-10-02T20:27:51.434989+00:00,nfl,prop_passyds,KXNFLPASSYDS-26OCT04NEBUF-BUFJALLEN17-275,Josh Allen: 275+ passing yards,price moved -14c,34,20,-14,130,186,56,False,,,
2026-10-02T20:27:51.434989+00:00,nfl,prop_passyds,KXNFLPASSYDS-26OCT04NEBUF-BUFJALLEN17-300,Josh Allen: 300+ passing yards,volume spike x23.2,22,23,1,98,2269,2171,False,,,
2026-10-02T20:27:51.434989+00:00,nfl,prop_passyds,KXNFLPASSYDS-26OCT04NYJCHI-CHITBAGENT17-250,Tyson Bagent: 250+ passing yards,price moved +24c,0,24,24,0,17,17,False,,,
2026-10-02T20:27:51.434989+00:00,nfl,prop_passyds,KXNFLPASSYDS-26OCT04NYJCHI-NYJGSMITH7-275,Geno Smith: 275+ passing yards,price moved +25c,0,25,25,0,11,11,False,,,
2026-10-02T20:27:51.434989+00:00,nfl,prop_passyds,KXNFLPASSYDS-26OCT04NYJCHI-NYJGSMITH7-300,Geno Smith: 300+ passing yards,price moved +15c,0,15,15,0,74,74,False,,,
2026-10-02T20:27:51.434989+00:00,nfl,prop_passyds,KXNFLPASSYDS-26OCT04MIAMIN-MINKMURRAY1-150,Kyler Murray: 150+ passing yards,price moved +82c,0,82,82,0,2,2,False,,,
2026-10-02T20:27:51.434989+00:00,nfl,prop_passyds,KXNFLPASSYDS-26OCT04MIAMIN-MIAMWILLIS2-100,Malik Willis: 100+ passing yards,price moved +87c,0,87,87,0,1,1,False,,,
2026-10-02T20:27:51.434989+00:00,nfl,prop_passyds,KXNFLPASSYDS-26OCT04MIAMIN-MIAMWILLIS2-200,Malik Willis: 200+ passing yards,volume spike x4.0,33,32,-1,101,400,299,False,,,
2026-10-02T20:27:51.434989+00:00,nfl,prop_passyds,KXNFLPASSYDS-26OCT04DENSF-SFBPURDY13-175,Brock Purdy: 175+ passing yards,price moved +81c,0,81,81,0,6,6,False,,,
2026-10-02T20:27:51.434989+00:00,nfl,prop_passyds,KXNFLPASSYDS-26OCT04DENSF-SFBPURDY13-225,Brock Purdy: 225+ passing yards,volume spike x4.6,56,56,0,950,4360,3410,False,,,
2026-10-02T20:27:51.434989+00:00,nfl,prop_passyds,KXNFLPASSYDS-26OCT04DENSF-SFBPURDY13-275,Brock Purdy: 275+ passing yards,volume spike x51.3,28,27,-1,51,2614,2563,False,,,
2026-10-02T20:27:51.434989+00:00,nfl,prop_passyds,KXNFLPASSYDS-26OCT04DENSF-SFBPURDY13-325,Brock Purdy: 325+ passing yards,volume spike x6.3,12,11,-1,211,1319,1108,False,,,
2026-10-02T20:27:51.434989+00:00,nfl,prop_passyds,KXNFLPASSYDS-26OCT04DENSF-SFBPURDY13-350,Brock Purdy: 350+ passing yards,volume spike x9.7,7,7,0,222,2144,1922,False,,,
2026-10-02T20:27:51.434989+00:00,nfl,prop_passyds,KXNFLPASSYDS-26OCT04DENSF-DENBNIX10-275,Bo Nix: 275+ passing yards,price moved +22c,0,22,22,0,1,1,False,,,
2026-10-02T20:27:51.434989+00:00,nfl,prop_passyds,KXNFLPASSYDS-26OCT04LACSEA-SEASDARNOLD14-150,Sam Darnold: 150+ passing yards,volume spike x8.0,90,92,2,2,16,14,False,,,
2026-10-02T20:27:51.434989+00:00,nfl,prop_passyds,KXNFLPASSYDS-26OCT04DETCAR-CARBYOUNG9-250,Bryce Young: 250+ passing yards,price moved -7c,51,44,-7,2749,9392,6643,False,,,
2026-10-02T20:27:51.434989+00:00,nfl,prop_passyds,KXNFLPASSYDS-26OCT04DETCAR-CARBYOUNG9-250,Bryce Young: 250+ passing yards,volume spike x3.4,51,44,-7,2749,9392,6643,False,,,
2026-10-02T20:27:51.434989+00:00,nfl,prop_passyds,KXNFLPASSYDS-26OCT05ATLNO-NOTSHOUGH6-275,Tyler Shough: 275+ passing yards,volume spike x4.2,40,41,1,45,187,142,False,,,
2026-10-02T20:27:51.434989+00:00,nfl,prop_passtds,KXNFLPASSTDS-26OCT04INDWAS-WASMMARIOTA8-2,Marcus Mariota: 2+ passing touchdowns,volume spike x8.1,38,41,3,202,1643,1441,False,,,
2026-10-02T20:27:51.434989+00:00,nfl,prop_passtds,KXNFLPASSTDS-26OCT04INDWAS-WASMMARIOTA8-3,Marcus Mariota: 3+ passing touchdowns,volume spike x35.4,16,13,-3,14,495,481,False,,,
2026-10-02T20:27:51.434989+00:00,nfl,prop_passtds,KXNFLPASSTDS-26OCT04DALHOU-HOUCSTROUD7-2,C.J. Stroud: 2+ passing touchdowns,price moved +50c,0,50,50,0,130,130,False,,,
2026-10-02T20:27:51.434989+00:00,nfl,prop_passtds,KXNFLPASSTDS-26OCT04DALHOU-HOUCSTROUD7-3,C.J. Stroud: 3+ passing touchdowns,price moved +22c,0,22,22,0,8,8,False,,,
2026-10-02T20:27:51.434989+00:00,nfl,prop_passtds,KXNFLPASSTDS-26OCT04NEBUF-BUFJALLEN17-4,Josh Allen: 4+ passing touchdowns,volume spike x3.1,11,10,-1,443,1383,940,False,,,
2026-10-02T20:27:51.434989+00:00,nfl,prop_passtds,KXNFLPASSTDS-26OCT04TENBAL-BALLJACKSON8-1,Lamar Jackson: 1+ passing touchdowns,price moved +86c,0,86,86,0,2,2,False,,,
2026-10-02T20:27:51.434989+00:00,nfl,prop_passtds,KXNFLPASSTDS-26OCT04LACSEA-LACJHERBERT10-1,Justin Herbert: 1+ passing touchdowns,volume spike x3.7,68,67,-1,14,52,38,False,,,
2026-10-02T20:27:51.434989+00:00,nfl,prop_passint,KXNFLPASSINT-26OCT04ARINYG-NYGJWINSTON19-1,Jameis Winston: 1+ passing interceptions,volume spike x17.5,57,56,-1,37,649,612,False,,,
2026-10-02T20:27:51.434989+00:00,nfl,prop_passint,KXNFLPASSINT-26OCT04ARINYG-NYGJWINSTON19-2,Jameis Winston: 2+ passing interceptions,price moved +19c,0,19,19,0,39,39,False,,,
2026-10-02T20:27:51.434989+00:00,nfl,prop_passint,KXNFLPASSINT-26OCT04TENBAL-BALLJACKSON8-1,Lamar Jackson: 1+ passing interceptions,volume spike x8.0,43,42,-1,4,32,28,False,,,
2026-10-02T20:27:51.434989+00:00,nfl,prop_passint,KXNFLPASSINT-26OCT04KCLV-KCPMAHOMES15-1,Patrick Mahomes: 1+ passing interceptions,volume spike x3.0,43,43,0,36,108,72,False,,,
2026-10-02T20:27:51.434989+00:00,nfl,prop_passint,KXNFLPASSINT-26OCT04LACSEA-SEASDARNOLD14-1,Sam Darnold: 1+ passing interceptions,price moved +44c,0,44,44,0,9,9,False,,,
2026-10-02T20:27:51.434989+00:00,nfl,prop_passint,KXNFLPASSINT-26OCT04LACSEA-LACJHERBERT10-1,Justin Herbert: 1+ passing interceptions,volume spike x4.1,55,55,0,31,128,97,False,,,
2026-10-02T20:27:51.434989+00:00,nfl,prop_passcomp,KXNFLPASSCOMP-26OCT04ARINYG-ARIJBRISSETT7-24,Jacoby Brissett: 24+ passing completions,volume spike x3.4,44,44,0,23,78,55,False,,,
2026-10-02T20:27:51.434989+00:00,nfl,prop_passcomp,KXNFLPASSCOMP-26OCT04MIAMIN-MIAMWILLIS2-16,Malik Willis: 16+ passing completions,volume spike x11.5,53,55,2,109,1257,1148,False,,,
2026-10-02T20:27:51.434989+00:00,nfl,prop_passcomp,KXNFLPASSCOMP-26OCT04MIAMIN-MIAMWILLIS2-21,Malik Willis: 21+ passing completions,price moved +28c,0,28,28,0,3,3,False,,,
2026-10-02T20:27:51.434989+00:00,nfl,prop_passcomp,KXNFLPASSCOMP-26OCT04DENSF-SFBPURDY13-21,Brock Purdy: 21+ passing completions,price moved +52c,0,52,52,0,2101,2101,False,,,
2026-10-02T20:27:51.434989+00:00,nfl,prop_passcomp,KXNFLPASSCOMP-26OCT04DENSF-SFBPURDY13-26,Brock Purdy: 26+ passing completions,price moved +17c,0,17,17,0,122,122,False,,,
2026-10-02T20:27:51.434989+00:00,nfl,prop_passatt,KXNFLPASSATT-26OCT04GBTB-GBJLOVE10-36,Jordan Love: 36+ passing attempts,price moved -8c,44,36,-8,1,919,918,False,,,
2026-10-02T20:27:51.434989+00:00,nfl,prop_passatt,KXNFLPASSATT-26OCT04GBTB-GBJLOVE10-36,Jordan Love: 36+ passing attempts,volume spike x919.0,44,36,-8,1,919,918,False,,,
2026-10-02T20:27:51.434989+00:00,nfl,prop_passatt,KXNFLPASSATT-26OCT04LARPHI-PHIJHURTS1-30,Jalen Hurts: 30+ passing attempts,price moved +49c,0,49,49,0,1156,1156,False,,,
2026-10-02T20:27:51.434989+00:00,nfl,prop_passatt,KXNFLPASSATT-26OCT04NYJCHI-NYJGSMITH7-34,Geno Smith: 34+ passing attempts,price moved +34c,0,34,34,0,30,30,False,,,
2026-10-02T20:27:51.434989+00:00,nfl,prop_passatt,KXNFLPASSATT-26OCT04TENBAL-BALLJACKSON8-28,Lamar Jackson: 28+ passing attempts,volume spike x10.3,46,43,-3,47,483,436,False,,,
2026-10-02T20:27:51.434989+00:00,nfl,prop_passatt,KXNFLPASSATT-26OCT04KCLV-KCPMAHOMES15-33,Patrick Mahomes: 33+ passing attempts,price moved +48c,0,48,48,0,186,186,False,,,
2026-10-02T20:27:51.434989+00:00,nfl,prop_rshyds,KXNFLRSHYDS-26OCT04INDWAS-WASMMARIOTA8-10,Marcus Mariota: 10+ rushing yards,price moved -9c,88,79,-9,31,174,143,False,,,
2026-10-02T20:27:51.434989+00:00,nfl,prop_rshyds,KXNFLRSHYDS-26OCT04INDWAS-WASMMARIOTA8-10,Marcus Mariota: 10+ rushing yards,volume spike x5.6,88,79,-9,31,174,143,False,,,
2026-10-02T20:27:51.434989+00:00,nfl,prop_rshyds,KXNFLRSHYDS-26OCT04INDWAS-WASMMARIOTA8-25,Marcus Mariota: 25+ rushing yards,price moved +8c,50,58,8,1010,4207,3197,False,,,
2026-10-02T20:27:51.434989+00:00,nfl,prop_rshyds,KXNFLRSHYDS-26OCT04INDWAS-WASMMARIOTA8-25,Marcus Mariota: 25+ rushing yards,volume spike x4.2,50,58,8,1010,4207,3197,False,,,
2026-10-02T20:27:51.434989+00:00,nfl,prop_rshyds,KXNFLRSHYDS-26OCT04INDWAS-WASMMARIOTA8-50,Marcus Mariota: 50+ rushing yards,volume spike x7.3,18,18,0,10,73,63,False,,,
2026-10-02T20:27:51.434989+00:00,nfl,prop_rshyds,KXNFLRSHYDS-26OCT04INDWAS-WASMMARIOTA8-60,Marcus Mariota: 60+ rushing yards,volume spike x4.3,11,11,0,15,65,50,False,,,
2026-10-02T20:27:51.434989+00:00,nfl,prop_rshyds,KXNFLRSHYDS-26OCT04INDWAS-INDJTAYLOR28-50,Jonathan Taylor: 50+ rushing yards,volume spike x8.2,87,83,-4,48,394,346,False,,,
2026-10-02T20:27:51.434989+00:00,nfl,prop_rshyds,KXNFLRSHYDS-26OCT04INDWAS-INDJTAYLOR28-80,Jonathan Taylor: 80+ rushing yards,volume spike x3.5,58,59,1,93,327,234,False,,,
2026-10-02T20:27:51.434989+00:00,nfl,prop_rshyds,KXNFLRSHYDS-26OCT04INDWAS-INDJTAYLOR28-120,Jonathan Taylor: 120+ rushing yards,volume spike x3.1,27,28,1,14,43,29,False,,,
2026-10-02T20:27:51.434989+00:00,nfl,prop_rshyds,KXNFLRSHYDS-26OCT04INDWAS-INDSMCGOWAN20-20,Seth McGowan: 20+ rushing yards,price moved +13c,0,13,13,0,2,2,False,,,
2026-10-02T20:27:51.434989+00:00,nfl,prop_rshyds,KXNFLRSHYDS-26OCT04ARINYG-ARIJLOVE4-90,Jeremiyah Love: 90+ rushing yards,price moved +28c,0,28,28,0,17,17,False,,,
2026-10-02T20:27:51.434989+00:00,nfl,prop_rshyds,KXNFLRSHYDS-26OCT04ARINYG-NYGNHARRIS23-40,Najee Harris: 40+ rushing yards,price moved +25c,0,25,25,0,7,7,False,,,
2026-10-02T20:27:51.434989+00:00,nfl,prop_rshyds,KXNFLRSHYDS-26OCT04ARINYG-ARITALLGEIER22-40,Tyler Allgeier: 40+ rushing yards,price moved +17c,0,17,17,0,2,2,False,,,
2026-10-02T20:27:51.434989+00:00,nfl,prop_rshyds,KXNFLRSHYDS-26OCT04DALHOU-HOUDMONTGOMERY32-60,David Montgomery: 60+ rushing yards,volume spike x4.4,31,30,-1,36,160,124,False,,,
2026-10-02T20:27:51.434989+00:00,nfl,prop_rshyds,KXNFLRSHYDS-26OCT04DALHOU-DALJWILLIAMS33-100,Javonte Williams: 100+ rushing yards,volume spike x6.5,17,16,-1,11,71,60,False,,,
2026-10-02T20:27:51.434989+00:00,nfl,prop_rshyds,KXNFLRSHYDS-26OCT04GBTB-TBJDANIELS10-30,Jalon Daniels: 30+ rushing yards,volume spike x10.4,61,62,1,114,1191,1077,False,,,
2026-10-02T20:27:51.434989+00:00,nfl,prop_rshyds,KXNFLRSHYDS-26OCT04GBTB-GBKJOHNSON26-50,Kaleb Johnson: 50+ rushing yards,volume spike x4.1,24,23,-1,32,132,100,False,,,
2026-10-02T20:27:51.434989+00:00,nfl,prop_rshyds,KXNFLRSHYDS-26OCT04GBTB-GBKJOHNSON26-60,Kaleb Johnson: 60+ rushing yards,volume spike x3.3,16,15,-1,44,144,100,False,,,
2026-10-02T20:27:51.434989+00:00,nfl,prop_rshyds,KXNFLRSHYDS-26OCT04GBTB-GBKJOHNSON26-70,Kaleb Johnson: 70+ rushing yards,price moved +10c,0,10,10,0,100,100,False,,,
2026-10-02T20:27:51.434989+00:00,nfl,prop_rshyds,KXNFLRSHYDS-26OCT04GBTB-GBKJOHNSON26-80,Kaleb Johnson: 80+ rushing yards,price moved +7c,0,7,7,0,100,100,False,,,
2026-10-02T20:27:51.434989+00:00,nfl,prop_rshyds,KXNFLRSHYDS-26OCT04JACCIN-CINCBROWN30-60,Chase Brown: 60+ rushing yards,volume spike x63.3,52,51,-1,13,823,810,False,,,
2026-10-02T20:27:51.434989+00:00,nfl,prop_rshyds,KXNFLRSHYDS-26OCT04JACCIN-CINCBROWN30-90,Chase Brown: 90+ rushing yards,volume spike x54.9,26,22,-4,8,439,431,False,,,
2026-10-02T20:27:51.434989+00:00,nfl,prop_rshyds,KXNFLRSHYDS-26OCT04JACCIN-JACBTUTEN33-70,Bhayshul Tuten: 70+ rushing yards,volume spike x4.9,33,34,1,744,3619,2875,False,,,
2026-10-02T20:27:51.434989+00:00,nfl,prop_rshyds,KXNFLRSHYDS-26OCT04JACCIN-CINSPERINE34-15,Samaje Perine: 15+ rushing yards,price moved +45c,0,45,45,0,33,33,False,,,
2026-10-02T20:27:51.434989+00:00,nfl,prop_rshyds,KXNFLRSHYDS-26OCT04JACCIN-JACCRODRIGUEZ24-30,Chris Rodriguez Jr.: 30+ rushing yards,volume spike x16.0,28,32,4,1,16,15,False,,,
2026-10-02T20:27:51.434989+00:00,nfl,prop_rshyds,KXNFLRSHYDS-26OCT04LARPHI-PHISBARKLEY26-60,Saquon Barkley: 60+ rushing yards,price moved +64c,0,64,64,0,0,0,False,,,
2026-10-02T20:27:51.434989+00:00,nfl,prop_rshyds,KXNFLRSHYDS-26OCT04LARPHI-PHISBARKLEY26-90,Saquon Barkley: 90+ rushing yards,price moved -11c,41,30,-11,23,38,15,False,,,
2026-10-02T20:27:51.434989+00:00,nfl,prop_rshyds,KXNFLRSHYDS-26OCT04LARPHI-PHISBARKLEY26-110,Saquon Barkley: 110+ rushing yards,price moved +15c,0,15,15,0,24,24,False,,,
2026-10-02T20:27:51.434989+00:00,nfl,prop_rshyds,KXNFLRSHYDS-26OCT04LARPHI-PHISBARKLEY26-120,Saquon Barkley: 120+ rushing yards,price moved -8c,19,11,-8,49,85,36,False,,,
2026-10-02T20:27:51.434989+00:00,nfl,prop_rshyds,KXNFLRSHYDS-26OCT04LARPHI-PHISBARKLEY26-130,Saquon Barkley: 130+ rushing yards,price moved +8c,0,8,8,0,46,46,False,,,
2026-10-02T20:27:51.434989+00:00,nfl,prop_rshyds,KXNFLRSHYDS-26OCT04LARPHI-LARBCORUM24-50,Blake Corum: 50+ rushing yards,price moved +33c,0,33,33,0,64,64,False,,,
2026-10-02T20:27:51.434989+00:00,nfl,prop_rshyds,KXNFLRSHYDS-26OCT04LARPHI-LARBCORUM24-70,Blake Corum: 70+ rushing yards,price moved +12c,0,12,12,0,2,2,False,,,
2026-10-02T20:27:51.434989+00:00,nfl,prop_rshyds,KXNFLRSHYDS-26OCT04LARPHI-LARKWILLIAMS23-30,Kyren Williams: 30+ rushing yards,price moved +86c,0,86,86,0,11,11,False,,,
2026-10-02T20:27:51.434989+00:00,nfl,prop_rshyds,KXNFLRSHYDS-26OCT04LARPHI-LARMSTAFFORD9-10,Matthew Stafford: 10+ rushing yards,volume spike x4.0,21,19,-2,50,199,149,False,,,
2026-10-02T20:27:51.434989+00:00,nfl,prop_rshyds,KXNFLRSHYDS-26OCT04NEBUF-NERSTEVENSON38-40,Rhamondre Stevenson: 40+ rushing yards,price moved -8c,37,29,-8,77,80,3,False,,,
2026-10-02T20:27:51.434989+00:00,nfl,prop_rshyds,KXNFLRSHYDS-26OCT04NEBUF-NEDMAYE10-20,Drake Maye: 20+ rushing yards,price moved +67c,0,67,67,0,2,2,False,,,
2026-10-02T20:27:51.434989+00:00,nfl,prop_rshyds,KXNFLRSHYDS-26OCT04NEBUF-NEDMAYE10-30,Drake Maye: 30+ rushing yards,price moved +38c,0,38,38,0,0,0,False,,,
2026-10-02T20:27:51.434989+00:00,nfl,prop_rshyds,KXNFLRSHYDS-26OCT04NYJCHI-CHIKMONANGAI25-50,Kyle Monangai: 50+ rushing yards,price moved -12c,44,32,-12,5912,8960,3048,False,,,
2026-10-02T20:27:51.434989+00:00,nfl,prop_rshyds,KXNFLRSHYDS-26OCT04NYJCHI-CHIKMONANGAI25-60,Kyle Monangai: 60+ rushing yards,price moved -24c,31,7,-24,2688,4754,2066,False,,,
2026-10-02T20:27:51.434989+00:00,nfl,prop_rshyds,KXNFLRSHYDS-26OCT04NYJCHI-CHIKMONANGAI25-70,Kyle Monangai: 70+ rushing yards,price moved -21c,22,1,-21,1797,3035,1238,False,,,
2026-10-02T20:27:51.434989+00:00,nfl,prop_rshyds,KXNFLRSHYDS-26OCT04NYJCHI-CHIKMONANGAI25-80,Kyle Monangai: 80+ rushing yards,price moved -15c,16,1,-15,1137,1950,813,False,,,
2026-10-02T20:27:51.434989+00:00,nfl,prop_rshyds,KXNFLRSHYDS-26OCT04NYJCHI-CHIDSWIFT4-80,D'Andre Swift: 80+ rushing yards,price moved -10c,38,28,-10,7,48,41,False,,,
2026-10-02T20:27:51.434989+00:00,nfl,prop_rshyds,KXNFLRSHYDS-26OCT04NYJCHI-CHIDSWIFT4-80,D'Andre Swift: 80+ rushing yards,volume spike x6.9,38,28,-10,7,48,41,False,,,
2026-10-02T20:27:51.434989+00:00,nfl,prop_rshyds,KXNFLRSHYDS-26OCT04NYJCHI-CHITBAGENT17-20,Tyson Bagent: 20+ rushing yards,price moved +35c,0,35,35,0,109,109,False,,,
2026-10-02T20:27:51.434989+00:00,nfl,prop_rshyds,KXNFLRSHYDS-26OCT04NYJCHI-NYJIDAVIS32-40,Isaiah Davis: 40+ rushing yards,price moved +15c,0,15,15,0,2,2,False,,,
2026-10-02T20:27:51.434989+00:00,nfl,prop_rshyds,KXNFLRSHYDS-26OCT04MIAMIN-MINAJONES33-40,Aaron Jones Sr.: 40+ rushing yards,volume spike x79.5,83,81,-2,6,477,471,False,,,
2026-10-02T20:27:51.434989+00:00,nfl,prop_rshyds,KXNFLRSHYDS-26OCT04MIAMIN-MINAJONES33-100,Aaron Jones Sr.: 100+ rushing yards,price moved +19c,0,19,19,0,498,498,False,,,
2026-10-02T20:27:51.434989+00:00,nfl,prop_rshyds,KXNFLRSHYDS-26OCT04MIAMIN-MINAJONES33-110,Aaron Jones Sr.: 110+ rushing yards,price moved +14c,0,14,14,0,673,673,False,,,
2026-10-02T20:27:51.434989+00:00,nfl,prop_rshyds,KXNFLRSHYDS-26OCT04MIAMIN-MINAJONES33-120,Aaron Jones Sr.: 120+ rushing yards,price moved +10c,0,10,10,0,940,940,False,,,
2026-10-02T20:27:51.434989+00:00,nfl,prop_rshyds,KXNFLRSHYDS-26OCT04MIAMIN-MINKMURRAY1-40,Kyler Murray: 40+ rushing yards,price moved +20c,0,20,20,0,127,127,False,,,
2026-10-02T20:27:51.434989+00:00,nfl,prop_rshyds,KXNFLRSHYDS-26OCT04MIAMIN-MIAMWILLIS2-25,Malik Willis: 25+ rushing yards,price moved +61c,0,61,61,0,4,4,False,,,
2026-10-02T20:27:51.434989+00:00,nfl,prop_rshyds,KXNFLRSHYDS-26OCT04MIAMIN-MIAMWILLIS2-30,Malik Willis: 30+ rushing yards,volume spike x6.5,50,53,3,865,5620,4755,False,,,
2026-10-02T20:27:51.434989+00:00,nfl,prop_rshyds,KXNFLRSHYDS-26OCT04MIAMIN-MIAMWILLIS2-50,Malik Willis: 50+ rushing yards,price moved +20c,0,20,20,0,13,13,False,,,
2026-10-02T20:27:51.434989+00:00,nfl,prop_rshyds,KXNFLRSHYDS-26OCT04MIAMIN-MIAOGORDON0-20,Ollie Gordon II: 20+ rushing yards,volume spike x4.8,60,62,2,4,19,15,False,,,
2026-10-02T20:27:51.434989+00:00,nfl,prop_rshyds,KXNFLRSHYDS-26OCT04MIAMIN-MIAJWRIGHT5-25,Jaylen Wright: 25+ rushing yards,price moved +60c,0,60,60,0,32,32,False,,,
2026-10-02T20:27:51.434989+00:00,nfl,prop_rshyds,KXNFLRSHYDS-26OCT04MIAMIN-MIAJWRIGHT5-50,Jaylen Wright: 50+ rushing yards,price moved +22c,0,22,22,0,6,6,False,,,
2026-10-02T20:27:51.434989+00:00,nfl,prop_rshyds,KXNFLRSHYDS-26OCT04MIAMIN-MIAJWRIGHT5-70,Jaylen Wright: 70+ rushing yards,price moved +10c,0,10,10,0,87,87,False,,,
2026-10-02T20:27:51.434989+00:00,nfl,prop_rshyds,KXNFLRSHYDS-26OCT04DENSF-SFCMCCAFFREY23-90,Christian McCaffrey: 90+ rushing yards,price moved +27c,0,27,27,0,17,17,False,,,
2026-10-02T20:27:51.434989+00:00,nfl,prop_rshyds,KXNFLRSHYDS-26OCT04DENSF-SFBPURDY13-10,Brock Purdy: 10+ rushing yards,price moved +73c,0,73,73,0,6,6,False,,,
2026-10-02T20:27:51.434989+00:00,nfl,prop_rshyds,KXNFLRSHYDS-26OCT04DENSF-DENRHARVEY12-15,RJ Harvey: 15+ rushing yards,price moved +55c,0,55,55,0,768,768,False,,,
2026-10-02T20:27:51.434989+00:00,nfl,prop_rshyds,KXNFLRSHYDS-26OCT04DENSF-DENRHARVEY12-25,RJ Harvey: 25+ rushing yards,volume spike x191.0,27,31,4,4,764,760,False,,,
2026-10-02T20:27:51.434989+00:00,nfl,prop_rshyds,KXNFLRSHYDS-26OCT04DENSF-DENRHARVEY12-30,RJ Harvey: 30+ rushing yards,volume spike x591.0,19,24,5,3,1773,1770,False,,,
2026-10-02T20:27:51.434989+00:00,nfl,prop_rshyds,KXNFLRSHYDS-26OCT04KCLV-KCEJOHNSON10-25,Emmett Johnson: 25+ rushing yards,price moved +32c,0,32,32,0,14,14,False,,,
2026-10-02T20:27:51.434989+00:00,nfl,prop_rshyds,KXNFLRSHYDS-26OCT04KCLV-LVMWASHINGTON4-25,Mike Washington Jr.: 25+ rushing yards,price moved +8c,28,36,8,10,89,79,False,,,
2026-10-02T20:27:51.434989+00:00,nfl,prop_rshyds,KXNFLRSHYDS-26OCT04KCLV-LVMWASHINGTON4-25,Mike Washington Jr.: 25+ rushing yards,volume spike x8.9,28,36,8,10,89,79,False,,,
2026-10-02T20:27:51.434989+00:00,nfl,prop_rshyds,KXNFLRSHYDS-26OCT04KCLV-LVMWASHINGTON4-50,Mike Washington Jr.: 50+ rushing yards,price moved +12c,0,12,12,0,71,71,False,,,
2026-10-02T20:27:51.434989+00:00,nfl,prop_rshyds,KXNFLRSHYDS-26OCT04LACSEA-LACOHAMPTON8-30,Omarion Hampton: 30+ rushing yards,price moved +73c,0,73,73,0,518,518,False,,,
2026-10-02T20:27:51.434989+00:00,nfl,prop_rshyds,KXNFLRSHYDS-26OCT04LACSEA-LACOHAMPTON8-40,Omarion Hampton: 40+ rushing yards,volume spike x16.6,57,58,1,50,830,780,False,,,
2026-10-02T20:27:51.434989+00:00,nfl,prop_rshyds,KXNFLRSHYDS-26OCT04DETCAR-CARCHUBBARD30-60,Chuba Hubbard: 60+ rushing yards,price moved +59c,0,59,59,0,164,164,False,,,
2026-10-02T20:27:51.434989+00:00,nfl,prop_rshyds,KXNFLRSHYDS-26OCT04DETCAR-CARCHUBBARD30-70,Chuba Hubbard: 70+ rushing yards,volume spike x74.4,48,44,-4,12,893,881,False,,,
2026-10-02T20:27:51.434989+00:00,nfl,prop_rshyds,KXNFLRSHYDS-26OCT04DETCAR-CARBYOUNG9-20,Bryce Young: 20+ rushing yards,volume spike x15.0,33,33,0,1,15,14,False,,,
2026-10-02T20:27:51.434989+00:00,nfl,prop_rshyds,KXNFLRSHYDS-26OCT04DETCAR-DETJGIBBS0-120,Jahmyr Gibbs: 120+ rushing yards,volume spike x484.0,33,28,-5,1,484,483,False,,,
2026-10-02T20:27:51.434989+00:00,nfl,prop_rshyds,KXNFLRSHYDS-26OCT04DETCAR-CARADILLON28-30,AJ Dillon: 30+ rushing yards,volume spike x10.0,14,17,3,4,40,36,False,,,
2026-10-02T20:27:51.434989+00:00,nfl,prop_rshyds,KXNFLRSHYDS-26OCT04DETCAR-DETJGOFF16-20,Jared Goff: 20+ rushing yards,price moved +10c,0,10,10,0,4,4,False,,,
2026-10-02T20:27:51.434989+00:00,nfl,prop_rshyds,KXNFLRSHYDS-26OCT04DETCAR-DETSVAKI33-15,Sione Vaki: 15+ rushing yards,volume spike x6.0,38,37,-1,5,30,25,False,,,
2026-10-02T20:27:51.434989+00:00,nfl,prop_rshyds,KXNFLRSHYDS-26OCT05ATLNO-ATLBROBINSON7-110,Bijan Robinson: 110+ rushing yards,volume spike x8.1,31,31,0,43,350,307,False,,,
2026-10-02T20:27:51.434989+00:00,nfl,prop_rshatt,KXNFLRSHATT-26OCT04INDWAS-WASMMARIOTA8-3,Marcus Mariota: 3+ rushing attempts,volume spike x223.0,79,81,2,1,223,222,False,,,
2026-10-02T20:27:51.434989+00:00,nfl,prop_rshatt,KXNFLRSHATT-26OCT04INDWAS-WASMMARIOTA8-6,Marcus Mariota: 6+ rushing attempts,price moved +47c,0,47,47,0,16,16,False,,,
2026-10-02T20:27:51.434989+00:00,nfl,prop_rshatt,KXNFLRSHATT-26OCT04INDWAS-INDJTAYLOR28-20,Jonathan Taylor: 20+ rushing attempts,volume spike x3.6,56,55,-1,20,73,53,False,,,
2026-10-02T20:27:51.434989+00:00,nfl,prop_rshatt,KXNFLRSHATT-26OCT04INDWAS-INDJTAYLOR28-23,Jonathan Taylor: 23+ rushing attempts,price moved +35c,0,35,35,0,177,177,False,,,
2026-10-02T20:27:51.434989+00:00,nfl,prop_rshatt,KXNFLRSHATT-26OCT04GBTB-GBKJOHNSON26-9,Kaleb Johnson: 9+ rushing attempts,volume spike x5.5,53,54,1,679,3751,3072,False,,,
2026-10-02T20:27:51.434989+00:00,nfl,prop_rshatt,KXNFLRSHATT-26OCT04NYJCHI-NYJBALLEN0-12,Braelon Allen: 12+ rushing attempts,price moved +71c,0,71,71,0,34,34,False,,,
2026-10-02T20:27:51.434989+00:00,nfl,prop_rshatt,KXNFLRSHATT-26OCT04MIAMIN-MIAJWRIGHT5-8,Jaylen Wright: 8+ rushing attempts,price moved +9c,56,65,9,1748,2448,700,False,,,
2026-10-02T20:27:51.434989+00:00,nfl,prop_rshatt,KXNFLRSHATT-26OCT04DENSF-SFBPURDY13-5,Brock Purdy: 5+ rushing attempts,price moved +40c,0,40,40,0,650,650,False,,,
2026-10-02T20:27:51.434989+00:00,nfl,prop_rshatt,KXNFLRSHATT-26OCT04DENSF-DENJDOBBINS27-14,J.K. Dobbins: 14+ rushing attempts,price moved +53c,0,53,53,0,229,229,False,,,
2026-10-02T20:27:51.434989+00:00,nfl,prop_rshatt,KXNFLRSHATT-26OCT04DENSF-DENBNIX10-5,Bo Nix: 5+ rushing attempts,volume spike x8.7,47,46,-1,91,792,701,False,,,
2026-10-02T20:27:51.434989+00:00,nfl,prop_rshatt,KXNFLRSHATT-26OCT04DETCAR-CARCHUBBARD30-20,Chuba Hubbard: 20+ rushing attempts,price moved +32c,0,32,32,0,100,100,False,,,
2026-10-02T20:27:51.434989+00:00,nfl,prop_rshatt,KXNFLRSHATT-26OCT04DETCAR-DETJGIBBS0-23,Jahmyr Gibbs: 23+ rushing attempts,price moved +32c,0,32,32,0,30,30,False,,,
2026-10-02T20:27:51.434989+00:00,nfl,prop_longrsh,KXNFLLONGRSH-26OCT04GBTB-GBKJOHNSON26-10,Kaleb Johnson: longest rush over 9.5 yards,price moved +45c,0,45,45,0,249,249,False,,,
2026-10-02T20:27:51.434989+00:00,nfl,prop_longrsh,KXNFLLONGRSH-26OCT04NEBUF-BUFJALLEN17-15,Josh Allen: longest rush over 14.5 yards,price moved +57c,0,57,57,0,3,3,False,,,
2026-10-02T20:27:51.434989+00:00,nfl,prop_longrsh,KXNFLLONGRSH-26OCT04NEBUF-NEDMAYE10-13,Drake Maye: longest rush over 12.5 yards,price moved +53c,0,53,53,0,9,9,False,,,
2026-10-02T20:27:51.434989+00:00,nfl,prop_longrsh,KXNFLLONGRSH-26OCT04KCLV-LVAJEANTY2-13,Ashton Jeanty: longest rush over 12.5 yards,price moved +44c,0,44,44,0,1107,1107,False,,,
2026-10-02T20:27:51.434989+00:00,nfl,prop_recyds,KXNFLRECYDS-26OCT04INDWAS-WASTMCLAURIN17-25,Terry McLaurin: 25+ receiving yards,price moved -10c,78,68,-10,14,88,74,False,,,
2026-10-02T20:27:51.434989+00:00,nfl,prop_recyds,KXNFLRECYDS-26OCT04INDWAS-WASTMCLAURIN17-25,Terry McLaurin: 25+ receiving yards,volume spike x6.3,78,68,-10,14,88,74,False,,,
2026-10-02T20:27:51.434989+00:00,nfl,prop_recyds,KXNFLRECYDS-26OCT04INDWAS-WASTMCLAURIN17-40,Terry McLaurin: 40+ receiving yards,price moved -13c,69,56,-13,70,100,30,False,,,
2026-10-02T20:27:51.434989+00:00,nfl,prop_recyds,KXNFLRECYDS-26OCT04INDWAS-WASTMCLAURIN17-50,Terry McLaurin: 50+ receiving yards,price moved -10c,52,42,-10,207,2378,2171,False,,,
2026-10-02T20:27:51.434989+00:00,nfl,prop_recyds,KXNFLRECYDS-26OCT04INDWAS-WASTMCLAURIN17-50,Terry McLaurin: 50+ receiving yards,volume spike x11.5,52,42,-10,207,2378,2171,False,,,
2026-10-02T20:27:51.434989+00:00,nfl,prop_recyds,KXNFLRECYDS-26OCT04INDWAS-INDKALLEN10-25,Keenan Allen: 25+ receiving yards,volume spike x22.0,69,68,-1,1,22,21,False,,,
2026-10-02T20:27:51.434989+00:00,nfl,prop_recyds,KXNFLRECYDS-26OCT04INDWAS-INDJTAYLOR28-25,Jonathan Taylor: 25+ receiving yards,volume spike x5.2,39,39,0,106,554,448,False,,,
2026-10-02T20:27:51.434989+00:00,nfl,prop_recyds,KXNFLRECYDS-26OCT04INDWAS-INDJTAYLOR28-40,Jonathan Taylor: 40+ receiving yards,volume spike x126.0,16,21,5,4,504,500,False,,,
2026-10-02T20:27:51.434989+00:00,nfl,prop_recyds,KXNFLRECYDS-26OCT04INDWAS-INDTWARREN84-50,Tyler Warren: 50+ receiving yards,price moved +7c,48,55,7,4324,19909,15585,False,,,
2026-10-02T20:27:51.434989+00:00,nfl,prop_recyds,KXNFLRECYDS-26OCT04INDWAS-INDTWARREN84-50,Tyler Warren: 50+ receiving yards,volume spike x4.6,48,55,7,4324,19909,15585,False,,,
2026-10-02T20:27:51.434989+00:00,nfl,prop_recyds,KXNFLRECYDS-26OCT04INDWAS-WASSDIGGS3-15,Stefon Diggs: 15+ receiving yards,volume spike x26.0,88,89,1,9,234,225,False,,,
2026-10-02T20:27:51.434989+00:00,nfl,prop_recyds,KXNFLRECYDS-26OCT04INDWAS-WASSDIGGS3-40,Stefon Diggs: 40+ receiving yards,volume spike x5.1,56,62,6,1228,6311,5083,False,,,
2026-10-02T20:27:51.434989+00:00,nfl,prop_recyds,KXNFLRECYDS-26OCT04INDWAS-WASSDIGGS3-50,Stefon Diggs: 50+ receiving yards,volume spike x8.4,44,50,6,382,3213,2831,False,,,
2026-10-02T20:27:51.434989+00:00,nfl,prop_recyds,KXNFLRECYDS-26OCT04INDWAS-WASSDIGGS3-60,Stefon Diggs: 60+ receiving yards,price moved +33c,33,66,33,162,4095,3933,False,,,
2026-10-02T20:27:51.434989+00:00,nfl,prop_recyds,KXNFLRECYDS-26OCT04INDWAS-WASSDIGGS3-60,Stefon Diggs: 60+ receiving yards,volume spike x25.3,33,66,33,162,4095,3933,False,,,
2026-10-02T20:27:51.434989+00:00,nfl,prop_recyds,KXNFLRECYDS-26OCT04INDWAS-WASSDIGGS3-70,Stefon Diggs: 70+ receiving yards,price moved +27c,0,27,27,0,17,17,False,,,
2026-10-02T20:27:51.434989+00:00,nfl,prop_recyds,KXNFLRECYDS-26OCT04INDWAS-WASSDIGGS3-90,Stefon Diggs: 90+ receiving yards,price moved +16c,0,16,16,0,29,29,False,,,
2026-10-02T20:27:51.434989+00:00,nfl,prop_recyds,KXNFLRECYDS-26OCT04INDWAS-WASSDIGGS3-100,Stefon Diggs: 100+ receiving yards,price moved +10c,0,10,10,0,188,188,False,,,
2026-10-02T20:27:51.434989+00:00,nfl,prop_recyds,KXNFLRECYDS-26OCT04INDWAS-WASAWILLIAMS14-15,Antonio Williams: 15+ receiving yards,volume spike x3.1,54,60,6,930,2924,1994,False,,,
2026-10-02T20:27:51.434989+00:00,nfl,prop_recyds,KXNFLRECYDS-26OCT04INDWAS-WASAWILLIAMS14-25,Antonio Williams: 25+ receiving yards,price moved +13c,39,52,13,1037,5052,4015,False,,,
2026-10-02T20:27:51.434989+00:00,nfl,prop_recyds,KXNFLRECYDS-26OCT04INDWAS-WASAWILLIAMS14-25,Antonio Williams: 25+ receiving yards,volume spike x4.9,39,52,13,1037,5052,4015,False,,,
2026-10-02T20:27:51.434989+00:00,nfl,prop_recyds,KXNFLRECYDS-26OCT04INDWAS-WASAWILLIAMS14-40,Antonio Williams: 40+ receiving yards,price moved +19c,20,39,19,2004,5008,3004,False,,,
2026-10-02T20:27:51.434989+00:00,nfl,prop_recyds,KXNFLRECYDS-26OCT04INDWAS-WASAWILLIAMS14-50,Antonio Williams: 50+ receiving yards,price moved +19c,0,19,19,0,1511,1511,False,,,
2026-10-02T20:27:51.434989+00:00,nfl,prop_recyds,KXNFLRECYDS-26OCT04INDWAS-WASAWILLIAMS14-60,Antonio Williams: 60+ receiving yards,price moved +11c,9,20,11,2160,2627,467,False,,,
2026-10-02T20:27:51.434989+00:00,nfl,prop_recyds,KXNFLRECYDS-26OCT04INDWAS-WASAWILLIAMS14-70,Antonio Williams: 70+ receiving yards,price moved +15c,0,15,15,0,44,44,False,,,
2026-10-02T20:27:51.434989+00:00,nfl,prop_recyds,KXNFLRECYDS-26OCT04INDWAS-INDLTREADWELL13-15,Laquon Treadwell: 15+ receiving yards,volume spike x12.1,51,52,1,193,2337,2144,False,,,
2026-10-02T20:27:51.434989+00:00,nfl,prop_recyds,KXNFLRECYDS-26OCT04INDWAS-INDLTREADWELL13-40,Laquon Treadwell: 40+ receiving yards,volume spike x4.7,17,16,-1,33,156,123,False,,,
2026-10-02T20:27:51.434989+00:00,nfl,prop_recyds,KXNFLRECYDS-26OCT04INDWAS-INDLTREADWELL13-60,Laquon Treadwell: 60+ receiving yards,price moved +8c,0,8,8,0,117,117,False,,,
2026-10-02T20:27:51.434989+00:00,nfl,prop_recyds,KXNFLRECYDS-26OCT04INDWAS-INDDSLAYTON11-60,Darius Slayton: 60+ receiving yards,price moved +9c,0,9,9,0,104,104,False,,,
2026-10-02T20:27:51.434989+00:00,nfl,prop_recyds,KXNFLRECYDS-26OCT04ARINYG-ARIMHARRISON18-40,Marvin Harrison Jr.: 40+ receiving yards,volume spike x3.7,43,43,0,50,187,137,False,,,
2026-10-02T20:27:51.434989+00:00,nfl,prop_recyds,KXNFLRECYDS-26OCT04ARINYG-ARIMHARRISON18-50,Marvin Harrison Jr.: 50+ receiving yards,volume spike x12.8,31,31,0,39,501,462,False,,,
2026-10-02T20:27:51.434989+00:00,nfl,prop_recyds,KXNFLRECYDS-26OCT04ARINYG-ARIMHARRISON18-70,Marvin Harrison Jr.: 70+ receiving yards,volume spike x33.0,15,16,1,37,1220,1183,False,,,
2026-10-02T20:27:51.434989+00:00,nfl,prop_recyds,KXNFLRECYDS-26OCT04ARINYG-ARIMWILSON14-70,Michael Wilson: 70+ receiving yards,volume spike x5.4,38,38,0,17,92,75,False,,,
2026-10-02T20:27:51.434989+00:00,nfl,prop_recyds,KXNFLRECYDS-26OCT04ARINYG-ARIMWILSON14-90,Michael Wilson: 90+ receiving yards,price moved +20c,0,20,20,0,94,94,False,,,
2026-10-02T20:27:51.434989+00:00,nfl,prop_recyds,KXNFLRECYDS-26OCT04ARINYG-ARIMWILSON14-100,Michael Wilson: 100+ receiving yards,volume spike x6.6,15,14,-1,12,79,67,False,,,
2026-10-02T20:27:51.434989+00:00,nfl,prop_recyds,KXNFLRECYDS-26OCT04ARINYG-ARIMWILSON14-120,Michael Wilson: 120+ receiving yards,volume spike x3.9,8,7,-1,23,90,67,False,,,
2026-10-02T20:27:51.434989+00:00,nfl,prop_recyds,KXNFLRECYDS-26OCT04ARINYG-NYGILIKELY9-50,Isaiah Likely: 50+ receiving yards,volume spike x4.9,38,38,0,25,123,98,False,,,
2026-10-02T20:27:51.434989+00:00,nfl,prop_recyds,KXNFLRECYDS-26OCT04ARINYG-NYGMNABERS1-130,Malik Nabers: 130+ receiving yards,price moved +8c,0,8,8,0,47,47,False,,,
2026-10-02T20:27:51.434989+00:00,nfl,prop_recyds,KXNFLRECYDS-26OCT04ARINYG-NYGTJOHNSON84-25,Theo Johnson: 25+ receiving yards,price moved +20c,0,20,20,0,24,24,False,,,
2026-10-02T20:27:51.434989+00:00,nfl,prop_recyds,KXNFLRECYDS-26OCT04DALHOU-HOUDMONTGOMERY32-15,David Montgomery: 15+ receiving yards,volume spike x55.8,39,38,-1,9,502,493,False,,,
2026-10-02T20:27:51.434989+00:00,nfl,prop_recyds,KXNFLRECYDS-26OCT04DALHOU-DALRFLOURNOY19-60,Ryan Flournoy: 60+ receiving yards,volume spike x4.7,20,20,0,23,108,85,False,,,
2026-10-02T20:27:51.434989+00:00,nfl,prop_recyds,KXNFLRECYDS-26OCT04DALHOU-HOUXHUTCHINSON19-60,Xavier Hutchinson: 60+ receiving yards,price moved +16c,0,16,16,0,1,1,False,,,
2026-10-02T20:27:51.434989+00:00,nfl,prop_recyds,KXNFLRECYDS-26OCT04GBTB-TBEEGBUKA2-50,Emeka Egbuka: 50+ receiving yards,volume spike x3.4,38,37,-1,11,37,26,False,,,
2026-10-02T20:27:51.434989+00:00,nfl,prop_recyds,KXNFLRECYDS-26OCT04GBTB-TBBIRVING7-40,Bucky Irving: 40+ receiving yards,price moved +10c,0,10,10,0,112,112,False,,,
2026-10-02T20:27:51.434989+00:00,nfl,prop_recyds,KXNFLRECYDS-26OCT04GBTB-GBMGOLDEN0-80,Matthew Golden: 80+ receiving yards,volume spike x4.4,31,30,-1,9,40,31,False,,,
2026-10-02T20:27:51.434989+00:00,nfl,prop_recyds,KXNFLRECYDS-26OCT04GBTB-GBCWATSON9-60,Christian Watson: 60+ receiving yards,volume spike x23.5,58,59,1,101,2375,2274,False,,,
2026-10-02T20:27:51.434989+00:00,nfl,prop_recyds,KXNFLRECYDS-26OCT04GBTB-GBSMOORE23-20,Skyy Moore: 20+ receiving yards,volume spike x39.1,50,47,-3,18,703,685,False,,,
2026-10-02T20:27:51.434989+00:00,nfl,prop_recyds,KXNFLRECYDS-26OCT04GBTB-GBMLLOYD32-15,MarShawn Lloyd: 15+ receiving yards,volume spike x6.0,25,25,0,346,2078,1732,False,,,
2026-10-02T20:27:51.434989+00:00,nfl,prop_recyds,KXNFLRECYDS-26OCT04GBTB-GBMLLOYD32-25,MarShawn Lloyd: 25+ receiving yards,price moved +12c,0,12,12,0,3986,3986,False,,,
2026-10-02T20:27:51.434989+00:00,nfl,prop_recyds,KXNFLRECYDS-26OCT04GBTB-TBKGAINWELL1-10,Kenny Gainwell: 10+ receiving yards,volume spike x16.2,48,48,0,6,97,91,False,,,
2026-10-02T20:27:51.434989+00:00,nfl,prop_recyds,KXNFLRECYDS-26OCT04GBTB-TBKGAINWELL1-40,Kenny Gainwell: 40+ receiving yards,price moved +9c,0,9,9,0,52,52,False,,,
2026-10-02T20:27:51.434989+00:00,nfl,prop_recyds,KXNFLRECYDS-26OCT04GBTB-TBTHURST17-15,Ted Hurst III: 15+ receiving yards,volume spike x16.0,61,63,2,1,16,15,False,,,
2026-10-02T20:27:51.434989+00:00,nfl,prop_recyds,KXNFLRECYDS-26OCT04GBTB-TBTHURST17-40,Ted Hurst III: 40+ receiving yards,volume spike x21.6,24,28,4,5,108,103,False,,,
2026-10-02T20:27:51.434989+00:00,nfl,prop_recyds,KXNFLRECYDS-26OCT04GBTB-TBTHURST17-50,Ted Hurst III: 50+ receiving yards,volume spike x12.3,17,19,2,9,111,102,False,,,
2026-10-02T20:27:51.434989+00:00,nfl,prop_recyds,KXNFLRECYDS-26OCT04GBTB-TBTHURST17-60,Ted Hurst III: 60+ receiving yards,price moved +7c,8,15,7,8,102,94,False,,,
2026-10-02T20:27:51.434989+00:00,nfl,prop_recyds,KXNFLRECYDS-26OCT04GBTB-TBTHURST17-60,Ted Hurst III: 60+ receiving yards,volume spike x12.8,8,15,7,8,102,94,False,,,
2026-10-02T20:27:51.434989+00:00,nfl,prop_recyds,KXNFLRECYDS-26OCT04GBTB-TBTHURST17-70,Ted Hurst III: 70+ receiving yards,price moved +9c,0,9,9,0,98,98,False,,,
2026-10-02T20:27:51.434989+00:00,nfl,prop_recyds,KXNFLRECYDS-26OCT04GBTB-TBTJOHNSON15-10,Tez Johnson: 10+ receiving yards,price moved +51c,0,51,51,0,5,5,False,,,
2026-10-02T20:27:51.434989+00:00,nfl,prop_recyds,KXNFLRECYDS-26OCT04GBTB-TBTJOHNSON15-15,Tez Johnson: 15+ receiving yards,price moved +38c,0,38,38,0,1,1,False,,,
2026-10-02T20:27:51.434989+00:00,nfl,prop_recyds,KXNFLRECYDS-26OCT04JACCIN-CINTHIGGINS5-50,Tee Higgins: 50+ receiving yards,volume spike x31.0,63,63,0,1,31,30,False,,,
2026-10-02T20:27:51.434989+00:00,nfl,prop_recyds,KXNFLRECYDS-26OCT04JACCIN-JACJMEYERS3-15,Jakobi Meyers: 15+ receiving yards,price moved +83c,0,83,83,0,29,29,False,,,
2026-10-02T20:27:51.434989+00:00,nfl,prop_recyds,KXNFLRECYDS-26OCT04JACCIN-JACJMEYERS3-25,Jakobi Meyers: 25+ receiving yards,price moved +73c,0,73,73,0,33,33,False,,,
2026-10-02T20:27:51.434989+00:00,nfl,prop_recyds,KXNFLRECYDS-26OCT04JACCIN-JACPWASHINGTON11-50,Parker Washington: 50+ receiving yards,volume spike x4.4,74,74,0,33,144,111,False,,,
2026-10-02T20:27:51.434989+00:00,nfl,prop_recyds,KXNFLRECYDS-26OCT04JACCIN-JACPWASHINGTON11-110,Parker Washington: 110+ receiving yards,volume spike x11.7,23,22,-1,26,305,279,False,,,
2026-10-02T20:27:51.434989+00:00,nfl,prop_recyds,KXNFLRECYDS-26OCT04JACCIN-JACPWASHINGTON11-150,Parker Washington: 150+ receiving yards,price moved +9c,0,9,9,0,55,55,False,,,
2026-10-02T20:27:51.434989+00:00,nfl,prop_recyds,KXNFLRECYDS-26OCT04JACCIN-CINCBROWN30-25,Chase Brown: 25+ receiving yards,volume spike x11.8,42,38,-4,45,532,487,False,,,
2026-10-02T20:27:51.434989+00:00,nfl,prop_recyds,KXNFLRECYDS-26OCT04JACCIN-JACBSTRANGE85-15,Brenton Strange: 15+ receiving yards,price moved +81c,0,81,81,0,1,1,False,,,
2026-10-02T20:27:51.434989+00:00,nfl,prop_recyds,KXNFLRECYDS-26OCT04JACCIN-JACBSTRANGE85-25,Brenton Strange: 25+ receiving yards,price moved +66c,0,66,66,0,204,204,False,,,
2026-10-02T20:27:51.434989+00:00,nfl,prop_recyds,KXNFLRECYDS-26OCT04JACCIN-JACBSTRANGE85-50,Brenton Strange: 50+ receiving yards,volume spike x14.7,30,30,0,71,1046,975,False,,,
2026-10-02T20:27:51.434989+00:00,nfl,prop_recyds,KXNFLRECYDS-26OCT04JACCIN-JACBTUTEN33-15,Bhayshul Tuten: 15+ receiving yards,volume spike x60.1,36,38,2,15,902,887,False,,,
2026-10-02T20:27:51.434989+00:00,nfl,prop_recyds,KXNFLRECYDS-26OCT04LARPHI-PHIDSMITH6-40,DeVonta Smith: 40+ receiving yards,price moved -7c,68,61,-7,3899,8034,4135,False,,,
2026-10-02T20:27:51.434989+00:00,nfl,prop_recyds,KXNFLRECYDS-26OCT04LARPHI-PHIDSMITH6-60,DeVonta Smith: 60+ receiving yards,volume spike x64.4,38,37,-1,16,1030,1014,False,,,
2026-10-02T20:27:51.434989+00:00,nfl,prop_recyds,KXNFLRECYDS-26OCT04LARPHI-PHIDSMITH6-90,DeVonta Smith: 90+ receiving yards,price moved -28c,32,4,-28,0,0,0,False,,,
2026-10-02T20:27:51.434989+00:00,nfl,prop_recyds,KXNFLRECYDS-26OCT04LARPHI-PHIDWICKS13-25,Dontayvion Wicks: 25+ receiving yards,price moved -7c,83,76,-7,2016,2132,116,False,,,
2026-10-02T20:27:51.434989+00:00,nfl,prop_recyds,KXNFLRECYDS-26OCT04LARPHI-PHIJMUNDT83-25,Johnny Mundt: 25+ receiving yards,price moved +12c,0,12,12,0,3,3,False,,,
2026-10-02T20:27:51.434989+00:00,nfl,prop_recyds,KXNFLRECYDS-26OCT04LARPHI-PHIDCOOPER80-15,Darius Cooper: 15+ receiving yards,volume spike x3.1,51,55,4,820,2550,1730,False,,,
2026-10-02T20:27:51.434989+00:00,nfl,prop_recyds,KXNFLRECYDS-26OCT04NEBUF-BUFDKINCAID86-70,Dalton Kincaid: 70+ receiving yards,volume spike x4.2,31,31,0,41,171,130,False,,,
2026-10-02T20:27:51.434989+00:00,nfl,prop_recyds,KXNFLRECYDS-26OCT04NEBUF-BUFDKINCAID86-80,Dalton Kincaid: 80+ receiving yards,volume spike x7.1,26,22,-4,7,50,43,False,,,
2026-10-02T20:27:51.434989+00:00,nfl,prop_recyds,KXNFLRECYDS-26OCT04NEBUF-BUFDMOORE2-50,DJ Moore: 50+ receiving yards,volume spike x8.1,51,52,1,464,3766,3302,False,,,
2026-10-02T20:27:51.434989+00:00,nfl,prop_recyds,KXNFLRECYDS-26OCT04NEBUF-BUFDMOORE2-70,DJ Moore: 70+ receiving yards,volume spike x4.0,32,31,-1,76,307,231,False,,,
2026-10-02T20:27:51.434989+00:00,nfl,prop_recyds,KXNFLRECYDS-26OCT04NEBUF-BUFDMOORE2-80,DJ Moore: 80+ receiving yards,volume spike x16.4,24,23,-1,15,246,231,False,,,
2026-10-02T20:27:51.434989+00:00,nfl,prop_recyds,KXNFLRECYDS-26OCT04NEBUF-BUFDMOORE2-90,DJ Moore: 90+ receiving yards,price moved +17c,0,17,17,0,287,287,False,,,
2026-10-02T20:27:51.434989+00:00,nfl,prop_recyds,KXNFLRECYDS-26OCT04NEBUF-BUFDMOORE2-100,DJ Moore: 100+ receiving yards,volume spike x11.9,7,13,6,29,346,317,False,,,
2026-10-02T20:27:51.434989+00:00,nfl,prop_recyds,KXNFLRECYDS-26OCT04NEBUF-BUFDMOORE2-120,DJ Moore: 120+ receiving yards,price moved +7c,0,7,7,0,359,359,False,,,
2026-10-02T20:27:51.434989+00:00,nfl,prop_recyds,KXNFLRECYDS-26OCT04NEBUF-BUFDMOORE2-140,DJ Moore: 140+ receiving yards,volume spike x15.3,4,4,0,70,1070,1000,False,,,
2026-10-02T20:27:51.434989+00:00,nfl,prop_recyds,KXNFLRECYDS-26OCT04NEBUF-BUFKSHAKIR10-40,Khalil Shakir: 40+ receiving yards,volume spike x75.8,50,46,-4,18,1365,1347,False,,,
2026-10-02T20:27:51.434989+00:00,nfl,prop_recyds,KXNFLRECYDS-26OCT04NEBUF-BUFKSHAKIR10-80,Khalil Shakir: 80+ receiving yards,price moved +8c,0,8,8,0,1,1,False,,,
2026-10-02T20:27:51.434989+00:00,nfl,prop_recyds,KXNFLRECYDS-26OCT04NEBUF-BUFTJOHNSON26-15,Ty Johnson: 15+ receiving yards,volume spike x3.0,48,46,-2,10,30,20,False,,,
2026-10-02T20:27:51.434989+00:00,nfl,prop_recyds,KXNFLRECYDS-26OCT04NEBUF-NERDOUBS87-80,Romeo Doubs: 80+ receiving yards,volume spike x23.0,12,16,4,4,92,88,False,,,
2026-10-02T20:27:51.434989+00:00,nfl,prop_recyds,KXNFLRECYDS-26OCT04NEBUF-NEDDOUGLAS3-40,DeMario Douglas: 40+ receiving yards,volume spike x43.0,31,29,-2,1,43,42,False,,,
2026-10-02T20:27:51.434989+00:00,nfl,prop_recyds,KXNFLRECYDS-26OCT04NEBUF-NEDDOUGLAS3-50,DeMario Douglas: 50+ receiving yards,volume spike x13.2,18,23,5,5,66,61,False,,,
2026-10-02T20:27:51.434989+00:00,nfl,prop_recyds,KXNFLRECYDS-26OCT04NEBUF-NETHENDERSON32-15,TreVeyon Henderson: 15+ receiving yards,volume spike x57.8,28,29,1,5,289,284,False,,,
2026-10-02T20:27:51.434989+00:00,nfl,prop_recyds,KXNFLRECYDS-26OCT04NEBUF-NEHHENRY85-40,Hunter Henry: 40+ receiving yards,price moved -7c,40,33,-7,16,16,0,False,,,
2026-10-02T20:27:51.434989+00:00,nfl,prop_recyds,KXNFLRECYDS-26OCT04NEBUF-NEMHOLLINS13-40,Mack Hollins: 40+ receiving yards,price moved +57c,0,57,57,0,1,1,False,,,
2026-10-02T20:27:51.434989+00:00,nfl,prop_recyds,KXNFLRECYDS-26OCT04NEBUF-NEMHOLLINS13-45,Mack Hollins: 45+ receiving yards,volume spike x8.3,49,49,0,3,25,22,False,,,
2026-10-02T20:27:51.434989+00:00,nfl,prop_recyds,KXNFLRECYDS-26OCT04NEBUF-NEMHOLLINS13-50,Mack Hollins: 50+ receiving yards,price moved -8c,44,36,-8,15,15,0,False,,,
2026-10-02T20:27:51.434989+00:00,nfl,prop_recyds,KXNFLRECYDS-26OCT04NEBUF-NERSTEVENSON38-15,Rhamondre Stevenson: 15+ receiving yards,volume spike x5.6,54,56,2,62,350,288,False,,,
2026-10-02T20:27:51.434989+00:00,nfl,prop_recyds,KXNFLRECYDS-26OCT04NEBUF-NERSTEVENSON38-25,Rhamondre Stevenson: 25+ receiving yards,price moved -9c,39,30,-9,49,59,10,False,,,
2026-10-02T20:27:51.434989+00:00,nfl,prop_recyds,KXNFLRECYDS-26OCT04NYJCHI-CHILBURDEN10-40,Luther Burden III: 40+ receiving yards,volume spike x4.8,60,60,0,24,114,90,False,,,
2026-10-02T20:27:51.434989+00:00,nfl,prop_recyds,KXNFLRECYDS-26OCT04NYJCHI-CHILBURDEN10-70,Luther Burden III: 70+ receiving yards,volume spike x7.0,26,24,-2,10,70,60,False,,,
2026-10-02T20:27:51.434989+00:00,nfl,prop_recyds,KXNFLRECYDS-26OCT04NYJCHI-CHILBURDEN10-90,Luther Burden III: 90+ receiving yards,price moved +13c,0,13,13,0,72,72,False,,,
2026-10-02T20:27:51.434989+00:00,nfl,prop_recyds,KXNFLRECYDS-26OCT04NYJCHI-CHICKMET85-15,Cole Kmet: 15+ receiving yards,volume spike x40.9,34,39,5,10,409,399,False,,,
2026-10-02T20:27:51.434989+00:00,nfl,prop_recyds,KXNFLRECYDS-26OCT04NYJCHI-CHICLOVELAND84-25,Colston Loveland: 25+ receiving yards,price moved +65c,0,65,65,0,100,100,False,,,
2026-10-02T20:27:51.434989+00:00,nfl,prop_recyds,KXNFLRECYDS-26OCT04NYJCHI-CHIKRAYMOND14-40,Kalif Raymond: 40+ receiving yards,volume spike x9.0,38,39,1,615,5564,4949,False,,,
2026-10-02T20:27:51.434989+00:00,nfl,prop_recyds,KXNFLRECYDS-26OCT04NYJCHI-CHIKRAYMOND14-60,Kalif Raymond: 60+ receiving yards,price moved +19c,0,19,19,0,15,15,False,,,
2026-10-02T20:27:51.434989+00:00,nfl,prop_recyds,KXNFLRECYDS-26OCT04NYJCHI-CHIKRAYMOND14-80,Kalif Raymond: 80+ receiving yards,price moved +9c,0,9,9,0,11,11,False,,,
2026-10-02T20:27:51.434989+00:00,nfl,prop_recyds,KXNFLRECYDS-26OCT04NYJCHI-NYJGWILSON5-120,Garrett Wilson: 120+ receiving yards,price moved +17c,0,17,17,0,4,4,False,,,
2026-10-02T20:27:51.434989+00:00,nfl,prop_recyds,KXNFLRECYDS-26OCT04NYJCHI-NYJIWILLIAMS18-25,Isaiah Williams: 25+ receiving yards,volume spike x3.1,48,47,-1,1000,3088,2088,False,,,
2026-10-02T20:27:51.434989+00:00,nfl,prop_recyds,KXNFLRECYDS-26OCT04NYJCHI-NYJIDAVIS32-25,Isaiah Davis: 25+ receiving yards,volume spike x24.3,20,20,0,28,680,652,False,,,
2026-10-02T20:27:51.434989+00:00,nfl,prop_recyds,KXNFLRECYDS-26OCT04TENBAL-BALMANDREWS89-60,Mark Andrews: 60+ receiving yards,volume spike x3.2,16,21,5,40,130,90,False,,,
2026-10-02T20:27:51.434989+00:00,nfl,prop_recyds,KXNFLRECYDS-26OCT04TENBAL-BALRBATEMAN7-25,Rashod Bateman: 25+ receiving yards,volume spike x4.3,62,57,-5,250,1069,819,False,,,
2026-10-02T20:27:51.434989+00:00,nfl,prop_recyds,KXNFLRECYDS-26OCT04TENBAL-BALZFLOWERS4-100,Zay Flowers: 100+ receiving yards,volume spike x4.8,26,27,1,185,889,704,False,,,
2026-10-02T20:27:51.434989+00:00,nfl,prop_recyds,KXNFLRECYDS-26OCT04TENBAL-BALDHENRY22-25,Derrick Henry: 25+ receiving yards,price moved +17c,0,17,17,0,5,5,False,,,
2026-10-02T20:27:51.434989+00:00,nfl,prop_recyds,KXNFLRECYDS-26OCT04TENBAL-BALDHENRY22-40,Derrick Henry: 40+ receiving yards,price moved +10c,0,10,10,0,49,49,False,,,
2026-10-02T20:27:51.434989+00:00,nfl,prop_recyds,KXNFLRECYDS-26OCT04TENBAL-TENWROBINSON4-50,Wan'Dale Robinson: 50+ receiving yards,price moved +30c,0,30,30,0,0,0,False,,,
2026-10-02T20:27:51.434989+00:00,nfl,prop_recyds,KXNFLRECYDS-26OCT04TENBAL-TENCTATE14-40,Carnell Tate: 40+ receiving yards,price moved -7c,56,49,-7,374,420,46,False,,,
2026-10-02T20:27:51.434989+00:00,nfl,prop_recyds,KXNFLRECYDS-26OCT04MIAMIN-MINJADDISON3-40,Jordan Addison: 40+ receiving yards,volume spike x65.0,68,74,6,2,130,128,False,,,
2026-10-02T20:27:51.434989+00:00,nfl,prop_recyds,KXNFLRECYDS-26OCT04MIAMIN-MINJADDISON3-50,Jordan Addison: 50+ receiving yards,price moved +8c,57,65,8,82,713,631,False,,,
2026-10-02T20:27:51.434989+00:00,nfl,prop_recyds,KXNFLRECYDS-26OCT04MIAMIN-MINJADDISON3-50,Jordan Addison: 50+ receiving yards,volume spike x8.7,57,65,8,82,713,631,False,,,
2026-10-02T20:27:51.434989+00:00,nfl,prop_recyds,KXNFLRECYDS-26OCT04MIAMIN-MINJADDISON3-55,Jordan Addison: 55+ receiving yards,volume spike x68.1,51,54,3,37,2521,2484,False,,,
2026-10-02T20:27:51.434989+00:00,nfl,prop_recyds,KXNFLRECYDS-26OCT04MIAMIN-MINJADDISON3-60,Jordan Addison: 60+ receiving yards,price moved +55c,0,55,55,0,2855,2855,False,,,
2026-10-02T20:27:51.434989+00:00,nfl,prop_recyds,KXNFLRECYDS-26OCT04MIAMIN-MINJADDISON3-70,Jordan Addison: 70+ receiving yards,price moved +43c,0,43,43,0,173,173,False,,,
2026-10-02T20:27:51.434989+00:00,nfl,prop_recyds,KXNFLRECYDS-26OCT04MIAMIN-MINJADDISON3-80,Jordan Addison: 80+ receiving yards,price moved +35c,0,35,35,0,65,65,False,,,
2026-10-02T20:27:51.434989+00:00,nfl,prop_recyds,KXNFLRECYDS-26OCT04MIAMIN-MINJADDISON3-100,Jordan Addison: 100+ receiving yards,volume spike x3.5,17,21,4,48,169,121,False,,,
2026-10-02T20:27:51.434989+00:00,nfl,prop_recyds,KXNFLRECYDS-26OCT04MIAMIN-MINTHOCKENSON87-25,T.J. Hockenson: 25+ receiving yards,price moved +69c,0,69,69,0,99,99,False,,,
2026-10-02T20:27:51.434989+00:00,nfl,prop_recyds,KXNFLRECYDS-26OCT04MIAMIN-MINTHOCKENSON87-40,T.J. Hockenson: 40+ receiving yards,volume spike x92.1,45,47,2,21,1935,1914,False,,,
2026-10-02T20:27:51.434989+00:00,nfl,prop_recyds,KXNFLRECYDS-26OCT04DENSF-SFGKITTLE85-70,George Kittle: 70+ receiving yards,volume spike x4.8,45,43,-2,197,949,752,False,,,
2026-10-02T20:27:51.434989+00:00,nfl,prop_recyds,KXNFLRECYDS-26OCT04DENSF-SFGKITTLE85-100,George Kittle: 100+ receiving yards,price moved +18c,0,18,18,0,17,17,False,,,
2026-10-02T20:27:51.434989+00:00,nfl,prop_recyds,KXNFLRECYDS-26OCT04DENSF-DENJWADDLE17-50,Jaylen Waddle: 50+ receiving yards,price moved +59c,0,59,59,0,8,8,False,,,
2026-10-02T20:27:51.434989+00:00,nfl,prop_recyds,KXNFLRECYDS-26OCT04DENSF-DENJWADDLE17-55,Jaylen Waddle: 55+ receiving yards,volume spike x7.0,53,53,0,22,153,131,False,,,
2026-10-02T20:27:51.434989+00:00,nfl,prop_recyds,KXNFLRECYDS-26OCT04DENSF-DENJWADDLE17-80,Jaylen Waddle: 80+ receiving yards,price moved +29c,0,29,29,0,66,66,False,,,
2026-10-02T20:27:51.434989+00:00,nfl,prop_recyds,KXNFLRECYDS-26OCT04DENSF-DENEENGRAM1-15,Evan Engram: 15+ receiving yards,volume spike x12.3,59,57,-2,7,86,79,False,,,
2026-10-02T20:27:51.434989+00:00,nfl,prop_recyds,KXNFLRECYDS-26OCT04KCLV-LVBBOWERS89-70,Brock Bowers: 70+ receiving yards,volume spike x10.3,56,56,0,139,1435,1296,False,,,
2026-10-02T20:27:51.434989+00:00,nfl,prop_recyds,KXNFLRECYDS-26OCT04KCLV-LVJNAILOR9-50,Jalen Nailor: 50+ receiving yards,price moved +15c,0,15,15,0,58,58,False,,,
2026-10-02T20:27:51.434989+00:00,nfl,prop_recyds,KXNFLRECYDS-26OCT04KCLV-LVTTUCKER1-100,Tre Tucker: 100+ receiving yards,price moved +7c,0,7,7,0,13,13,False,,,
2026-10-02T20:27:51.434989+00:00,nfl,prop_recyds,KXNFLRECYDS-26OCT04LACSEA-LACTHARRIS9-40,Tre' Harris: 40+ receiving yards,price moved -18c,64,46,-18,1035,1167,132,False,,,
2026-10-02T20:27:51.434989+00:00,nfl,prop_recyds,KXNFLRECYDS-26OCT04LACSEA-SEATHORTON15-15,Tory Horton: 15+ receiving yards,price moved +42c,0,42,42,0,193,193,False,,,
2026-10-02T20:27:51.434989+00:00,nfl,prop_recyds,KXNFLRECYDS-26OCT04DETCAR-CARTMCMILLAN4-60,Tetairoa McMillan: 60+ receiving yards,volume spike x3.2,58,59,1,46,145,99,False,,,
2026-10-02T20:27:51.434989+00:00,nfl,prop_recyds,KXNFLRECYDS-26OCT04DETCAR-DETITESLAA18-50,Isaac TeSlaa: 50+ receiving yards,price moved +14c,0,14,14,0,62,62,False,,,
2026-10-02T20:27:51.434989+00:00,nfl,prop_recyds,KXNFLRECYDS-26OCT04DETCAR-DETJWILLIAMS1-90,Jameson Williams: 90+ receiving yards,volume spike x5.2,20,19,-1,60,309,249,False,,,
2026-10-02T20:27:51.434989+00:00,nfl,prop_recyds,KXNFLRECYDS-26OCT04DETCAR-CARTTREMBLE82-15,Tommy Tremble: 15+ receiving yards,volume spike x10.2,46,47,1,232,2377,2145,False,,,
2026-10-02T20:27:51.434989+00:00,nfl,prop_recyds,KXNFLRECYDS-26OCT04DETCAR-CARTTREMBLE82-25,Tommy Tremble: 25+ receiving yards,volume spike x15.0,20,25,5,2,30,28,False,,,
2026-10-02T20:27:51.434989+00:00,nfl,prop_recyds,KXNFLRECYDS-26OCT04DETCAR-CARTTREMBLE82-40,Tommy Tremble: 40+ receiving yards,price moved +11c,0,11,11,0,42,42,False,,,
2026-10-02T20:27:51.434989+00:00,nfl,prop_recyds,KXNFLRECYDS-26OCT05ATLNO-NONFANT87-40,Noah Fant: 40+ receiving yards,price moved +14c,0,14,14,0,1,1,False,,,
2026-10-02T20:27:51.434989+00:00,nfl,prop_recyds,KXNFLRECYDS-26OCT05ATLNO-NONFANT87-50,Noah Fant: 50+ receiving yards,price moved +7c,0,7,7,0,1,1,False,,,
2026-10-02T20:27:51.434989+00:00,nfl,prop_recyds,KXNFLRECYDS-26OCT05ATLNO-NOJJOHNSON83-50,Juwan Johnson: 50+ receiving yards,price moved +40c,0,40,40,0,119,119,False,,,
2026-10-02T20:27:51.434989+00:00,nfl,prop_recyds,KXNFLRECYDS-26OCT05ATLNO-NOCOLAVE12-100,Chris Olave: 100+ receiving yards,price moved +39c,0,39,39,0,168,168,False,,,
2026-10-02T20:27:51.434989+00:00,nfl,prop_recyds,KXNFLRECYDS-26OCT05ATLNO-ATLOZACCHEAUS14-15,Olamide Zaccheaus: 15+ receiving yards,volume spike x37.0,28,33,5,2,74,72,False,,,
2026-10-02T20:27:51.434989+00:00,nfl,prop_rec,KXNFLREC-26OCT04INDWAS-WASSDIGGS3-3,Stefon Diggs: 3+ receptions,volume spike x373.0,78,82,4,1,373,372,False,,,
2026-10-02T20:27:51.434989+00:00,nfl,prop_rec,KXNFLREC-26OCT04INDWAS-WASSDIGGS3-5,Stefon Diggs: 5+ receptions,volume spike x46.8,43,45,2,82,3840,3758,False,,,
2026-10-02T20:27:51.434989+00:00,nfl,prop_rec,KXNFLREC-26OCT04INDWAS-WASSDIGGS3-6,Stefon Diggs: 6+ receptions,price moved +35c,0,35,35,0,850,850,False,,,
2026-10-02T20:27:51.434989+00:00,nfl,prop_rec,KXNFLREC-26OCT04INDWAS-WASSDIGGS3-7,Stefon Diggs: 7+ receptions,price moved +18c,0,18,18,0,488,488,False,,,
2026-10-02T20:27:51.434989+00:00,nfl,prop_rec,KXNFLREC-26OCT04INDWAS-WASTMCLAURIN17-3,Terry McLaurin: 3+ receptions,price moved +82c,0,82,82,0,1,1,False,,,
2026-10-02T20:27:51.434989+00:00,nfl,prop_rec,KXNFLREC-26OCT04INDWAS-WASTMCLAURIN17-4,Terry McLaurin: 4+ receptions,price moved +58c,0,58,58,0,18,18,False,,,
2026-10-02T20:27:51.434989+00:00,nfl,prop_rec,KXNFLREC-26OCT04INDWAS-WASTMCLAURIN17-5,Terry McLaurin: 5+ receptions,volume spike x3.1,40,40,0,705,2166,1461,False,,,
2026-10-02T20:27:51.434989+00:00,nfl,prop_rec,KXNFLREC-26OCT04INDWAS-WASAWILLIAMS14-2,Antonio Williams: 2+ receptions,volume spike x3.4,55,50,-5,3034,10304,7270,False,,,
2026-10-02T20:27:51.434989+00:00,nfl,prop_rec,KXNFLREC-26OCT04INDWAS-WASAWILLIAMS14-4,Antonio Williams: 4+ receptions,volume spike x294.1,17,22,5,11,3235,3224,False,,,
2026-10-02T20:27:51.434989+00:00,nfl,prop_rec,KXNFLREC-26OCT04INDWAS-WASAWILLIAMS14-5,Antonio Williams: 5+ receptions,price moved +11c,0,11,11,0,212,212,False,,,
2026-10-02T20:27:51.434989+00:00,nfl,prop_rec,KXNFLREC-26OCT04INDWAS-INDKALLEN10-4,Keenan Allen: 4+ receptions,volume spike x3.1,57,56,-1,2081,6464,4383,False,,,
2026-10-02T20:27:51.434989+00:00,nfl,prop_rec,KXNFLREC-26OCT04INDWAS-INDJDOWNS2-6,Josh Downs: 6+ receptions,volume spike x9.9,43,44,1,200,1981,1781,False,,,
2026-10-02T20:27:51.434989+00:00,nfl,prop_rec,KXNFLREC-26OCT04INDWAS-INDTWARREN84-5,Tyler Warren: 5+ receptions,price moved +65c,0,65,65,0,1,1,False,,,
2026-10-02T20:27:51.434989+00:00,nfl,prop_rec,KXNFLREC-26OCT04INDWAS-INDDSLAYTON11-2,Darius Slayton: 2+ receptions,price moved +35c,0,35,35,0,209,209,False,,,
2026-10-02T20:27:51.434989+00:00,nfl,prop_rec,KXNFLREC-26OCT04INDWAS-INDDSLAYTON11-3,Darius Slayton: 3+ receptions,price moved +14c,0,14,14,0,150,150,False,,,
2026-10-02T20:27:51.434989+00:00,nfl,prop_rec,KXNFLREC-26OCT04INDWAS-INDDSLAYTON11-4,Darius Slayton: 4+ receptions,price moved +7c,0,7,7,0,157,157,False,,,
2026-10-02T20:27:51.434989+00:00,nfl,prop_rec,KXNFLREC-26OCT04INDWAS-INDLTREADWELL13-2,Laquon Treadwell: 2+ receptions,volume spike x4.8,36,38,2,20,96,76,False,,,
2026-10-02T20:27:51.434989+00:00,nfl,prop_rec,KXNFLREC-26OCT04INDWAS-INDLTREADWELL13-3,Laquon Treadwell: 3+ receptions,price moved +17c,0,17,17,0,55,55,False,,,
2026-10-02T20:27:51.434989+00:00,nfl,prop_rec,KXNFLREC-26OCT04ARINYG-NYGMNABERS1-5,Malik Nabers: 5+ receptions,volume spike x3.3,53,52,-1,381,1242,861,False,,,
2026-10-02T20:27:51.434989+00:00,nfl,prop_rec,KXNFLREC-26OCT04ARINYG-NYGCSKATTEBO44-3,Cam Skattebo: 3+ receptions,volume spike x32.6,50,50,0,37,1207,1170,False,,,
2026-10-02T20:27:51.434989+00:00,nfl,prop_rec,KXNFLREC-26OCT04ARINYG-NYGCSKATTEBO44-5,Cam Skattebo: 5+ receptions,price moved +17c,0,17,17,0,11,11,False,,,
2026-10-02T20:27:51.434989+00:00,nfl,prop_rec,KXNFLREC-26OCT04ARINYG-ARIJLOVE4-4,Jeremiyah Love: 4+ receptions,volume spike x5.6,38,39,1,16,89,73,False,,,
2026-10-02T20:27:51.434989+00:00,nfl,prop_rec,KXNFLREC-26OCT04ARINYG-ARIMWILSON14-6,Michael Wilson: 6+ receptions,volume spike x9.2,41,40,-1,200,1835,1635,False,,,
2026-10-02T20:27:51.434989+00:00,nfl,prop_rec,KXNFLREC-26OCT04DALHOU-HOUXHUTCHINSON19-4,Xavier Hutchinson: 4+ receptions,price moved +30c,0,30,30,0,0,0,False,,,
2026-10-02T20:27:51.434989+00:00,nfl,prop_rec,KXNFLREC-26OCT04DALHOU-HOUWMARKS4-4,Woody Marks: 4+ receptions,volume spike x408.6,13,13,0,5,2043,2038,False,,,
2026-10-02T20:27:51.434989+00:00,nfl,prop_rec,KXNFLREC-26OCT04DALHOU-HOUDMONTGOMERY32-3,David Montgomery: 3+ receptions,price moved +25c,0,25,25,0,0,0,False,,,
2026-10-02T20:27:51.434989+00:00,nfl,prop_rec,KXNFLREC-26OCT04DALHOU-HOUDSCHULTZ86-4,Dalton Schultz: 4+ receptions,price moved +63c,0,63,63,0,59,59,False,,,
2026-10-02T20:27:51.434989+00:00,nfl,prop_rec,KXNFLREC-26OCT04DALHOU-HOUDSCHULTZ86-6,Dalton Schultz: 6+ receptions,price moved +30c,0,30,30,0,0,0,False,,,
2026-10-02T20:27:51.434989+00:00,nfl,prop_rec,KXNFLREC-26OCT04DALHOU-DALJFERGUSON87-4,Jake Ferguson: 4+ receptions,price moved +44c,0,44,44,0,0,0,False,,,
2026-10-02T20:27:51.434989+00:00,nfl,prop_rec,KXNFLREC-26OCT04DALHOU-DALRFLOURNOY19-4,Ryan Flournoy: 4+ receptions,price moved +44c,0,44,44,0,0,0,False,,,
2026-10-02T20:27:51.434989+00:00,nfl,prop_rec,KXNFLREC-26OCT04DALHOU-DALCLAMB88-6,CeeDee Lamb: 6+ receptions,volume spike x4.6,54,55,1,154,702,548,False,,,
2026-10-02T20:27:51.434989+00:00,nfl,prop_rec,KXNFLREC-26OCT04DALHOU-DALCLAMB88-7,CeeDee Lamb: 7+ receptions,price moved +40c,0,40,40,0,12,12,False,,,
2026-10-02T20:27:51.434989+00:00,nfl,prop_rec,KXNFLREC-26OCT04DALHOU-DALJWILLIAMS33-4,Javonte Williams: 4+ receptions,price moved +31c,0,31,31,0,0,0,False,,,
2026-10-02T20:27:51.434989+00:00,nfl,prop_rec,KXNFLREC-26OCT04GBTB-TBCOTTON88-3,Cade Otton: 3+ receptions,volume spike x7.7,59,58,-1,268,2068,1800,False,,,
2026-10-02T20:27:51.434989+00:00,nfl,prop_rec,KXNFLREC-26OCT04GBTB-GBMLLOYD32-3,MarShawn Lloyd: 3+ receptions,price moved +16c,0,16,16,0,24,24,False,,,
2026-10-02T20:27:51.434989+00:00,nfl,prop_rec,KXNFLREC-26OCT04GBTB-GBCWATSON9-5,Christian Watson: 5+ receptions,price moved +55c,0,55,55,0,469,469,False,,,
2026-10-02T20:27:51.434989+00:00,nfl,prop_rec,KXNFLREC-26OCT04GBTB-GBCWATSON9-6,Christian Watson: 6+ receptions,price moved +40c,0,40,40,0,56,56,False,,,
2026-10-02T20:27:51.434989+00:00,nfl,prop_rec,KXNFLREC-26OCT04JACCIN-CINCBROWN30-2,Chase Brown: 2+ receptions,price moved +86c,0,86,86,0,11,11,False,,,
2026-10-02T20:27:51.434989+00:00,nfl,prop_rec,KXNFLREC-26OCT04JACCIN-CINJCHASE1-8,Ja'Marr Chase: 8+ receptions,volume spike x7.6,42,42,0,18,136,118,False,,,
2026-10-02T20:27:51.434989+00:00,nfl,prop_rec,KXNFLREC-26OCT04JACCIN-JACBTHOMAS7-3,Brian Thomas Jr.: 3+ receptions,volume spike x6.2,44,42,-2,178,1095,917,False,,,
2026-10-02T20:27:51.434989+00:00,nfl,prop_rec,KXNFLREC-26OCT04JACCIN-JACPWASHINGTON11-3,Parker Washington: 3+ receptions,price moved +90c,0,90,90,0,55,55,False,,,
2026-10-02T20:27:51.434989+00:00,nfl,prop_rec,KXNFLREC-26OCT04LARPHI-PHISBARKLEY26-4,Saquon Barkley: 4+ receptions,volume spike x4.1,16,22,6,200,820,620,False,,,
2026-10-02T20:27:51.434989+00:00,nfl,prop_rec,KXNFLREC-26OCT04LARPHI-PHISBARKLEY26-5,Saquon Barkley: 5+ receptions,price moved +11c,0,11,11,0,30,30,False,,,
2026-10-02T20:27:51.434989+00:00,nfl,prop_rec,KXNFLREC-26OCT04LARPHI-PHIDCOOPER80-2,Darius Cooper: 2+ receptions,volume spike x11.4,51,57,6,246,2809,2563,False,,,
2026-10-02T20:27:51.434989+00:00,nfl,prop_rec,KXNFLREC-26OCT04LARPHI-PHIDCOOPER80-3,Darius Cooper: 3+ receptions,price moved +7c,26,33,7,22,1829,1807,False,,,
2026-10-02T20:27:51.434989+00:00,nfl,prop_rec,KXNFLREC-26OCT04LARPHI-PHIDCOOPER80-3,Darius Cooper: 3+ receptions,volume spike x83.1,26,33,7,22,1829,1807,False,,,
2026-10-02T20:27:51.434989+00:00,nfl,prop_rec,KXNFLREC-26OCT04LARPHI-PHIDCOOPER80-4,Darius Cooper: 4+ receptions,volume spike x8.0,12,16,4,49,393,344,False,,,
2026-10-02T20:27:51.434989+00:00,nfl,prop_rec,KXNFLREC-26OCT04LARPHI-PHIDCOOPER80-5,Darius Cooper: 5+ receptions,volume spike x15.8,6,9,3,31,491,460,False,,,
2026-10-02T20:27:51.434989+00:00,nfl,prop_rec,KXNFLREC-26OCT04NEBUF-BUFTJOHNSON26-2,Ty Johnson: 2+ receptions,volume spike x187.1,52,52,0,9,1684,1675,False,,,
2026-10-02T20:27:51.434989+00:00,nfl,prop_rec,KXNFLREC-26OCT04NEBUF-BUFDKINCAID86-6,Dalton Kincaid: 6+ receptions,price moved +32c,0,32,32,0,0,0,False,,,
2026-10-02T20:27:51.434989+00:00,nfl,prop_rec,KXNFLREC-26OCT04NEBUF-BUFKSHAKIR10-5,Khalil Shakir: 5+ receptions,price moved +38c,0,38,38,0,1,1,False,,,
2026-10-02T20:27:51.434989+00:00,nfl,prop_rec,KXNFLREC-26OCT04NEBUF-NERDOUBS87-4,Romeo Doubs: 4+ receptions,price moved +42c,0,42,42,0,0,0,False,,,
2026-10-02T20:27:51.434989+00:00,nfl,prop_rec,KXNFLREC-26OCT04NEBUF-NEDDOUGLAS3-4,DeMario Douglas: 4+ receptions,price moved +31c,0,31,31,0,0,0,False,,,
2026-10-02T20:27:51.434989+00:00,nfl,prop_rec,KXNFLREC-26OCT04NEBUF-NEHHENRY85-5,Hunter Henry: 5+ receptions,price moved +29c,0,29,29,0,0,0,False,,,
2026-10-02T20:27:51.434989+00:00,nfl,prop_rec,KXNFLREC-26OCT04NEBUF-NERSTEVENSON38-4,Rhamondre Stevenson: 4+ receptions,price moved +31c,0,31,31,0,0,0,False,,,
2026-10-02T20:27:51.434989+00:00,nfl,prop_rec,KXNFLREC-26OCT04NYJCHI-CHILBURDEN10-6,Luther Burden III: 6+ receptions,price moved +30c,0,30,30,0,295,295,False,,,
2026-10-02T20:27:51.434989+00:00,nfl,prop_rec,KXNFLREC-26OCT04NYJCHI-CHILBURDEN10-7,Luther Burden III: 7+ receptions,volume spike x38.3,14,19,5,6,230,224,False,,,
2026-10-02T20:27:51.434989+00:00,nfl,prop_rec,KXNFLREC-26OCT04TENBAL-BALMANDREWS89-5,Mark Andrews: 5+ receptions,price moved +34c,0,34,34,0,0,0,False,,,
2026-10-02T20:27:51.434989+00:00,nfl,prop_rec,KXNFLREC-26OCT04TENBAL-BALRBATEMAN7-2,Rashod Bateman: 2+ receptions,price moved +70c,0,70,70,0,28,28,False,,,
2026-10-02T20:27:51.434989+00:00,nfl,prop_rec,KXNFLREC-26OCT04TENBAL-BALRBATEMAN7-3,Rashod Bateman: 3+ receptions,price moved -8c,52,44,-8,1318,5165,3847,False,,,
2026-10-02T20:27:51.434989+00:00,nfl,prop_rec,KXNFLREC-26OCT04TENBAL-BALRBATEMAN7-3,Rashod Bateman: 3+ receptions,volume spike x3.9,52,44,-8,1318,5165,3847,False,,,
2026-10-02T20:27:51.434989+00:00,nfl,prop_rec,KXNFLREC-26OCT04TENBAL-BALRBATEMAN7-4,Rashod Bateman: 4+ receptions,price moved +28c,0,28,28,0,77,77,False,,,
2026-10-02T20:27:51.434989+00:00,nfl,prop_rec,KXNFLREC-26OCT04TENBAL-TENEAYOMANOR5-3,Elic Ayomanor: 3+ receptions,price moved +32c,0,32,32,0,29,29,False,,,
2026-10-02T20:27:51.434989+00:00,nfl,prop_rec,KXNFLREC-26OCT04TENBAL-TENEAYOMANOR5-4,Elic Ayomanor: 4+ receptions,price moved +16c,0,16,16,0,59,59,False,,,
2026-10-02T20:27:51.434989+00:00,nfl,prop_rec,KXNFLREC-26OCT04TENBAL-TENEAYOMANOR5-5,Elic Ayomanor: 5+ receptions,price moved +9c,0,9,9,0,104,104,False,,,
2026-10-02T20:27:51.434989+00:00,nfl,prop_rec,KXNFLREC-26OCT04TENBAL-TENGHELM84-4,Gunnar Helm: 4+ receptions,price moved +32c,0,32,32,0,0,0,False,,,
2026-10-02T20:27:51.434989+00:00,nfl,prop_rec,KXNFLREC-26OCT04MIAMIN-MINAJONES33-5,Aaron Jones Sr.: 5+ receptions,price moved +23c,0,23,23,0,22,22,False,,,
2026-10-02T20:27:51.434989+00:00,nfl,prop_rec,KXNFLREC-26OCT04MIAMIN-MIAGDULCICH85-2,Greg Dulcich: 2+ receptions,price moved +80c,0,80,80,0,18,18,False,,,
2026-10-02T20:27:51.434989+00:00,nfl,prop_rec,KXNFLREC-26OCT04MIAMIN-MIAMWASHINGTON6-3,Malik Washington: 3+ receptions,price moved +77c,0,77,77,0,7,7,False,,,
2026-10-02T20:27:51.434989+00:00,nfl,prop_rec,KXNFLREC-26OCT04MIAMIN-MIAJWRIGHT5-2,Jaylen Wright: 2+ receptions,volume spike x10.2,31,33,2,14,143,129,False,,,
2026-10-02T20:27:51.434989+00:00,nfl,prop_rec,KXNFLREC-26OCT04MIAMIN-MINJADDISON3-4,Jordan Addison: 4+ receptions,price moved +66c,0,66,66,0,46,46,False,,,
2026-10-02T20:27:51.434989+00:00,nfl,prop_rec,KXNFLREC-26OCT04MIAMIN-MINJADDISON3-5,Jordan Addison: 5+ receptions,volume spike x152.5,42,48,6,8,1220,1212,False,,,
2026-10-02T20:27:51.434989+00:00,nfl,prop_rec,KXNFLREC-26OCT04MIAMIN-MINTHOCKENSON87-5,T.J. Hockenson: 5+ receptions,volume spike x5.7,45,45,0,3,17,14,False,,,
2026-10-02T20:27:51.434989+00:00,nfl,prop_rec,KXNFLREC-26OCT04MIAMIN-MIAKCOLEMAN21-2,Kevin Coleman Jr.: 2+ receptions,price moved +52c,0,52,52,0,3,3,False,,,
2026-10-02T20:27:51.434989+00:00,nfl,prop_rec,KXNFLREC-26OCT04DENSF-SFGKITTLE85-6,George Kittle: 6+ receptions,price moved +39c,0,39,39,0,24,24,False,,,
2026-10-02T20:27:51.434989+00:00,nfl,prop_rec,KXNFLREC-26OCT04DENSF-SFCMCCAFFREY23-7,Christian McCaffrey: 7+ receptions,volume spike x38.7,20,25,5,9,348,339,False,,,
2026-10-02T20:27:51.434989+00:00,nfl,prop_rec,KXNFLREC-26OCT04DENSF-DENRHARVEY12-3,RJ Harvey: 3+ receptions,price moved +67c,0,67,67,0,1,1,False,,,
2026-10-02T20:27:51.434989+00:00,nfl,prop_rec,KXNFLREC-26OCT04DENSF-DENRHARVEY12-5,RJ Harvey: 5+ receptions,price moved +31c,0,31,31,0,2000,2000,False,,,
2026-10-02T20:27:51.434989+00:00,nfl,prop_rec,KXNFLREC-26OCT04DENSF-DENJWADDLE17-4,Jaylen Waddle: 4+ receptions,price moved +66c,0,66,66,0,22,22,False,,,
2026-10-02T20:27:51.434989+00:00,nfl,prop_rec,KXNFLREC-26OCT04DENSF-DENJWADDLE17-5,Jaylen Waddle: 5+ receptions,price moved +46c,0,46,46,0,808,808,False,,,
2026-10-02T20:27:51.434989+00:00,nfl,prop_rec,KXNFLREC-26OCT04KCLV-LVBBOWERS89-5,Brock Bowers: 5+ receptions,price moved +79c,0,79,79,0,50,50,False,,,
2026-10-02T20:27:51.434989+00:00,nfl,prop_rec,KXNFLREC-26OCT04KCLV-LVAJEANTY2-6,Ashton Jeanty: 6+ receptions,price moved +15c,0,15,15,0,12,12,False,,,
2026-10-02T20:27:51.434989+00:00,nfl,prop_rec,KXNFLREC-26OCT04KCLV-KCTKELCE87-4,Travis Kelce: 4+ receptions,price moved +64c,0,64,64,0,26,26,False,,,
2026-10-02T20:27:51.434989+00:00,nfl,prop_rec,KXNFLREC-26OCT04KCLV-KCKWALKER9-2,Kenneth Walker III: 2+ receptions,price moved +79c,0,79,79,0,7,7,False,,,
2026-10-02T20:27:51.434989+00:00,nfl,prop_rec,KXNFLREC-26OCT04KCLV-KCKWALKER9-3,Kenneth Walker III: 3+ receptions,price moved +57c,0,57,57,0,6,6,False,,,
2026-10-02T20:27:51.434989+00:00,nfl,prop_rec,KXNFLREC-26OCT04LACSEA-SEARSHAHEED22-2,Rashid Shaheed: 2+ receptions,price moved +62c,0,62,62,0,81,81,False,,,
2026-10-02T20:27:51.434989+00:00,nfl,prop_rec,KXNFLREC-26OCT04LACSEA-SEAJSMITHNJIGBA11-9,Jaxon Smith-Njigba: 9+ receptions,price moved +30c,0,30,30,0,31,31,False,,,
2026-10-02T20:27:51.434989+00:00,nfl,prop_rec,KXNFLREC-26OCT04DETCAR-CARCHUBBARD30-3,Chuba Hubbard: 3+ receptions,price moved +57c,0,57,57,0,153,153,False,,,
2026-10-02T20:27:51.434989+00:00,nfl,prop_rec,KXNFLREC-26OCT04DETCAR-CARDWALLER88-7,Darren Waller: 7+ receptions,volume spike x52.1,8,8,0,23,1198,1175,False,,,
2026-10-02T20:27:51.434989+00:00,nfl,prop_rec,KXNFLREC-26OCT04DETCAR-DETSLAPORTA87-4,Sam LaPorta: 4+ receptions,price moved +64c,0,64,64,0,76,76,False,,,
2026-10-02T20:27:51.434989+00:00,nfl,prop_rec,KXNFLREC-26OCT04DETCAR-DETSLAPORTA87-5,Sam LaPorta: 5+ receptions,price moved +44c,0,44,44,0,3064,3064,False,,,
2026-10-02T20:27:51.434989+00:00,nfl,prop_rec,KXNFLREC-26OCT04DETCAR-DETASTBROWN14-7,Amon-Ra St. Brown: 7+ receptions,price moved +56c,0,56,56,0,17,17,False,,,
2026-10-02T20:27:51.434989+00:00,nfl,prop_longrec,KXNFLLONGREC-26OCT04INDWAS-INDTWARREN84-19,Tyler Warren: longest reception over 18.5 yards,price moved +8c,45,53,8,1,38,37,False,,,
2026-10-02T20:27:51.434989+00:00,nfl,prop_longrec,KXNFLLONGREC-26OCT04INDWAS-INDTWARREN84-19,Tyler Warren: longest reception over 18.5 yards,volume spike x38.0,45,53,8,1,38,37,False,,,
2026-10-02T20:27:51.434989+00:00,nfl,prop_longrec,KXNFLLONGREC-26OCT04DALHOU-DALGPICKENS3-25,George Pickens: longest reception over 24.5 yards,price moved +52c,0,52,52,0,18,18,False,,,
2026-10-02T20:27:51.434989+00:00,nfl,prop_longrec,KXNFLLONGREC-26OCT04GBTB-GBTKRAFT85-18,Tucker Kraft: longest reception over 17.5 yards,price moved +53c,0,53,53,0,71,71,False,,,
2026-10-02T20:27:51.434989+00:00,nfl,prop_longrec,KXNFLLONGREC-26OCT04NEBUF-BUFDKINCAID86-22,Dalton Kincaid: longest reception over 21.5 yards,price moved +53c,0,53,53,0,1,1,False,,,
2026-10-02T20:27:51.434989+00:00,nfl,prop_longrec,KXNFLLONGREC-26OCT04NEBUF-NERDOUBS87-20,Romeo Doubs: longest reception over 19.5 yards,price moved +53c,0,53,53,0,4104,4104,False,,,
2026-10-02T20:27:51.434989+00:00,nfl,prop_rryds,KXNFLRRYDS-26OCT04ARINYG-NYGCSKATTEBO44-140,Cam Skattebo: 140+ rushing and receiving yards combined,price moved +13c,0,13,13,0,200,200,False,,,
2026-10-02T20:27:51.434989+00:00,nfl,prop_rryds,KXNFLRRYDS-26OCT04JACCIN-CINSPERINE34-30,Samaje Perine: 30+ rushing and receiving yards combined,price moved +41c,0,41,41,0,1,1,False,,,
2026-10-02T20:27:51.434989+00:00,nfl,prop_rryds,KXNFLRRYDS-26OCT04LARPHI-LARKWILLIAMS23-130,Kyren Williams: 130+ rushing and receiving yards combined,volume spike x34.0,8,11,3,7,238,231,False,,,
2026-10-02T20:27:51.434989+00:00,nfl,prop_rryds,KXNFLRRYDS-26OCT04NEBUF-BUFJCOOK4-100,James Cook III: 100+ rushing and receiving yards combined,volume spike x3.2,51,50,-1,165,524,359,False,,,
2026-10-02T20:27:51.434989+00:00,nfl,prop_rryds,KXNFLRRYDS-26OCT04NYJCHI-CHIDSWIFT4-80,D'Andre Swift: 80+ rushing and receiving yards combined,price moved -22c,72,50,-22,8,26,18,False,,,
2026-10-02T20:27:51.434989+00:00,nfl,prop_rryds,KXNFLRRYDS-26OCT04NYJCHI-CHIDSWIFT4-80,D'Andre Swift: 80+ rushing and receiving yards combined,volume spike x3.2,72,50,-22,8,26,18,False,,,
2026-10-02T20:27:51.434989+00:00,nfl,prop_rryds,KXNFLRRYDS-26OCT04NYJCHI-NYJIDAVIS32-65,Isaiah Davis: 65+ rushing and receiving yards combined,price moved +21c,0,21,21,0,8,8,False,,,
2026-10-02T20:27:51.434989+00:00,nfl,prop_rryds,KXNFLRRYDS-26OCT04TENBAL-TENTPOLLARD20-110,Tony Pollard: 110+ rushing and receiving yards combined,volume spike x110.0,7,7,0,2,220,218,False,,,
2026-10-02T20:27:51.434989+00:00,nfl,prop_rryds,KXNFLRRYDS-26OCT04DENSF-SFCMCCAFFREY23-160,Christian McCaffrey: 160+ rushing and receiving yards combined,volume spike x36.5,20,21,1,4,146,142,False,,,
2026-10-02T20:27:51.434989+00:00,nfl,prop_rryds,KXNFLRRYDS-26OCT04DENSF-DENRHARVEY12-40,RJ Harvey: 40+ rushing and receiving yards combined,volume spike x39.0,54,55,1,1,39,38,False,,,
2026-10-02T20:27:51.434989+00:00,nfl,prop_rryds,KXNFLRRYDS-26OCT04KCLV-LVAJEANTY2-140,Ashton Jeanty: 140+ rushing and receiving yards combined,price moved +11c,0,11,11,0,231,231,False,,,
2026-10-02T20:27:51.434989+00:00,nfl,prop_rryds,KXNFLRRYDS-26OCT04DETCAR-DETJGIBBS0-165,Jahmyr Gibbs: 165+ rushing and receiving yards combined,price moved +32c,0,32,32,0,30,30,False,,,
2026-10-02T20:27:51.434989+00:00,nfl,prop_td,KXNFLTD-26OCT04INDWAS-WASTBURKS13-1,Treylon Burks: 1+ touchdowns,volume spike x7.3,7,9,2,6236,45324,39088,False,,,
2026-10-02T20:27:51.434989+00:00,nfl,prop_td,KXNFLTD-26OCT04INDWAS-WASJCROSKEYMERRITT22-2,Jacory Croskey-Merritt: 2+ touchdowns,volume spike x8.4,13,12,-1,113,950,837,False,,,
2026-10-02T20:27:51.434989+00:00,nfl,prop_td,KXNFLTD-26OCT04INDWAS-WASJLANE83-1,Jaylin Lane: 1+ touchdowns,volume spike x1062.2,5,7,2,6,6373,6367,False,,,
2026-10-02T20:27:51.434989+00:00,nfl,prop_td,KXNFLTD-26OCT04INDWAS-WASTMCLAURIN17-2,Terry McLaurin: 2+ touchdowns,volume spike x38.2,4,3,-1,5,191,186,False,,,
2026-10-02T20:27:51.434989+00:00,nfl,prop_td,KXNFLTD-26OCT04INDWAS-WASAWILLIAMS14-1,Antonio Williams: 1+ touchdowns,volume spike x3.2,14,14,0,661,2093,1432,False,,,
2026-10-02T20:27:51.434989+00:00,nfl,prop_td,KXNFLTD-26OCT04INDWAS-INDLTREADWELL13-1,Laquon Treadwell: 1+ touchdowns,volume spike x5.9,13,14,1,7,41,34,False,,,
2026-10-02T20:27:51.434989+00:00,nfl,prop_td,KXNFLTD-26OCT04INDWAS-WASJBATES87-1,John Bates: 1+ touchdowns,volume spike x25.3,8,10,2,108,2729,2621,False,,,
2026-10-02T20:27:51.434989+00:00,nfl,prop_td,KXNFLTD-26OCT04INDWAS-WASAEKELER30-1,Austin Ekeler: 1+ touchdowns,volume spike x14.1,11,10,-1,326,4606,4280,False,,,
2026-10-02T20:27:51.434989+00:00,nfl,prop_td,KXNFLTD-26OCT04INDWAS-WASAEKELER30-2,Austin Ekeler: 2+ touchdowns,volume spike x3.0,1,1,0,100,300,200,False,,,
2026-10-02T20:27:51.434989+00:00,nfl,prop_td,KXNFLTD-26OCT04ARINYG-NYGCSKATTEBO44-2,Cam Skattebo: 2+ touchdowns,volume spike x3.0,16,17,1,140,426,286,False,,,
2026-10-02T20:27:51.434989+00:00,nfl,prop_td,KXNFLTD-26OCT04DALHOU-DALJWILLIAMS33-1,Javonte Williams: 1+ touchdowns,volume spike x6.2,52,52,0,1949,12149,10200,False,,,
2026-10-02T20:27:51.434989+00:00,nfl,prop_td,KXNFLTD-26OCT04DALHOU-HOUKBOUTTE14-1,Kayshon Boutte: 1+ touchdowns,price moved +19c,0,19,19,0,10,10,False,,,
2026-10-02T20:27:51.434989+00:00,nfl,prop_td,KXNFLTD-26OCT04DALHOU-DALEDEMERCADO31-1,Emari Demercado: 1+ touchdowns,price moved +8c,0,8,8,0,1,1,False,,,
2026-10-02T20:27:51.434989+00:00,nfl,prop_td,KXNFLTD-26OCT04GBTB-GBCBROOKS30-1,Chris Brooks: 1+ touchdowns,volume spike x18.6,12,11,-1,98,1822,1724,False,,,
2026-10-02T20:27:51.434989+00:00,nfl,prop_td,KXNFLTD-26OCT04GBTB-GBJLOVE10-1,Jordan Love: 1+ touchdowns,volume spike x42.3,11,10,-1,221,9338,9117,False,,,
2026-10-02T20:27:51.434989+00:00,nfl,prop_td,KXNFLTD-26OCT04JACCIN-JACCRODRIGUEZ24-1,Chris Rodriguez Jr.: 1+ touchdowns,price moved +23c,0,23,23,0,1225,1225,False,,,
2026-10-02T20:27:51.434989+00:00,nfl,prop_td,KXNFLTD-26OCT04LARPHI-PHIJHURTS1-3,Jalen Hurts: 3+ touchdowns,volume spike x36.6,2,2,0,46,1684,1638,False,,,
2026-10-02T20:27:51.434989+00:00,nfl,prop_td,KXNFLTD-26OCT04NEBUF-BUFDKINCAID86-3,Dalton Kincaid: 3+ touchdowns,volume spike x3.1,2,1,-1,143,443,300,False,,,
2026-10-02T20:27:51.434989+00:00,nfl,prop_td,KXNFLTD-26OCT04NEBUF-BUFJHAWES85-1,Jackson Hawes: 1+ touchdowns,volume spike x9.3,8,8,0,183,1698,1515,False,,,
2026-10-02T20:27:51.434989+00:00,nfl,prop_td,KXNFLTD-26OCT04NEBUF-NEECHISM86-1,Efton Chism III: 1+ touchdowns,volume spike x14.0,7,5,-2,74,1036,962,False,,,
2026-10-02T20:27:51.434989+00:00,nfl,prop_td,KXNFLTD-26OCT04NEBUF-BUFJALLEN17-3,Josh Allen: 3+ touchdowns,volume spike x4.3,5,3,-2,6627,28477,21850,False,,,
2026-10-02T20:27:51.434989+00:00,nfl,prop_td,KXNFLTD-26OCT04NYJCHI-NYJGSMITH7-1,Geno Smith: 1+ touchdowns,price moved +10c,0,10,10,0,47,47,False,,,
2026-10-02T20:27:51.434989+00:00,nfl,prop_td,KXNFLTD-26OCT04NYJCHI-CHILBURDEN10-2,Luther Burden III: 2+ touchdowns,volume spike x28.9,5,4,-1,35,1013,978,False,,,
2026-10-02T20:27:51.434989+00:00,nfl,prop_td,KXNFLTD-26OCT04NYJCHI-CHIKMONANGAI25-2,Kyle Monangai: 2+ touchdowns,price moved -8c,14,6,-8,20384,35704,15320,False,,,
2026-10-02T20:27:51.434989+00:00,nfl,prop_td,KXNFLTD-26OCT04NYJCHI-CHIRODUNZE15-1,Rome Odunze: 1+ touchdowns,volume spike x3.4,21,22,1,141,481,340,False,,,
2026-10-02T20:27:51.434989+00:00,nfl,prop_td,KXNFLTD-26OCT04NYJCHI-CHIDSWIFT4-2,D'Andre Swift: 2+ touchdowns,price moved -9c,21,12,-9,33,3049,3016,False,,,
2026-10-02T20:27:51.434989+00:00,nfl,prop_td,KXNFLTD-26OCT04NYJCHI-CHIDSWIFT4-2,D'Andre Swift: 2+ touchdowns,volume spike x92.4,21,12,-9,33,3049,3016,False,,,
2026-10-02T20:27:51.434989+00:00,nfl,prop_td,KXNFLTD-26OCT04MIAMIN-MINAJONES33-2,Aaron Jones Sr.: 2+ touchdowns,volume spike x3.9,19,19,0,84,330,246,False,,,
2026-10-02T20:27:51.434989+00:00,nfl,prop_td,KXNFLTD-26OCT04MIAMIN-MINKMURRAY1-1,Kyler Murray: 1+ touchdowns,volume spike x3.0,21,21,0,804,2435,1631,False,,,
2026-10-02T20:27:51.434989+00:00,nfl,prop_td,KXNFLTD-26OCT04MIAMIN-MINJADDISON3-2,Jordan Addison: 2+ touchdowns,volume spike x7.7,10,9,-1,94,724,630,False,,,
2026-10-02T20:27:51.434989+00:00,nfl,prop_td,KXNFLTD-26OCT04MIAMIN-MINTFELTON13-1,Tai Felton: 1+ touchdowns,volume spike x3.4,11,11,0,3086,10481,7395,False,,,
2026-10-02T20:27:51.434989+00:00,nfl,prop_td,KXNFLTD-26OCT04MIAMIN-MINTFELTON13-2,Tai Felton: 2+ touchdowns,volume spike x15.0,1,2,1,347,5207,4860,False,,,
2026-10-02T20:27:51.434989+00:00,nfl,prop_td,KXNFLTD-26OCT04MIAMIN-MINJJENNINGS14-1,Jauan Jennings: 1+ touchdowns,volume spike x25.7,19,18,-1,327,8392,8065,False,,,
2026-10-02T20:27:51.434989+00:00,nfl,prop_td,KXNFLTD-26OCT04MIAMIN-MIAMWASHINGTON6-2,Malik Washington: 2+ touchdowns,volume spike x20.2,2,2,0,60,1211,1151,False,,,
2026-10-02T20:27:51.434989+00:00,nfl,prop_td,KXNFLTD-26OCT04DENSF-SFCMCCAFFREY23-2,Christian McCaffrey: 2+ touchdowns,volume spike x4.3,23,23,0,729,3122,2393,False,,,
2026-10-02T20:27:51.434989+00:00,nfl,prop_td,KXNFLTD-26OCT04DENSF-SFBCOOKS84-1,Brandin Cooks: 1+ touchdowns,price moved +12c,0,12,12,0,62,62,False,,,
2026-10-02T20:27:51.434989+00:00,nfl,prop_td,KXNFLTD-26OCT04KCLV-LVAJEANTY2-2,Ashton Jeanty: 2+ touchdowns,volume spike x3.3,17,15,-2,1346,4406,3060,False,,,
2026-10-02T20:27:51.434989+00:00,nfl,prop_td,KXNFLTD-26OCT04DETCAR-CARCHUBBARD30-2,Chuba Hubbard: 2+ touchdowns,volume spike x4.5,17,16,-1,46,209,163,False,,,
2026-10-02T20:27:51.434989+00:00,nfl,prop_td,KXNFLTD-26OCT04DETCAR-DETJGIBBS0-3,Jahmyr Gibbs: 3+ touchdowns,volume spike x3.8,13,12,-1,429,1619,1190,False,,,
2026-10-02T20:27:51.434989+00:00,nfl,prop_firsttd,KXNFLFIRSTTD-26OCT04ARINYG-NYGILIKELY9,Isaiah Likely: 1st Touchdown,volume spike x12.0,6,5,-1,105,1262,1157,False,,,
2026-10-02T20:27:51.434989+00:00,nfl,prop_firsttd,KXNFLFIRSTTD-26OCT04ARINYG-NYGMNABERS1,Malik Nabers: 1st Touchdown,price moved +7c,0,7,7,0,93,93,False,,,
2026-10-02T20:27:51.434989+00:00,nfl,prop_firsttd,KXNFLFIRSTTD-26OCT04ARINYG-ARIJLOVE4,Jeremiyah Love: 1st Touchdown,volume spike x8.0,18,16,-2,52,416,364,False,,,
2026-10-02T20:27:51.434989+00:00,nfl,prop_firsttd,KXNFLFIRSTTD-26OCT04DALHOU-HOUDSCHULTZ86,Dalton Schultz: 1st Touchdown,price moved +7c,0,7,7,0,40,40,False,,,
2026-10-02T20:27:51.434989+00:00,nfl,prop_firsttd,KXNFLFIRSTTD-26OCT04DALHOU-DALKTURPIN9,KaVontae Turpin: 1st Touchdown,volume spike x5.7,2,2,0,30,170,140,False,,,
2026-10-02T20:27:51.434989+00:00,nfl,prop_firsttd,KXNFLFIRSTTD-26OCT04GBTB-TBJDANIELS10,Jalon Daniels: 1st Touchdown,volume spike x3.8,6,5,-1,360,1373,1013,False,,,
2026-10-02T20:27:51.434989+00:00,nfl,prop_firsttd,KXNFLFIRSTTD-26OCT04GBTB-TBEEGBUKA2,Emeka Egbuka: 1st Touchdown,volume spike x4.9,7,7,0,11,54,43,False,,,
2026-10-02T20:27:51.434989+00:00,nfl,prop_firsttd,KXNFLFIRSTTD-26OCT04LARPHI-PHIJHURTS1,Jalen Hurts: 1st Touchdown,volume spike x12.9,10,10,0,42,543,501,False,,,
2026-10-02T20:27:51.434989+00:00,nfl,prop_firsttd,KXNFLFIRSTTD-26OCT04LARPHI-PHIWSHIPLEY28,Will Shipley: 1st Touchdown,volume spike x3.9,1,1,0,77,300,223,False,,,
2026-10-02T20:27:51.434989+00:00,nfl,prop_firsttd,KXNFLFIRSTTD-26OCT04NEBUF-BUFDKINCAID86,Dalton Kincaid: 1st Touchdown,volume spike x4.2,10,8,-2,280,1187,907,False,,,
2026-10-02T20:27:51.434989+00:00,nfl,prop_firsttd,KXNFLFIRSTTD-26OCT04NEBUF-BUFJPALMER5,Joshua Palmer: 1st Touchdown,volume spike x6.2,3,3,0,18,111,93,False,,,
2026-10-02T20:27:51.434989+00:00,nfl,prop_firsttd,KXNFLFIRSTTD-26OCT04NYJCHI-CHIKMONANGAI25,Kyle Monangai: 1st Touchdown,volume spike x4.5,18,13,-5,10036,45228,35192,False,,,
2026-10-02T20:27:51.434989+00:00,nfl,prop_firsttd,KXNFLFIRSTTD-26OCT04NYJCHI-CHIKRAYMOND14,Kalif Raymond: 1st Touchdown,volume spike x4.9,5,5,0,40,196,156,False,,,
2026-10-02T20:27:51.434989+00:00,nfl,prop_firsttd,KXNFLFIRSTTD-26OCT04NYJCHI-CHIDSWIFT4,D'Andre Swift: 1st Touchdown,volume spike x4.9,19,17,-2,364,1777,1413,False,,,
2026-10-02T20:27:51.434989+00:00,nfl,prop_firsttd,KXNFLFIRSTTD-26OCT04NYJCHI-CHIJWALKER9,Jahdae Walker: 1st Touchdown,volume spike x4.4,2,1,-1,30,133,103,False,,,
2026-10-02T20:27:51.434989+00:00,nfl,prop_firsttd,KXNFLFIRSTTD-26OCT04TENBAL-BALRBATEMAN7,Rashod Bateman: 1st Touchdown,price moved +7c,0,7,7,0,40,40,False,,,
2026-10-02T20:27:51.434989+00:00,nfl,prop_firsttd,KXNFLFIRSTTD-26OCT04TENBAL-TENCRIDLEY0,Calvin Ridley: 1st Touchdown,volume spike x3.2,1,1,0,93,300,207,False,,,
2026-10-02T20:27:51.434989+00:00,nfl,prop_firsttd,KXNFLFIRSTTD-26OCT04MIAMIN-MIANO-TD,No Touchdown: 1st Touchdown,volume spike x77.0,2,2,0,6,462,456,False,,,
2026-10-02T20:27:51.434989+00:00,nfl,prop_firsttd,KXNFLFIRSTTD-26OCT04MIAMIN-MIADHERMAN34,DJ Herman: 1st Touchdown,volume spike x3.4,1,1,0,40,134,94,False,,,
2026-10-02T20:27:51.434989+00:00,nfl,prop_firsttd,KXNFLFIRSTTD-26OCT04MIAMIN-MIAMWASHINGTON6,Malik Washington: 1st Touchdown,volume spike x511.0,4,5,1,1,511,510,False,,,
2026-10-02T20:27:51.434989+00:00,nfl,prop_firsttd,KXNFLFIRSTTD-26OCT04DENSF-SFSFDST,SF 49ers D/ST: 1st Touchdown,volume spike x40.2,5,3,-2,18,723,705,False,,,
2026-10-02T20:27:51.434989+00:00,nfl,prop_firsttd,KXNFLFIRSTTD-26OCT05ATLNO-NOJJOHNSON83,Juwan Johnson: 1st Touchdown,volume spike x3.3,8,8,0,11,36,25,False,,,
2026-10-02T20:27:51.434989+00:00,nfl,prop_ffpts,KXNFLFFPTS-26OCT04INDWAS-WASSDIGGS3-11P1,Stefon Diggs: Over 11.1 fantasy points,price moved +49c,0,49,49,0,51,51,False,,,
2026-10-02T20:27:51.434989+00:00,nfl,prop_ffpts,KXNFLFFPTS-26OCT04INDWAS-WASTMCLAURIN17-11P7,Terry McLaurin: Over 11.7 fantasy points,price moved +43c,0,43,43,0,1,1,False,,,
2026-10-02T20:27:51.434989+00:00,nfl,prop_ffpts,KXNFLFFPTS-26OCT04INDWAS-INDKALLEN10-8P6,Keenan Allen: Over 8.6 fantasy points,volume spike x8.1,56,55,-1,66,533,467,False,,,
2026-10-02T20:27:51.434989+00:00,nfl,prop_ffpts,KXNFLFFPTS-26OCT04ARINYG-NYGMNABERS1-13P9,Malik Nabers: Over 13.9 fantasy points,price moved +54c,0,54,54,0,8,8,False,,,
2026-10-02T20:27:51.434989+00:00,nfl,prop_ffpts,KXNFLFFPTS-26OCT04ARINYG-NYGCSKATTEBO44-15P4,Cam Skattebo: Over 15.4 fantasy points,volume spike x197.0,50,51,1,1,197,196,False,,,
2026-10-02T20:27:51.434989+00:00,nfl,prop_ffpts,KXNFLFFPTS-26OCT04LARPHI-PHISBARKLEY26-14P6,Saquon Barkley: Over 14.6 fantasy points,price moved +11c,49,60,11,36,279,243,False,,,
2026-10-02T20:27:51.434989+00:00,nfl,prop_ffpts,KXNFLFFPTS-26OCT04LARPHI-PHISBARKLEY26-14P6,Saquon Barkley: Over 14.6 fantasy points,volume spike x7.8,49,60,11,36,279,243,False,,,
2026-10-02T20:27:51.434989+00:00,nfl,prop_ffpts,KXNFLFFPTS-26OCT04LARPHI-LARDADAMS17-16,Davante Adams: Over 16 fantasy points,price moved +43c,0,43,43,0,2,2,False,,,
2026-10-02T20:27:51.434989+00:00,nfl,prop_ffpts,KXNFLFFPTS-26OCT04LARPHI-LARLARDST-7P6,LA Rams D/ST: Over 7.6 fantasy points,price moved +53c,0,53,53,0,91,91,False,,,
2026-10-02T20:27:51.434989+00:00,nfl,prop_ffpts,KXNFLFFPTS-26OCT04NYJCHI-CHICLOVELAND84-10P3,Colston Loveland: Over 10.3 fantasy points,price moved +40c,0,40,40,0,70,70,False,,,
2026-10-02T20:27:51.434989+00:00,nfl,prop_ffpts,KXNFLFFPTS-26OCT04NYJCHI-NYJGSMITH7-15,Geno Smith: Over 15 fantasy points,price moved +48c,0,48,48,0,10,10,False,,,
2026-10-02T20:27:51.434989+00:00,nfl,prop_ffpts,KXNFLFFPTS-26OCT04MIAMIN-MINJADDISON3-10P8,Jordan Addison: Over 10.8 fantasy points,volume spike x79.4,54,58,4,9,715,706,False,,,
2026-10-02T20:27:51.434989+00:00,nfl,prop_ffpts,KXNFLFFPTS-26OCT04MIAMIN-MINJJENNINGS14-9P1,Jauan Jennings: Over 9.1 fantasy points,price moved +18c,19,37,18,500,623,123,False,,,
2026-10-02T20:27:51.434989+00:00,nfl,prop_ffpts,KXNFLFFPTS-26OCT04MIAMIN-MIAOGORDON0-8,Ollie Gordon II: Over 8 fantasy points,price moved +50c,0,50,50,0,8,8,False,,,
2026-10-02T20:27:51.434989+00:00,nfl,prop_ffpts,KXNFLFFPTS-26OCT04KCLV-KCTKELCE87-11P8,Travis Kelce: Over 11.8 fantasy points,price moved +9c,42,51,9,16,26,10,False,,,
2026-10-02T20:27:51.434989+00:00,nfl,prop_ffpts,KXNFLFFPTS-26OCT04DETCAR-CARDWALLER88-9P4,Darren Waller: Over 9.4 fantasy points,price moved +37c,0,37,37,0,3,3,False,,,
2026-10-03T00:34:37.381045+00:00,nfl,prop_passyds,KXNFLPASSYDS-26OCT04INDWAS-WASMMARIOTA8-150,Marcus Mariota: 150+ passing yards,price moved +11c,72,83,11,56,448,392,False,,,
2026-10-03T00:34:37.381045+00:00,nfl,prop_passyds,KXNFLPASSYDS-26OCT04INDWAS-WASMMARIOTA8-150,Marcus Mariota: 150+ passing yards,volume spike x8.0,72,83,11,56,448,392,False,,,
2026-10-03T00:34:37.381045+00:00,nfl,prop_passyds,KXNFLPASSYDS-26OCT04INDWAS-WASMMARIOTA8-175,Marcus Mariota: 175+ passing yards,price moved +71c,0,71,71,0,824,824,False,,,
2026-10-03T00:34:37.381045+00:00,nfl,prop_passyds,KXNFLPASSYDS-26OCT04INDWAS-INDDJONES17-150,Daniel Jones: 150+ passing yards,volume spike x4.2,89,89,0,13,55,42,False,,,
2026-10-03T00:34:37.381045+00:00,nfl,prop_passyds,KXNFLPASSYDS-26OCT04INDWAS-INDDJONES17-175,Daniel Jones: 175+ passing yards,volume spike x56.6,79,79,0,27,1527,1500,False,,,
2026-10-03T00:34:37.381045+00:00,nfl,prop_passyds,KXNFLPASSYDS-26OCT04ARINYG-NYGJWINSTON19-125,Jameis Winston: 125+ passing yards,volume spike x31.4,87,90,3,55,1727,1672,False,,,
2026-10-03T00:34:37.381045+00:00,nfl,prop_passyds,KXNFLPASSYDS-26OCT04DALHOU-HOUCSTROUD7-225,C.J. Stroud: 225+ passing yards,volume spike x27.5,63,63,0,116,3193,3077,False,,,
2026-10-03T00:34:37.381045+00:00,nfl,prop_passyds,KXNFLPASSYDS-26OCT04DALHOU-DALDPRESCOTT4-300,Dak Prescott: 300+ passing yards,volume spike x42.3,33,32,-1,29,1226,1197,False,,,
2026-10-03T00:34:37.381045+00:00,nfl,prop_passyds,KXNFLPASSYDS-26OCT04DALHOU-DALDPRESCOTT4-325,Dak Prescott: 325+ passing yards,price moved +18c,0,18,18,0,27,27,False,,,
2026-10-03T00:34:37.381045+00:00,nfl,prop_passyds,KXNFLPASSYDS-26OCT04GBTB-GBJLOVE10-375,Jordan Love: 375+ passing yards,price moved +7c,0,7,7,0,6,6,False,,,
2026-10-03T00:34:37.381045+00:00,nfl,prop_passyds,KXNFLPASSYDS-26OCT04JACCIN-CINJBURROW9-200,Joe Burrow: 200+ passing yards,volume spike x6.7,85,85,0,288,1936,1648,False,,,
2026-10-03T00:34:37.381045+00:00,nfl,prop_passyds,KXNFLPASSYDS-26OCT04JACCIN-CINJBURROW9-225,Joe Burrow: 225+ passing yards,volume spike x8.7,74,74,0,13,113,100,False,,,
2026-10-03T00:34:37.381045+00:00,nfl,prop_passyds,KXNFLPASSYDS-26OCT04LARPHI-LARMSTAFFORD9-225,Matthew Stafford: 225+ passing yards,volume spike x8.5,67,70,3,480,4075,3595,False,,,
2026-10-03T00:34:37.381045+00:00,nfl,prop_passyds,KXNFLPASSYDS-26OCT04NEBUF-BUFJALLEN17-275,Josh Allen: 275+ passing yards,price moved +12c,20,32,12,186,199,13,False,,,
2026-10-03T00:34:37.381045+00:00,nfl,prop_passyds,KXNFLPASSYDS-26OCT04NYJCHI-CHITBAGENT17-225,Tyson Bagent: 225+ passing yards,volume spike x39.4,34,37,3,27,1065,1038,False,,,
2026-10-03T00:34:37.381045+00:00,nfl,prop_passyds,KXNFLPASSYDS-26OCT04TENBAL-BALLJACKSON8-300,Lamar Jackson: 300+ passing yards,price moved +12c,0,12,12,0,5,5,False,,,
2026-10-03T00:34:37.381045+00:00,nfl,prop_passyds,KXNFLPASSYDS-26OCT04TENBAL-TENCWARD1-125,Cam Ward: 125+ passing yards,volume spike x51.0,83,81,-2,1,51,50,False,,,
2026-10-03T00:34:37.381045+00:00,nfl,prop_passyds,KXNFLPASSYDS-26OCT04TENBAL-TENCWARD1-150,Cam Ward: 150+ passing yards,price moved +71c,0,71,71,0,430,430,False,,,
2026-10-03T00:34:37.381045+00:00,nfl,prop_passyds,KXNFLPASSYDS-26OCT04TENBAL-TENCWARD1-225,Cam Ward: 225+ passing yards,price moved +26c,0,26,26,0,1,1,False,,,
2026-10-03T00:34:37.381045+00:00,nfl,prop_passyds,KXNFLPASSYDS-26OCT04TENBAL-TENCWARD1-250,Cam Ward: 250+ passing yards,price moved +16c,0,16,16,0,2,2,False,,,
2026-10-03T00:34:37.381045+00:00,nfl,prop_passyds,KXNFLPASSYDS-26OCT04MIAMIN-MINKMURRAY1-225,Kyler Murray: 225+ passing yards,volume spike x3.5,41,40,-1,24,84,60,False,,,
2026-10-03T00:34:37.381045+00:00,nfl,prop_passyds,KXNFLPASSYDS-26OCT04MIAMIN-MINKMURRAY1-300,Kyler Murray: 300+ passing yards,volume spike x3.8,9,9,0,30,113,83,False,,,
2026-10-03T00:34:37.381045+00:00,nfl,prop_passyds,KXNFLPASSYDS-26OCT04MIAMIN-MIAMWILLIS2-100,Malik Willis: 100+ passing yards,volume spike x22.0,87,87,0,1,22,21,False,,,
2026-10-03T00:34:37.381045+00:00,nfl,prop_passyds,KXNFLPASSYDS-26OCT04DENSF-SFBPURDY13-175,Brock Purdy: 175+ passing yards,volume spike x5.0,81,81,0,6,30,24,False,,,
2026-10-03T00:34:37.381045+00:00,nfl,prop_passyds,KXNFLPASSYDS-26OCT04KCLV-KCPMAHOMES15-225,Patrick Mahomes: 225+ passing yards,volume spike x6.1,59,59,0,325,1989,1664,False,,,
2026-10-03T00:34:37.381045+00:00,nfl,prop_passyds,KXNFLPASSYDS-26OCT04LACSEA-SEASDARNOLD14-250,Sam Darnold: 250+ passing yards,volume spike x6.8,41,42,1,5,34,29,False,,,
2026-10-03T00:34:37.381045+00:00,nfl,prop_passyds,KXNFLPASSYDS-26OCT05ATLNO-NOTSHOUGH6-250,Tyler Shough: 250+ passing yards,volume spike x8.8,56,55,-1,234,2064,1830,False,,,
2026-10-03T00:34:37.381045+00:00,nfl,prop_passyds,KXNFLPASSYDS-26OCT05ATLNO-NOTSHOUGH6-300,Tyler Shough: 300+ passing yards,price moved +28c,0,28,28,0,17,17,False,,,
2026-10-03T00:34:37.381045+00:00,nfl,prop_passtds,KXNFLPASSTDS-26OCT04ARINYG-ARIJBRISSETT7-3,Jacoby Brissett: 3+ passing touchdowns,price moved +18c,0,18,18,0,6,6,False,,,
2026-10-03T00:34:37.381045+00:00,nfl,prop_passtds,KXNFLPASSTDS-26OCT04ARINYG-ARIJBRISSETT7-4,Jacoby Brissett: 4+ passing touchdowns,price moved +7c,0,7,7,0,13,13,False,,,
2026-10-03T00:34:37.381045+00:00,nfl,prop_passtds,KXNFLPASSTDS-26OCT04NEBUF-NEDMAYE10-2,Drake Maye: 2+ passing touchdowns,volume spike x3.8,42,42,0,320,1214,894,False,,,
2026-10-03T00:34:37.381045+00:00,nfl,prop_passtds,KXNFLPASSTDS-26OCT04NYJCHI-CHITBAGENT17-3,Tyson Bagent: 3+ passing touchdowns,price moved +13c,0,13,13,0,2,2,False,,,
2026-10-03T00:34:37.381045+00:00,nfl,prop_passtds,KXNFLPASSTDS-26OCT04NYJCHI-NYJGSMITH7-4,Geno Smith: 4+ passing touchdowns,volume spike x3.4,5,4,-1,10,34,24,False,,,
2026-10-03T00:34:37.381045+00:00,nfl,prop_passtds,KXNFLPASSTDS-26OCT04TENBAL-BALLJACKSON8-1,Lamar Jackson: 1+ passing touchdowns,volume spike x13.0,86,84,-2,2,26,24,False,,,
2026-10-03T00:34:37.381045+00:00,nfl,prop_passtds,KXNFLPASSTDS-26OCT04MIAMIN-MINKMURRAY1-3,Kyler Murray: 3+ passing touchdowns,price moved +19c,0,19,19,0,4,4,False,,,
2026-10-03T00:34:37.381045+00:00,nfl,prop_passtds,KXNFLPASSTDS-26OCT04MIAMIN-MINKMURRAY1-4,Kyler Murray: 4+ passing touchdowns,price moved +7c,0,7,7,0,13,13,False,,,
2026-10-03T00:34:37.381045+00:00,nfl,prop_passint,KXNFLPASSINT-26OCT04INDWAS-INDDJONES17-1,Daniel Jones: 1+ passing interceptions,volume spike x22.8,46,46,0,96,2191,2095,False,,,
2026-10-03T00:34:37.381045+00:00,nfl,prop_passint,KXNFLPASSINT-26OCT04DALHOU-DALDPRESCOTT4-1,Dak Prescott: 1+ passing interceptions,volume spike x6.5,51,52,1,23,150,127,False,,,
2026-10-03T00:34:37.381045+00:00,nfl,prop_passint,KXNFLPASSINT-26OCT04JACCIN-CINJBURROW9-1,Joe Burrow: 1+ passing interceptions,volume spike x3.7,49,49,0,94,348,254,False,,,
2026-10-03T00:34:37.381045+00:00,nfl,prop_passint,KXNFLPASSINT-26OCT04JACCIN-JACTLAWRENCE16-2,Trevor Lawrence: 2+ passing interceptions,price moved +21c,0,21,21,0,2,2,False,,,
2026-10-03T00:34:37.381045+00:00,nfl,prop_passint,KXNFLPASSINT-26OCT04LARPHI-PHIJHURTS1-2,Jalen Hurts: 2+ passing interceptions,price moved +13c,0,13,13,0,1,1,False,,,
2026-10-03T00:34:37.381045+00:00,nfl,prop_passint,KXNFLPASSINT-26OCT04LARPHI-LARMSTAFFORD9-2,Matthew Stafford: 2+ passing interceptions,price moved +14c,0,14,14,0,2,2,False,,,
2026-10-03T00:34:37.381045+00:00,nfl,prop_passint,KXNFLPASSINT-26OCT04TENBAL-BALLJACKSON8-2,Lamar Jackson: 2+ passing interceptions,price moved +11c,0,11,11,0,1,1,False,,,
2026-10-03T00:34:37.381045+00:00,nfl,prop_passcomp,KXNFLPASSCOMP-26OCT04INDWAS-WASMMARIOTA8-15,Marcus Mariota: 15+ passing completions,volume spike x6.0,78,81,3,4,24,20,False,,,
2026-10-03T00:34:37.381045+00:00,nfl,prop_passcomp,KXNFLPASSCOMP-26OCT04INDWAS-INDDJONES17-17,Daniel Jones: 17+ passing completions,price moved +78c,0,78,78,0,13,13,False,,,
2026-10-03T00:34:37.381045+00:00,nfl,prop_passcomp,KXNFLPASSCOMP-26OCT04DALHOU-HOUCSTROUD7-17,C.J. Stroud: 17+ passing completions,price moved +83c,0,83,83,0,1,1,False,,,
2026-10-03T00:34:37.381045+00:00,nfl,prop_passcomp,KXNFLPASSCOMP-26OCT04GBTB-TBJDANIELS10-12,Jalon Daniels: 12+ passing completions,price moved +88c,0,88,88,0,39,39,False,,,
2026-10-03T00:34:37.381045+00:00,nfl,prop_passcomp,KXNFLPASSCOMP-26OCT04GBTB-GBJLOVE10-16,Jordan Love: 16+ passing completions,price moved +85c,0,85,85,0,2,2,False,,,
2026-10-03T00:34:37.381045+00:00,nfl,prop_passcomp,KXNFLPASSCOMP-26OCT04GBTB-GBJLOVE10-21,Jordan Love: 21+ passing completions,price moved +52c,0,52,52,0,9,9,False,,,
2026-10-03T00:34:37.381045+00:00,nfl,prop_passcomp,KXNFLPASSCOMP-26OCT04JACCIN-CINJBURROW9-20,Joe Burrow: 20+ passing completions,price moved +83c,0,83,83,0,1,1,False,,,
2026-10-03T00:34:37.381045+00:00,nfl,prop_passcomp,KXNFLPASSCOMP-26OCT04NYJCHI-CHITBAGENT17-25,Tyson Bagent: 25+ passing completions,price moved +16c,0,16,16,0,50,50,False,,,
2026-10-03T00:34:37.381045+00:00,nfl,prop_passcomp,KXNFLPASSCOMP-26OCT04TENBAL-BALLJACKSON8-14,Lamar Jackson: 14+ passing completions,price moved +85c,0,85,85,0,29,29,False,,,
2026-10-03T00:34:37.381045+00:00,nfl,prop_passcomp,KXNFLPASSCOMP-26OCT04DENSF-DENBNIX10-17,Bo Nix: 17+ passing completions,price moved +84c,0,84,84,0,2,2,False,,,
2026-10-03T00:34:37.381045+00:00,nfl,prop_passcomp,KXNFLPASSCOMP-26OCT04KCLV-LVKCOUSINS8-17,Kirk Cousins: 17+ passing completions,price moved +83c,0,83,83,0,26,26,False,,,
2026-10-03T00:34:37.381045+00:00,nfl,prop_passcomp,KXNFLPASSCOMP-26OCT04KCLV-KCPMAHOMES15-16,Patrick Mahomes: 16+ passing completions,price moved +86c,0,86,86,0,4,4,False,,,
2026-10-03T00:34:37.381045+00:00,nfl,prop_passatt,KXNFLPASSATT-26OCT04JACCIN-JACTLAWRENCE16-35,Trevor Lawrence: 35+ passing attempts,price moved +47c,0,47,47,0,909,909,False,,,
2026-10-03T00:34:37.381045+00:00,nfl,prop_passatt,KXNFLPASSATT-26OCT04LARPHI-LARMSTAFFORD9-30,Matthew Stafford: 30+ passing attempts,price moved +72c,0,72,72,0,2,2,False,,,
2026-10-03T00:34:37.381045+00:00,nfl,prop_passatt,KXNFLPASSATT-26OCT04TENBAL-TENCWARD1-34,Cam Ward: 34+ passing attempts,volume spike x3.6,46,46,0,175,625,450,False,,,
2026-10-03T00:34:37.381045+00:00,nfl,prop_passatt,KXNFLPASSATT-26OCT04TENBAL-BALLJACKSON8-28,Lamar Jackson: 28+ passing attempts,volume spike x3.6,43,43,0,483,1718,1235,False,,,
2026-10-03T00:34:37.381045+00:00,nfl,prop_rshyds,KXNFLRSHYDS-26OCT04INDWAS-WASJCROSKEYMERRITT22-120,Jacory Croskey-Merritt: 120+ rushing yards,price moved +9c,0,9,9,0,121,121,False,,,
2026-10-03T00:34:37.381045+00:00,nfl,prop_rshyds,KXNFLRSHYDS-26OCT04INDWAS-WASMMARIOTA8-25,Marcus Mariota: 25+ rushing yards,price moved -8c,58,50,-8,4207,4228,21,False,,,
2026-10-03T00:34:37.381045+00:00,nfl,prop_rshyds,KXNFLRSHYDS-26OCT04INDWAS-INDDJONES17-15,Daniel Jones: 15+ rushing yards,volume spike x9.9,39,42,3,45,445,400,False,,,
2026-10-03T00:34:37.381045+00:00,nfl,prop_rshyds,KXNFLRSHYDS-26OCT04INDWAS-INDDJONES17-25,Daniel Jones: 25+ rushing yards,volume spike x4.1,18,22,4,14,57,43,False,,,
2026-10-03T00:34:37.381045+00:00,nfl,prop_rshyds,KXNFLRSHYDS-26OCT04INDWAS-INDSMCGOWAN20-25,Seth McGowan: 25+ rushing yards,price moved +9c,0,9,9,0,1,1,False,,,
2026-10-03T00:34:37.381045+00:00,nfl,prop_rshyds,KXNFLRSHYDS-26OCT04ARINYG-ARIJLOVE4-40,Jeremiyah Love: 40+ rushing yards,price moved +81c,0,81,81,0,1,1,False,,,
2026-10-03T00:34:37.381045+00:00,nfl,prop_rshyds,KXNFLRSHYDS-26OCT04ARINYG-NYGJWINSTON19-20,Jameis Winston: 20+ rushing yards,volume spike x3.1,14,13,-1,49,151,102,False,,,
2026-10-03T00:34:37.381045+00:00,nfl,prop_rshyds,KXNFLRSHYDS-26OCT04ARINYG-NYGJWINSTON19-25,Jameis Winston: 25+ rushing yards,price moved +10c,0,10,10,0,20,20,False,,,
2026-10-03T00:34:37.381045+00:00,nfl,prop_rshyds,KXNFLRSHYDS-26OCT04ARINYG-ARITALLGEIER22-20,Tyler Allgeier: 20+ rushing yards,volume spike x351.0,50,49,-1,4,1404,1400,False,,,
2026-10-03T00:34:37.381045+00:00,nfl,prop_rshyds,KXNFLRSHYDS-26OCT04ARINYG-ARITALLGEIER22-25,Tyler Allgeier: 25+ rushing yards,volume spike x2385.0,40,39,-1,1,2385,2384,False,,,
2026-10-03T00:34:37.381045+00:00,nfl,prop_rshyds,KXNFLRSHYDS-26OCT04ARINYG-ARITALLGEIER22-30,Tyler Allgeier: 30+ rushing yards,price moved +32c,0,32,32,0,2473,2473,False,,,
2026-10-03T00:34:37.381045+00:00,nfl,prop_rshyds,KXNFLRSHYDS-26OCT04DALHOU-HOUDMONTGOMERY32-30,David Montgomery: 30+ rushing yards,volume spike x134.2,79,73,-6,4,537,533,False,,,
2026-10-03T00:34:37.381045+00:00,nfl,prop_rshyds,KXNFLRSHYDS-26OCT04DALHOU-HOUDMONTGOMERY32-60,David Montgomery: 60+ rushing yards,volume spike x4.8,30,32,2,160,765,605,False,,,
2026-10-03T00:34:37.381045+00:00,nfl,prop_rshyds,KXNFLRSHYDS-26OCT04DALHOU-HOUDMONTGOMERY32-120,David Montgomery: 120+ rushing yards,volume spike x5.7,5,4,-1,30,170,140,False,,,
2026-10-03T00:34:37.381045+00:00,nfl,prop_rshyds,KXNFLRSHYDS-26OCT04DALHOU-DALDPRESCOTT4-25,Dak Prescott: 25+ rushing yards,volume spike x8.5,16,17,1,77,657,580,False,,,
2026-10-03T00:34:37.381045+00:00,nfl,prop_rshyds,KXNFLRSHYDS-26OCT04GBTB-TBJDANIELS10-25,Jalon Daniels: 25+ rushing yards,price moved +68c,0,68,68,0,6,6,False,,,
2026-10-03T00:34:37.381045+00:00,nfl,prop_rshyds,KXNFLRSHYDS-26OCT04GBTB-GBKJOHNSON26-25,Kaleb Johnson: 25+ rushing yards,volume spike x7.1,61,63,2,19,134,115,False,,,
2026-10-03T00:34:37.381045+00:00,nfl,prop_rshyds,KXNFLRSHYDS-26OCT04GBTB-GBMLLOYD32-20,MarShawn Lloyd: 20+ rushing yards,price moved +54c,0,54,54,0,21,21,False,,,
2026-10-03T00:34:37.381045+00:00,nfl,prop_rshyds,KXNFLRSHYDS-26OCT04GBTB-TBKGAINWELL1-15,Kenny Gainwell: 15+ rushing yards,volume spike x15.5,52,52,0,6,93,87,False,,,
2026-10-03T00:34:37.381045+00:00,nfl,prop_rshyds,KXNFLRSHYDS-26OCT04GBTB-TBKGAINWELL1-20,Kenny Gainwell: 20+ rushing yards,volume spike x19.0,38,34,-4,3,57,54,False,,,
2026-10-03T00:34:37.381045+00:00,nfl,prop_rshyds,KXNFLRSHYDS-26OCT04GBTB-TBKGAINWELL1-25,Kenny Gainwell: 25+ rushing yards,volume spike x3.8,27,23,-4,13,49,36,False,,,
2026-10-03T00:34:37.381045+00:00,nfl,prop_rshyds,KXNFLRSHYDS-26OCT04GBTB-TBKGAINWELL1-30,Kenny Gainwell: 30+ rushing yards,price moved +14c,0,14,14,0,50,50,False,,,
2026-10-03T00:34:37.381045+00:00,nfl,prop_rshyds,KXNFLRSHYDS-26OCT04GBTB-TBKGAINWELL1-40,Kenny Gainwell: 40+ rushing yards,price moved +8c,0,8,8,0,4,4,False,,,
2026-10-03T00:34:37.381045+00:00,nfl,prop_rshyds,KXNFLRSHYDS-26OCT04JACCIN-CINCBROWN30-60,Chase Brown: 60+ rushing yards,volume spike x3.8,51,49,-2,823,3088,2265,False,,,
2026-10-03T00:34:37.381045+00:00,nfl,prop_rshyds,KXNFLRSHYDS-26OCT04JACCIN-CINSPERINE34-40,Samaje Perine: 40+ rushing yards,price moved +8c,0,8,8,0,1,1,False,,,
2026-10-03T00:34:37.381045+00:00,nfl,prop_rshyds,KXNFLRSHYDS-26OCT04JACCIN-JACTLAWRENCE16-15,Trevor Lawrence: 15+ rushing yards,volume spike x3.1,50,50,0,456,1421,965,False,,,
2026-10-03T00:34:37.381045+00:00,nfl,prop_rshyds,KXNFLRSHYDS-26OCT04JACCIN-JACTLAWRENCE16-40,Trevor Lawrence: 40+ rushing yards,price moved +7c,0,7,7,0,3,3,False,,,
2026-10-03T00:34:37.381045+00:00,nfl,prop_rshyds,KXNFLRSHYDS-26OCT04LARPHI-PHIJHURTS1-40,Jalen Hurts: 40+ rushing yards,volume spike x5.0,22,28,6,4,20,16,False,,,
2026-10-03T00:34:37.381045+00:00,nfl,prop_rshyds,KXNFLRSHYDS-26OCT04LARPHI-LARBCORUM24-50,Blake Corum: 50+ rushing yards,volume spike x5.1,33,36,3,64,329,265,False,,,
2026-10-03T00:34:37.381045+00:00,nfl,prop_rshyds,KXNFLRSHYDS-26OCT04LARPHI-PHITBIGSBY8-10,Tank Bigsby: 10+ rushing yards,volume spike x20.9,45,47,2,18,377,359,False,,,
2026-10-03T00:34:37.381045+00:00,nfl,prop_rshyds,KXNFLRSHYDS-26OCT04LARPHI-PHITBIGSBY8-25,Tank Bigsby: 25+ rushing yards,price moved +14c,0,14,14,0,2,2,False,,,
2026-10-03T00:34:37.381045+00:00,nfl,prop_rshyds,KXNFLRSHYDS-26OCT04LARPHI-PHITBIGSBY8-30,Tank Bigsby: 30+ rushing yards,price moved +11c,0,11,11,0,5,5,False,,,
2026-10-03T00:34:37.381045+00:00,nfl,prop_rshyds,KXNFLRSHYDS-26OCT04NEBUF-BUFJCOOK4-50,James Cook III: 50+ rushing yards,volume spike x6.6,88,82,-6,64,420,356,False,,,
2026-10-03T00:34:37.381045+00:00,nfl,prop_rshyds,KXNFLRSHYDS-26OCT04NEBUF-BUFJCOOK4-60,James Cook III: 60+ rushing yards,volume spike x26.6,79,74,-5,15,399,384,False,,,
2026-10-03T00:34:37.381045+00:00,nfl,prop_rshyds,KXNFLRSHYDS-26OCT04NEBUF-NERSTEVENSON38-60,Rhamondre Stevenson: 60+ rushing yards,volume spike x3.9,16,18,2,11,43,32,False,,,
2026-10-03T00:34:37.381045+00:00,nfl,prop_rshyds,KXNFLRSHYDS-26OCT04NEBUF-NEDMAYE10-20,Drake Maye: 20+ rushing yards,volume spike x8.0,67,68,1,2,16,14,False,,,
2026-10-03T00:34:37.381045+00:00,nfl,prop_rshyds,KXNFLRSHYDS-26OCT04NEBUF-NEDMAYE10-40,Drake Maye: 40+ rushing yards,price moved +25c,0,25,25,0,2,2,False,,,
2026-10-03T00:34:37.381045+00:00,nfl,prop_rshyds,KXNFLRSHYDS-26OCT04NYJCHI-CHIKMONANGAI25-30,Kyle Monangai: 30+ rushing yards,price moved +67c,0,67,67,0,28,28,False,,,
2026-10-03T00:34:37.381045+00:00,nfl,prop_rshyds,KXNFLRSHYDS-26OCT04NYJCHI-CHIKMONANGAI25-60,Kyle Monangai: 60+ rushing yards,price moved +17c,7,24,17,4754,4825,71,False,,,
2026-10-03T00:34:37.381045+00:00,nfl,prop_rshyds,KXNFLRSHYDS-26OCT04NYJCHI-CHIDSWIFT4-60,D'Andre Swift: 60+ rushing yards,volume spike x217.0,60,54,-6,1,217,216,False,,,
2026-10-03T00:34:37.381045+00:00,nfl,prop_rshyds,KXNFLRSHYDS-26OCT04NYJCHI-NYJBALLEN0-30,Braelon Allen: 30+ rushing yards,price moved +9c,77,86,9,8,25,17,False,,,
2026-10-03T00:34:37.381045+00:00,nfl,prop_rshyds,KXNFLRSHYDS-26OCT04NYJCHI-NYJBALLEN0-30,Braelon Allen: 30+ rushing yards,volume spike x3.1,77,86,9,8,25,17,False,,,
2026-10-03T00:34:37.381045+00:00,nfl,prop_rshyds,KXNFLRSHYDS-26OCT04NYJCHI-NYJBALLEN0-100,Braelon Allen: 100+ rushing yards,price moved +8c,0,8,8,0,1,1,False,,,
2026-10-03T00:34:37.381045+00:00,nfl,prop_rshyds,KXNFLRSHYDS-26OCT04NYJCHI-CHITBAGENT17-30,Tyson Bagent: 30+ rushing yards,price moved +7c,17,24,7,19,34,15,False,,,
2026-10-03T00:34:37.381045+00:00,nfl,prop_rshyds,KXNFLRSHYDS-26OCT04NYJCHI-NYJIDAVIS32-30,Isaiah Davis: 30+ rushing yards,price moved +33c,0,33,33,0,153,153,False,,,
2026-10-03T00:34:37.381045+00:00,nfl,prop_rshyds,KXNFLRSHYDS-26OCT04TENBAL-BALDHENRY22-60,Derrick Henry: 60+ rushing yards,volume spike x3.2,85,83,-2,102,326,224,False,,,
2026-10-03T00:34:37.381045+00:00,nfl,prop_rshyds,KXNFLRSHYDS-26OCT04TENBAL-BALLJACKSON8-20,Lamar Jackson: 20+ rushing yards,price moved -7c,76,69,-7,13,141,128,False,,,
2026-10-03T00:34:37.381045+00:00,nfl,prop_rshyds,KXNFLRSHYDS-26OCT04TENBAL-BALLJACKSON8-20,Lamar Jackson: 20+ rushing yards,volume spike x10.8,76,69,-7,13,141,128,False,,,
2026-10-03T00:34:37.381045+00:00,nfl,prop_rshyds,KXNFLRSHYDS-26OCT04MIAMIN-MIAMWILLIS2-20,Malik Willis: 20+ rushing yards,price moved +71c,0,71,71,0,200,200,False,,,
2026-10-03T00:34:37.381045+00:00,nfl,prop_rshyds,KXNFLRSHYDS-26OCT04MIAMIN-MIAMWILLIS2-25,Malik Willis: 25+ rushing yards,volume spike x13.5,61,63,2,4,54,50,False,,,
2026-10-03T00:34:37.381045+00:00,nfl,prop_rshyds,KXNFLRSHYDS-26OCT04MIAMIN-MIAJWRIGHT5-20,Jaylen Wright: 20+ rushing yards,price moved +69c,0,69,69,0,56,56,False,,,
2026-10-03T00:34:37.381045+00:00,nfl,prop_rshyds,KXNFLRSHYDS-26OCT04MIAMIN-MIAJWRIGHT5-50,Jaylen Wright: 50+ rushing yards,volume spike x8.2,22,22,0,6,49,43,False,,,
2026-10-03T00:34:37.381045+00:00,nfl,prop_rshyds,KXNFLRSHYDS-26OCT04MIAMIN-MIAJWRIGHT5-60,Jaylen Wright: 60+ rushing yards,price moved +16c,0,16,16,0,147,147,False,,,
2026-10-03T00:34:37.381045+00:00,nfl,prop_rshyds,KXNFLRSHYDS-26OCT04MIAMIN-MIAJWRIGHT5-70,Jaylen Wright: 70+ rushing yards,volume spike x3.4,10,11,1,87,300,213,False,,,
2026-10-03T00:34:37.381045+00:00,nfl,prop_rshyds,KXNFLRSHYDS-26OCT04DENSF-DENJDOBBINS27-50,J.K. Dobbins: 50+ rushing yards,price moved +15c,48,63,15,22,92,70,False,,,
2026-10-03T00:34:37.381045+00:00,nfl,prop_rshyds,KXNFLRSHYDS-26OCT04DENSF-DENJDOBBINS27-50,J.K. Dobbins: 50+ rushing yards,volume spike x4.2,48,63,15,22,92,70,False,,,
2026-10-03T00:34:37.381045+00:00,nfl,prop_rshyds,KXNFLRSHYDS-26OCT04DENSF-DENJDOBBINS27-60,J.K. Dobbins: 60+ rushing yards,volume spike x16.5,48,50,2,445,7343,6898,False,,,
2026-10-03T00:34:37.381045+00:00,nfl,prop_rshyds,KXNFLRSHYDS-26OCT04KCLV-KCKWALKER9-70,Kenneth Walker III: 70+ rushing yards,volume spike x6.2,66,66,0,14,87,73,False,,,
2026-10-03T00:34:37.381045+00:00,nfl,prop_rshyds,KXNFLRSHYDS-26OCT04KCLV-KCKWALKER9-130,Kenneth Walker III: 130+ rushing yards,volume spike x9.6,19,19,0,58,556,498,False,,,
2026-10-03T00:34:37.381045+00:00,nfl,prop_rshyds,KXNFLRSHYDS-26OCT04KCLV-LVMWASHINGTON4-40,Mike Washington Jr.: 40+ rushing yards,price moved -9c,26,17,-9,3524,3663,139,False,,,
2026-10-03T00:34:37.381045+00:00,nfl,prop_rshyds,KXNFLRSHYDS-26OCT04LACSEA-SEAJPRICE8-20,Jadarian Price: 20+ rushing yards,price moved -8c,79,71,-8,18,18,0,False,,,
2026-10-03T00:34:37.381045+00:00,nfl,prop_rshyds,KXNFLRSHYDS-26OCT04LACSEA-SEAJPRICE8-25,Jadarian Price: 25+ rushing yards,price moved +65c,0,65,65,0,0,0,False,,,
2026-10-03T00:34:37.381045+00:00,nfl,prop_rshyds,KXNFLRSHYDS-26OCT04LACSEA-SEAJPRICE8-30,Jadarian Price: 30+ rushing yards,price moved -8c,67,59,-8,2,2,0,False,,,
2026-10-03T00:34:37.381045+00:00,nfl,prop_rshyds,KXNFLRSHYDS-26OCT04LACSEA-SEAJPRICE8-50,Jadarian Price: 50+ rushing yards,price moved -16c,39,23,-16,14,14,0,False,,,
2026-10-03T00:34:37.381045+00:00,nfl,prop_rshyds,KXNFLRSHYDS-26OCT04LACSEA-SEAJPRICE8-60,Jadarian Price: 60+ rushing yards,price moved -17c,27,10,-17,7,7,0,False,,,
2026-10-03T00:34:37.381045+00:00,nfl,prop_rshyds,KXNFLRSHYDS-26OCT04LACSEA-SEAJPRICE8-70,Jadarian Price: 70+ rushing yards,price moved -15c,22,7,-15,116,116,0,False,,,
2026-10-03T00:34:37.381045+00:00,nfl,prop_rshyds,KXNFLRSHYDS-26OCT04LACSEA-SEAEWILSON23-25,Emanuel Wilson: 25+ rushing yards,price moved +84c,0,84,84,0,547,547,False,,,
2026-10-03T00:34:37.381045+00:00,nfl,prop_rshyds,KXNFLRSHYDS-26OCT04LACSEA-SEAEWILSON23-30,Emanuel Wilson: 30+ rushing yards,price moved +8c,66,74,8,153,358,205,False,,,
2026-10-03T00:34:37.381045+00:00,nfl,prop_rshyds,KXNFLRSHYDS-26OCT04LACSEA-SEAEWILSON23-40,Emanuel Wilson: 40+ rushing yards,price moved +16c,52,68,16,6593,13240,6647,False,,,
2026-10-03T00:34:37.381045+00:00,nfl,prop_rshyds,KXNFLRSHYDS-26OCT04LACSEA-SEAEWILSON23-50,Emanuel Wilson: 50+ rushing yards,price moved +13c,43,56,13,813,7835,7022,False,,,
2026-10-03T00:34:37.381045+00:00,nfl,prop_rshyds,KXNFLRSHYDS-26OCT04LACSEA-SEAEWILSON23-50,Emanuel Wilson: 50+ rushing yards,volume spike x9.6,43,56,13,813,7835,7022,False,,,
2026-10-03T00:34:37.381045+00:00,nfl,prop_rshyds,KXNFLRSHYDS-26OCT04LACSEA-SEAEWILSON23-60,Emanuel Wilson: 60+ rushing yards,price moved +10c,33,43,10,3928,6043,2115,False,,,
2026-10-03T00:34:37.381045+00:00,nfl,prop_rshyds,KXNFLRSHYDS-26OCT04DETCAR-CARBYOUNG9-20,Bryce Young: 20+ rushing yards,volume spike x4.5,33,33,0,15,67,52,False,,,
2026-10-03T00:34:37.381045+00:00,nfl,prop_rshyds,KXNFLRSHYDS-26OCT04DETCAR-DETJGOFF16-20,Jared Goff: 20+ rushing yards,volume spike x14.0,10,9,-1,4,56,52,False,,,
2026-10-03T00:34:37.381045+00:00,nfl,prop_rshyds,KXNFLRSHYDS-26OCT05ATLNO-ATLBROBINSON15-50,Brian Robinson: 50+ rushing yards,price moved +21c,0,21,21,0,13568,13568,False,,,
2026-10-03T00:34:37.381045+00:00,nfl,prop_rshyds,KXNFLRSHYDS-26OCT05ATLNO-ATLBROBINSON15-60,Brian Robinson: 60+ rushing yards,price moved +13c,0,13,13,0,72,72,False,,,
2026-10-03T00:34:37.381045+00:00,nfl,prop_rshatt,KXNFLRSHATT-26OCT04ARINYG-NYGCSKATTEBO44-14,Cam Skattebo: 14+ rushing attempts,price moved +68c,0,68,68,0,6,6,False,,,
2026-10-03T00:34:37.381045+00:00,nfl,prop_rshatt,KXNFLRSHATT-26OCT04ARINYG-NYGCSKATTEBO44-20,Cam Skattebo: 20+ rushing attempts,price moved +26c,0,26,26,0,1,1,False,,,
2026-10-03T00:34:37.381045+00:00,nfl,prop_rshatt,KXNFLRSHATT-26OCT04ARINYG-ARIJLOVE4-13,Jeremiyah Love: 13+ rushing attempts,price moved +77c,0,77,77,0,51,51,False,,,
2026-10-03T00:34:37.381045+00:00,nfl,prop_rshatt,KXNFLRSHATT-26OCT04DALHOU-HOUCSTROUD7-4,C.J. Stroud: 4+ rushing attempts,price moved +44c,0,44,44,0,2,2,False,,,
2026-10-03T00:34:37.381045+00:00,nfl,prop_rshatt,KXNFLRSHATT-26OCT04GBTB-TBJDANIELS10-4,Jalon Daniels: 4+ rushing attempts,price moved +88c,0,88,88,0,16,16,False,,,
2026-10-03T00:34:37.381045+00:00,nfl,prop_rshatt,KXNFLRSHATT-26OCT04JACCIN-JACBTUTEN33-10,Bhayshul Tuten: 10+ rushing attempts,price moved +79c,0,79,79,0,49,49,False,,,
2026-10-03T00:34:37.381045+00:00,nfl,prop_rshatt,KXNFLRSHATT-26OCT04LARPHI-PHISBARKLEY26-15,Saquon Barkley: 15+ rushing attempts,price moved -7c,67,60,-7,31,32,1,False,,,
2026-10-03T00:34:37.381045+00:00,nfl,prop_rshatt,KXNFLRSHATT-26OCT04LARPHI-LARKWILLIAMS23-11,Kyren Williams: 11+ rushing attempts,price moved +71c,0,71,71,0,1,1,False,,,
2026-10-03T00:34:37.381045+00:00,nfl,prop_rshatt,KXNFLRSHATT-26OCT04LARPHI-LARKWILLIAMS23-14,Kyren Williams: 14+ rushing attempts,price moved +50c,0,50,50,0,9,9,False,,,
2026-10-03T00:34:37.381045+00:00,nfl,prop_rshatt,KXNFLRSHATT-26OCT04NEBUF-BUFJCOOK4-15,James Cook III: 15+ rushing attempts,price moved +76c,0,76,76,0,64,64,False,,,
2026-10-03T00:34:37.381045+00:00,nfl,prop_rshatt,KXNFLRSHATT-26OCT04MIAMIN-MIAJWRIGHT5-8,Jaylen Wright: 8+ rushing attempts,volume spike x11.9,65,61,-4,2448,29119,26671,False,,,
2026-10-03T00:34:37.381045+00:00,nfl,prop_rshatt,KXNFLRSHATT-26OCT04KCLV-KCKWALKER9-22,Kenneth Walker III: 22+ rushing attempts,price moved +27c,0,27,27,0,880,880,False,,,
2026-10-03T00:34:37.381045+00:00,nfl,prop_rshatt,KXNFLRSHATT-26OCT04LACSEA-LACOHAMPTON8-14,Omarion Hampton: 14+ rushing attempts,price moved +48c,0,48,48,0,201,201,False,,,
2026-10-03T00:34:37.381045+00:00,nfl,prop_rshatt,KXNFLRSHATT-26OCT04LACSEA-LACOHAMPTON8-17,Omarion Hampton: 17+ rushing attempts,price moved +24c,0,24,24,0,100,100,False,,,
2026-10-03T00:34:37.381045+00:00,nfl,prop_rshatt,KXNFLRSHATT-26OCT04DETCAR-DETJGIBBS0-20,Jahmyr Gibbs: 20+ rushing attempts,price moved +51c,0,51,51,0,9,9,False,,,
2026-10-03T00:34:37.381045+00:00,nfl,prop_longrsh,KXNFLLONGRSH-26OCT04DALHOU-HOUDMONTGOMERY32-13,David Montgomery: longest rush over 12.5 yards,price moved +53c,0,53,53,0,45,45,False,,,
2026-10-03T00:34:37.381045+00:00,nfl,prop_longrsh,KXNFLLONGRSH-26OCT04DALHOU-DALDPRESCOTT4-8,Dak Prescott: longest rush over 7.5 yards,price moved +49c,0,49,49,0,49,49,False,,,
2026-10-03T00:34:37.381045+00:00,nfl,prop_longrsh,KXNFLLONGRSH-26OCT04DALHOU-DALJWILLIAMS33-13,Javonte Williams: longest rush over 12.5 yards,volume spike x15.3,56,55,-1,3,46,43,False,,,
2026-10-03T00:34:37.381045+00:00,nfl,prop_longrsh,KXNFLLONGRSH-26OCT04GBTB-GBKJOHNSON26-10,Kaleb Johnson: longest rush over 9.5 yards,volume spike x7.4,45,43,-2,249,1852,1603,False,,,
2026-10-03T00:34:37.381045+00:00,nfl,prop_longrsh,KXNFLLONGRSH-26OCT04JACCIN-CINCBROWN30-15,Chase Brown: longest rush over 14.5 yards,price moved +48c,0,48,48,0,300,300,False,,,
2026-10-03T00:34:37.381045+00:00,nfl,prop_longrsh,KXNFLLONGRSH-26OCT04JACCIN-CINJBURROW9-8,Joe Burrow: longest rush over 7.5 yards,volume spike x8.0,52,46,-6,46,368,322,False,,,
2026-10-03T00:34:37.381045+00:00,nfl,prop_longrsh,KXNFLLONGRSH-26OCT04JACCIN-JACBTUTEN33-15,Bhayshul Tuten: longest rush over 14.5 yards,price moved +49c,0,49,49,0,19,19,False,,,
2026-10-03T00:34:37.381045+00:00,nfl,prop_longrsh,KXNFLLONGRSH-26OCT04LARPHI-PHITBIGSBY8-7,Tank Bigsby: longest rush over 6.5 yards,price moved +46c,0,46,46,0,25,25,False,,,
2026-10-03T00:34:37.381045+00:00,nfl,prop_longrsh,KXNFLLONGRSH-26OCT04LARPHI-LARBCORUM24-13,Blake Corum: longest rush over 12.5 yards,price moved +49c,0,49,49,0,22,22,False,,,
2026-10-03T00:34:37.381045+00:00,nfl,prop_longrsh,KXNFLLONGRSH-26OCT04MIAMIN-MIAOGORDON0-10,Ollie Gordon II: longest rush over 9.5 yards,price moved +18c,0,18,18,0,1168,1168,False,,,
2026-10-03T00:34:37.381045+00:00,nfl,prop_recyds,KXNFLRECYDS-26OCT04INDWAS-INDJTAYLOR28-15,Jonathan Taylor: 15+ receiving yards,price moved +59c,0,59,59,0,117,117,False,,,
2026-10-03T00:34:37.381045+00:00,nfl,prop_recyds,KXNFLRECYDS-26OCT04INDWAS-INDJTAYLOR28-50,Jonathan Taylor: 50+ receiving yards,price moved +13c,0,13,13,0,145,145,False,,,
2026-10-03T00:34:37.381045+00:00,nfl,prop_recyds,KXNFLRECYDS-26OCT04INDWAS-INDTWARREN84-100,Tyler Warren: 100+ receiving yards,volume spike x3.8,9,8,-1,44,169,125,False,,,
2026-10-03T00:34:37.381045+00:00,nfl,prop_recyds,KXNFLRECYDS-26OCT04INDWAS-WASSDIGGS3-60,Stefon Diggs: 60+ receiving yards,price moved -27c,66,39,-27,4095,4240,145,False,,,
2026-10-03T00:34:37.381045+00:00,nfl,prop_recyds,KXNFLRECYDS-26OCT04INDWAS-WASSDIGGS3-70,Stefon Diggs: 70+ receiving yards,volume spike x11.6,27,30,3,17,198,181,False,,,
2026-10-03T00:34:37.381045+00:00,nfl,prop_recyds,KXNFLRECYDS-26OCT04INDWAS-WASSDIGGS3-110,Stefon Diggs: 110+ receiving yards,price moved +10c,0,10,10,0,59,59,False,,,
2026-10-03T00:34:37.381045+00:00,nfl,prop_recyds,KXNFLRECYDS-26OCT04INDWAS-WASAWILLIAMS14-40,Antonio Williams: 40+ receiving yards,price moved -14c,39,25,-14,5008,5016,8,False,,,
2026-10-03T00:34:37.381045+00:00,nfl,prop_recyds,KXNFLRECYDS-26OCT04INDWAS-INDLTREADWELL13-50,Laquon Treadwell: 50+ receiving yards,price moved +12c,0,12,12,0,19,19,False,,,
2026-10-03T00:34:37.381045+00:00,nfl,prop_recyds,KXNFLRECYDS-26OCT04INDWAS-INDLTREADWELL13-60,Laquon Treadwell: 60+ receiving yards,volume spike x6.3,8,8,0,117,733,616,False,,,
2026-10-03T00:34:37.381045+00:00,nfl,prop_recyds,KXNFLRECYDS-26OCT04ARINYG-ARIMHARRISON18-15,Marvin Harrison Jr.: 15+ receiving yards,price moved +79c,0,79,79,0,1164,1164,False,,,
2026-10-03T00:34:37.381045+00:00,nfl,prop_recyds,KXNFLRECYDS-26OCT04ARINYG-ARITMCBRIDE85-60,Trey McBride: 60+ receiving yards,volume spike x3.6,59,56,-3,42,151,109,False,,,
2026-10-03T00:34:37.381045+00:00,nfl,prop_recyds,KXNFLRECYDS-26OCT04ARINYG-NYGMFIELDS88-40,Malachi Fields: 40+ receiving yards,price moved +30c,0,30,30,0,35,35,False,,,
2026-10-03T00:34:37.381045+00:00,nfl,prop_recyds,KXNFLRECYDS-26OCT04ARINYG-NYGMFIELDS88-70,Malachi Fields: 70+ receiving yards,price moved +7c,0,7,7,0,1,1,False,,,
2026-10-03T00:34:37.381045+00:00,nfl,prop_recyds,KXNFLRECYDS-26OCT04ARINYG-NYGMNABERS1-100,Malik Nabers: 100+ receiving yards,price moved +16c,0,16,16,0,80,80,False,,,
2026-10-03T00:34:37.381045+00:00,nfl,prop_recyds,KXNFLRECYDS-26OCT04ARINYG-NYGCSKATTEBO44-15,Cam Skattebo: 15+ receiving yards,price moved +57c,0,57,57,0,17,17,False,,,
2026-10-03T00:34:37.381045+00:00,nfl,prop_recyds,KXNFLRECYDS-26OCT04ARINYG-ARIEHIGGINS84-25,Elijah Higgins: 25+ receiving yards,price moved +13c,0,13,13,0,33,33,False,,,
2026-10-03T00:34:37.381045+00:00,nfl,prop_recyds,KXNFLRECYDS-26OCT04DALHOU-DALRFLOURNOY19-40,Ryan Flournoy: 40+ receiving yards,volume spike x3.2,36,39,3,40,127,87,False,,,
2026-10-03T00:34:37.381045+00:00,nfl,prop_recyds,KXNFLRECYDS-26OCT04DALHOU-DALGPICKENS3-40,George Pickens: 40+ receiving yards,price moved +79c,0,79,79,0,30,30,False,,,
2026-10-03T00:34:37.381045+00:00,nfl,prop_recyds,KXNFLRECYDS-26OCT04DALHOU-DALGPICKENS3-70,George Pickens: 70+ receiving yards,volume spike x4.8,49,47,-2,171,823,652,False,,,
2026-10-03T00:34:37.381045+00:00,nfl,prop_recyds,KXNFLRECYDS-26OCT04DALHOU-DALJWILLIAMS33-40,Javonte Williams: 40+ receiving yards,price moved +8c,0,8,8,0,1,1,False,,,
2026-10-03T00:34:37.381045+00:00,nfl,prop_recyds,KXNFLRECYDS-26OCT04DALHOU-HOUKBOUTTE14-15,Kayshon Boutte: 15+ receiving yards,price moved +68c,0,68,68,0,35,35,False,,,
2026-10-03T00:34:37.381045+00:00,nfl,prop_recyds,KXNFLRECYDS-26OCT04DALHOU-HOUKBOUTTE14-40,Kayshon Boutte: 40+ receiving yards,price moved +31c,0,31,31,0,9,9,False,,,
2026-10-03T00:34:37.381045+00:00,nfl,prop_recyds,KXNFLRECYDS-26OCT04DALHOU-HOUKBOUTTE14-50,Kayshon Boutte: 50+ receiving yards,price moved +22c,0,22,22,0,8,8,False,,,
2026-10-03T00:34:37.381045+00:00,nfl,prop_recyds,KXNFLRECYDS-26OCT04DALHOU-HOUFMOREAU87-15,Foster Moreau: 15+ receiving yards,volume spike x3.9,33,32,-1,639,2524,1885,False,,,
2026-10-03T00:34:37.381045+00:00,nfl,prop_recyds,KXNFLRECYDS-26OCT04DALHOU-HOUFMOREAU87-25,Foster Moreau: 25+ receiving yards,price moved +19c,0,19,19,0,498,498,False,,,
2026-10-03T00:34:37.381045+00:00,nfl,prop_recyds,KXNFLRECYDS-26OCT04GBTB-GBMGOLDEN0-70,Matthew Golden: 70+ receiving yards,volume spike x4.4,39,39,0,7,31,24,False,,,
2026-10-03T00:34:37.381045+00:00,nfl,prop_recyds,KXNFLRECYDS-26OCT04GBTB-GBTKRAFT85-50,Tucker Kraft: 50+ receiving yards,volume spike x25.5,39,41,2,48,1222,1174,False,,,
2026-10-03T00:34:37.381045+00:00,nfl,prop_recyds,KXNFLRECYDS-26OCT04GBTB-GBCWATSON9-120,Christian Watson: 120+ receiving yards,price moved +16c,0,16,16,0,29,29,False,,,
2026-10-03T00:34:37.381045+00:00,nfl,prop_recyds,KXNFLRECYDS-26OCT04GBTB-GBCWATSON9-140,Christian Watson: 140+ receiving yards,price moved +9c,0,9,9,0,40,40,False,,,
2026-10-03T00:34:37.381045+00:00,nfl,prop_recyds,KXNFLRECYDS-26OCT04GBTB-GBMLLOYD32-15,MarShawn Lloyd: 15+ receiving yards,volume spike x3.2,25,25,0,2078,6687,4609,False,,,
2026-10-03T00:34:37.381045+00:00,nfl,prop_recyds,KXNFLRECYDS-26OCT04GBTB-TBKGAINWELL1-10,Kenny Gainwell: 10+ receiving yards,volume spike x49.2,48,51,3,97,4768,4671,False,,,
2026-10-03T00:34:37.381045+00:00,nfl,prop_recyds,KXNFLRECYDS-26OCT04GBTB-TBKGAINWELL1-40,Kenny Gainwell: 40+ receiving yards,volume spike x11.3,9,7,-2,52,588,536,False,,,
2026-10-03T00:34:37.381045+00:00,nfl,prop_recyds,KXNFLRECYDS-26OCT04JACCIN-CINTHIGGINS5-80,Tee Higgins: 80+ receiving yards,price moved +35c,0,35,35,0,2,2,False,,,
2026-10-03T00:34:37.381045+00:00,nfl,prop_recyds,KXNFLRECYDS-26OCT04JACCIN-CINMGESICKI88-15,Mike Gesicki: 15+ receiving yards,price moved +67c,0,67,67,0,1,1,False,,,
2026-10-03T00:34:37.381045+00:00,nfl,prop_recyds,KXNFLRECYDS-26OCT04JACCIN-CINMGESICKI88-25,Mike Gesicki: 25+ receiving yards,price moved +56c,0,56,56,0,2,2,False,,,
2026-10-03T00:34:37.381045+00:00,nfl,prop_recyds,KXNFLRECYDS-26OCT04JACCIN-CINSPERINE34-10,Samaje Perine: 10+ receiving yards,price moved +48c,0,48,48,0,49,49,False,,,
2026-10-03T00:34:37.381045+00:00,nfl,prop_recyds,KXNFLRECYDS-26OCT04JACCIN-JACTHUNTER12-25,Travis Hunter: 25+ receiving yards,price moved +14c,0,14,14,0,1436,1436,False,,,
2026-10-03T00:34:37.381045+00:00,nfl,prop_recyds,KXNFLRECYDS-26OCT04LARPHI-PHIMLEMON9-15,Makai Lemon: 15+ receiving yards,volume spike x4.0,81,77,-4,66,266,200,False,,,
2026-10-03T00:34:37.381045+00:00,nfl,prop_recyds,KXNFLRECYDS-26OCT04LARPHI-LARPNACUA12-60,Puka Nacua: 60+ receiving yards,price moved +65c,0,65,65,0,15,15,False,,,
2026-10-03T00:34:37.381045+00:00,nfl,prop_recyds,KXNFLRECYDS-26OCT04LARPHI-LARPNACUA12-75,Puka Nacua: 75+ receiving yards,price moved +49c,0,49,49,0,120,120,False,,,
2026-10-03T00:34:37.381045+00:00,nfl,prop_recyds,KXNFLRECYDS-26OCT04LARPHI-LARPNACUA12-80,Puka Nacua: 80+ receiving yards,price moved -8c,51,43,-8,15,15,0,False,,,
2026-10-03T00:34:37.381045+00:00,nfl,prop_recyds,KXNFLRECYDS-26OCT04NEBUF-BUFJCOOK4-15,James Cook III: 15+ receiving yards,volume spike x4.5,33,33,0,723,3223,2500,False,,,
2026-10-03T00:34:37.381045+00:00,nfl,prop_recyds,KXNFLRECYDS-26OCT04NEBUF-BUFJCOOK4-40,James Cook III: 40+ receiving yards,volume spike x3.1,7,7,0,53,164,111,False,,,
2026-10-03T00:34:37.381045+00:00,nfl,prop_recyds,KXNFLRECYDS-26OCT04NEBUF-BUFDKINCAID86-100,Dalton Kincaid: 100+ receiving yards,price moved +11c,0,11,11,0,51,51,False,,,
2026-10-03T00:34:37.381045+00:00,nfl,prop_recyds,KXNFLRECYDS-26OCT04NEBUF-BUFDMOORE2-40,DJ Moore: 40+ receiving yards,volume spike x3.3,61,64,3,26,85,59,False,,,
2026-10-03T00:34:37.381045+00:00,nfl,prop_recyds,KXNFLRECYDS-26OCT04NEBUF-NETHENDERSON32-25,TreVeyon Henderson: 25+ receiving yards,volume spike x4.1,15,17,2,139,573,434,False,,,
2026-10-03T00:34:37.381045+00:00,nfl,prop_recyds,KXNFLRECYDS-26OCT04NEBUF-NEMHOLLINS13-15,Mack Hollins: 15+ receiving yards,price moved +83c,0,83,83,0,1,1,False,,,
2026-10-03T00:34:37.381045+00:00,nfl,prop_recyds,KXNFLRECYDS-26OCT04NEBUF-NEMHOLLINS13-40,Mack Hollins: 40+ receiving yards,volume spike x91.0,57,54,-3,1,91,90,False,,,
2026-10-03T00:34:37.381045+00:00,nfl,prop_recyds,KXNFLRECYDS-26OCT04NEBUF-NERSTEVENSON38-40,Rhamondre Stevenson: 40+ receiving yards,price moved +17c,0,17,17,0,277,277,False,,,
2026-10-03T00:34:37.381045+00:00,nfl,prop_recyds,KXNFLRECYDS-26OCT04NEBUF-BUFDKNOX88-15,Dawson Knox: 15+ receiving yards,volume spike x32.5,38,38,0,2,65,63,False,,,
2026-10-03T00:34:37.381045+00:00,nfl,prop_recyds,KXNFLRECYDS-26OCT04NYJCHI-CHIKRAYMOND14-60,Kalif Raymond: 60+ receiving yards,volume spike x4.7,19,17,-2,15,70,55,False,,,
2026-10-03T00:34:37.381045+00:00,nfl,prop_recyds,KXNFLRECYDS-26OCT04NYJCHI-NYJGWILSON5-50,Garrett Wilson: 50+ receiving yards,volume spike x23.0,77,72,-5,7,161,154,False,,,
2026-10-03T00:34:37.381045+00:00,nfl,prop_recyds,KXNFLRECYDS-26OCT04NYJCHI-NYJBALLEN0-25,Braelon Allen: 25+ receiving yards,price moved +9c,16,25,9,8,388,380,False,,,
2026-10-03T00:34:37.381045+00:00,nfl,prop_recyds,KXNFLRECYDS-26OCT04NYJCHI-NYJBALLEN0-25,Braelon Allen: 25+ receiving yards,volume spike x48.5,16,25,9,8,388,380,False,,,
2026-10-03T00:34:37.381045+00:00,nfl,prop_recyds,KXNFLRECYDS-26OCT04NYJCHI-NYJIWILLIAMS18-15,Isaiah Williams: 15+ receiving yards,price moved +62c,0,62,62,0,2,2,False,,,
2026-10-03T00:34:37.381045+00:00,nfl,prop_recyds,KXNFLRECYDS-26OCT04TENBAL-BALMANDREWS89-15,Mark Andrews: 15+ receiving yards,price moved +83c,0,83,83,0,1,1,False,,,
2026-10-03T00:34:37.381045+00:00,nfl,prop_recyds,KXNFLRECYDS-26OCT04TENBAL-BALRBATEMAN7-15,Rashod Bateman: 15+ receiving yards,price moved +76c,0,76,76,0,2,2,False,,,
2026-10-03T00:34:37.381045+00:00,nfl,prop_recyds,KXNFLRECYDS-26OCT04TENBAL-BALZFLOWERS4-40,Zay Flowers: 40+ receiving yards,volume spike x25.3,79,77,-2,17,430,413,False,,,
2026-10-03T00:34:37.381045+00:00,nfl,prop_recyds,KXNFLRECYDS-26OCT04MIAMIN-MINAJONES33-40,Aaron Jones Sr.: 40+ receiving yards,volume spike x34.8,15,15,0,4,139,135,False,,,
2026-10-03T00:34:37.381045+00:00,nfl,prop_recyds,KXNFLRECYDS-26OCT04MIAMIN-MINAJONES33-50,Aaron Jones Sr.: 50+ receiving yards,price moved +8c,0,8,8,0,1,1,False,,,
2026-10-03T00:34:37.381045+00:00,nfl,prop_recyds,KXNFLRECYDS-26OCT04MIAMIN-MIAMWASHINGTON6-60,Malik Washington: 60+ receiving yards,price moved +26c,0,26,26,0,292,292,False,,,
2026-10-03T00:34:37.381045+00:00,nfl,prop_recyds,KXNFLRECYDS-26OCT04MIAMIN-MIAMWASHINGTON6-80,Malik Washington: 80+ receiving yards,price moved +14c,0,14,14,0,203,203,False,,,
2026-10-03T00:34:37.381045+00:00,nfl,prop_recyds,KXNFLRECYDS-26OCT04MIAMIN-MIAMWASHINGTON6-100,Malik Washington: 100+ receiving yards,price moved +8c,0,8,8,0,179,179,False,,,
2026-10-03T00:34:37.381045+00:00,nfl,prop_recyds,KXNFLRECYDS-26OCT04MIAMIN-MINJADDISON3-25,Jordan Addison: 25+ receiving yards,price moved +85c,0,85,85,0,2,2,False,,,
2026-10-03T00:34:37.381045+00:00,nfl,prop_recyds,KXNFLRECYDS-26OCT04MIAMIN-MIAOGORDON0-15,Ollie Gordon II: 15+ receiving yards,volume spike x9.3,23,24,1,393,3660,3267,False,,,
2026-10-03T00:34:37.381045+00:00,nfl,prop_recyds,KXNFLRECYDS-26OCT04MIAMIN-MIAOGORDON0-25,Ollie Gordon II: 25+ receiving yards,volume spike x4.3,11,11,0,513,2199,1686,False,,,
2026-10-03T00:34:37.381045+00:00,nfl,prop_recyds,KXNFLRECYDS-26OCT04MIAMIN-MINTFELTON13-25,Tai Felton: 25+ receiving yards,volume spike x4.5,31,29,-2,683,3096,2413,False,,,
2026-10-03T00:34:37.381045+00:00,nfl,prop_recyds,KXNFLRECYDS-26OCT04MIAMIN-MINJJENNINGS14-25,Jauan Jennings: 25+ receiving yards,volume spike x63.3,55,54,-1,3,190,187,False,,,
2026-10-03T00:34:37.381045+00:00,nfl,prop_recyds,KXNFLRECYDS-26OCT04MIAMIN-MIACBELL18-25,Chris Bell: 25+ receiving yards,price moved +61c,0,61,61,0,193,193,False,,,
2026-10-03T00:34:37.381045+00:00,nfl,prop_recyds,KXNFLRECYDS-26OCT04MIAMIN-MIACBELL18-40,Chris Bell: 40+ receiving yards,price moved +42c,0,42,42,0,13,13,False,,,
2026-10-03T00:34:37.381045+00:00,nfl,prop_recyds,KXNFLRECYDS-26OCT04DENSF-SFGKITTLE85-80,George Kittle: 80+ receiving yards,volume spike x4.0,36,34,-2,14,56,42,False,,,
2026-10-03T00:34:37.381045+00:00,nfl,prop_recyds,KXNFLRECYDS-26OCT04DENSF-DENJWADDLE17-60,Jaylen Waddle: 60+ receiving yards,volume spike x5.2,47,48,1,54,282,228,False,,,
2026-10-03T00:34:37.381045+00:00,nfl,prop_recyds,KXNFLRECYDS-26OCT04DENSF-DENRHARVEY12-15,RJ Harvey: 15+ receiving yards,price moved +66c,0,66,66,0,14,14,False,,,
2026-10-03T00:34:37.381045+00:00,nfl,prop_recyds,KXNFLRECYDS-26OCT04DENSF-SFKJUSZCZYK44-15,Kyle Juszczyk: 15+ receiving yards,price moved +36c,0,36,36,0,26,26,False,,,
2026-10-03T00:34:37.381045+00:00,nfl,prop_recyds,KXNFLRECYDS-26OCT04DENSF-DENTFRANKLIN11-15,Troy Franklin: 15+ receiving yards,price moved +27c,0,27,27,0,845,845,False,,,
2026-10-03T00:34:37.381045+00:00,nfl,prop_recyds,KXNFLRECYDS-26OCT04KCLV-KCNGRAY83-15,Noah Gray: 15+ receiving yards,price moved +35c,0,35,35,0,54,54,False,,,
2026-10-03T00:34:37.381045+00:00,nfl,prop_recyds,KXNFLRECYDS-26OCT04KCLV-KCTKELCE87-25,Travis Kelce: 25+ receiving yards,volume spike x14.7,80,78,-2,7,103,96,False,,,
2026-10-03T00:34:37.381045+00:00,nfl,prop_recyds,KXNFLRECYDS-26OCT04KCLV-KCRRICE4-50,Rashee Rice: 50+ receiving yards,volume spike x71.2,58,58,0,38,2704,2666,False,,,
2026-10-03T00:34:37.381045+00:00,nfl,prop_recyds,KXNFLRECYDS-26OCT04KCLV-KCTTHORNTON2-25,Tyquan Thornton: 25+ receiving yards,price moved +47c,0,47,47,0,20,20,False,,,
2026-10-03T00:34:37.381045+00:00,nfl,prop_recyds,KXNFLRECYDS-26OCT04KCLV-KCXWORTHY1-40,Xavier Worthy: 40+ receiving yards,price moved +43c,0,43,43,0,22,22,False,,,
2026-10-03T00:34:37.381045+00:00,nfl,prop_recyds,KXNFLRECYDS-26OCT04KCLV-KCXWORTHY1-50,Xavier Worthy: 50+ receiving yards,price moved +30c,0,30,30,0,15,15,False,,,
2026-10-03T00:34:37.381045+00:00,nfl,prop_recyds,KXNFLRECYDS-26OCT04KCLV-LVBBOWERS89-60,Brock Bowers: 60+ receiving yards,volume spike x16.0,66,65,-1,1,16,15,False,,,
2026-10-03T00:34:37.381045+00:00,nfl,prop_recyds,KXNFLRECYDS-26OCT04KCLV-LVTTUCKER1-50,Tre Tucker: 50+ receiving yards,price moved +36c,0,36,36,0,26,26,False,,,
2026-10-03T00:34:37.381045+00:00,nfl,prop_recyds,KXNFLRECYDS-26OCT04KCLV-LVCWHITE82-10,Cody White: 10+ receiving yards,price moved +50c,0,50,50,0,22,22,False,,,
2026-10-03T00:34:37.381045+00:00,nfl,prop_recyds,KXNFLRECYDS-26OCT04KCLV-LVCWHITE82-25,Cody White: 25+ receiving yards,price moved +22c,0,22,22,0,62,62,False,,,
2026-10-03T00:34:37.381045+00:00,nfl,prop_recyds,KXNFLRECYDS-26OCT04KCLV-LVCWHITE82-40,Cody White: 40+ receiving yards,price moved +11c,0,11,11,0,85,85,False,,,
2026-10-03T00:34:37.381045+00:00,nfl,prop_recyds,KXNFLRECYDS-26OCT04KCLV-LVCWHITE82-50,Cody White: 50+ receiving yards,price moved +7c,0,7,7,0,134,134,False,,,
2026-10-03T00:34:37.381045+00:00,nfl,prop_recyds,KXNFLRECYDS-26OCT04LACSEA-SEAABARNER88-60,AJ Barner: 60+ receiving yards,price moved +17c,0,17,17,0,25,25,False,,,
2026-10-03T00:34:37.381045+00:00,nfl,prop_recyds,KXNFLRECYDS-26OCT04LACSEA-LACQJOHNSTON1-90,Quentin Johnston: 90+ receiving yards,price moved +11c,0,11,11,0,172,172,False,,,
2026-10-03T00:34:37.381045+00:00,nfl,prop_recyds,KXNFLRECYDS-26OCT04LACSEA-LACLMCCONKEY15-40,Ladd McConkey: 40+ receiving yards,price moved -9c,60,51,-9,104,142,38,False,,,
2026-10-03T00:34:37.381045+00:00,nfl,prop_recyds,KXNFLRECYDS-26OCT04LACSEA-SEARSHAHEED22-60,Rashid Shaheed: 60+ receiving yards,volume spike x8.2,8,11,3,17,139,122,False,,,
2026-10-03T00:34:37.381045+00:00,nfl,prop_recyds,KXNFLRECYDS-26OCT04LACSEA-SEARSHAHEED22-70,Rashid Shaheed: 70+ receiving yards,price moved +9c,0,9,9,0,131,131,False,,,
2026-10-03T00:34:37.381045+00:00,nfl,prop_recyds,KXNFLRECYDS-26OCT04DETCAR-CARCHUBBARD30-15,Chuba Hubbard: 15+ receiving yards,price moved +60c,0,60,60,0,59,59,False,,,
2026-10-03T00:34:37.381045+00:00,nfl,prop_recyds,KXNFLRECYDS-26OCT04DETCAR-CARTMCMILLAN4-60,Tetairoa McMillan: 60+ receiving yards,volume spike x3.2,59,61,2,145,465,320,False,,,
2026-10-03T00:34:37.381045+00:00,nfl,prop_recyds,KXNFLRECYDS-26OCT04DETCAR-CARTMCMILLAN4-80,Tetairoa McMillan: 80+ receiving yards,price moved +43c,0,43,43,0,386,386,False,,,
2026-10-03T00:34:37.381045+00:00,nfl,prop_recyds,KXNFLRECYDS-26OCT04DETCAR-DETASTBROWN14-50,Amon-Ra St. Brown: 50+ receiving yards,volume spike x15.0,79,76,-3,1,15,14,False,,,
2026-10-03T00:34:37.381045+00:00,nfl,prop_recyds,KXNFLRECYDS-26OCT04DETCAR-DETJWILLIAMS1-15,Jameson Williams: 15+ receiving yards,price moved +87c,0,87,87,0,8,8,False,,,
2026-10-03T00:34:37.381045+00:00,nfl,prop_recyds,KXNFLRECYDS-26OCT05ATLNO-NONFANT87-25,Noah Fant: 25+ receiving yards,price moved +32c,0,32,32,0,1,1,False,,,
2026-10-03T00:34:37.381045+00:00,nfl,prop_recyds,KXNFLRECYDS-26OCT05ATLNO-NOJJOHNSON83-40,Juwan Johnson: 40+ receiving yards,volume spike x6.5,51,53,2,29,189,160,False,,,
2026-10-03T00:34:37.381045+00:00,nfl,prop_recyds,KXNFLRECYDS-26OCT05ATLNO-NOJJOHNSON83-80,Juwan Johnson: 80+ receiving yards,price moved +15c,0,15,15,0,0,0,False,,,
2026-10-03T00:34:37.381045+00:00,nfl,prop_recyds,KXNFLRECYDS-26OCT05ATLNO-NOAKAMARA41-25,Alvin Kamara: 25+ receiving yards,price moved +30c,0,30,30,0,6,6,False,,,
2026-10-03T00:34:37.381045+00:00,nfl,prop_recyds,KXNFLRECYDS-26OCT05ATLNO-NOCOLAVE12-70,Chris Olave: 70+ receiving yards,volume spike x31.9,68,67,-1,14,446,432,False,,,
2026-10-03T00:34:37.381045+00:00,nfl,prop_recyds,KXNFLRECYDS-26OCT05ATLNO-NOCOLAVE12-120,Chris Olave: 120+ receiving yards,price moved +24c,0,24,24,0,23,23,False,,,
2026-10-03T00:34:37.381045+00:00,nfl,prop_recyds,KXNFLRECYDS-26OCT05ATLNO-NOCOLAVE12-140,Chris Olave: 140+ receiving yards,price moved +14c,0,14,14,0,40,40,False,,,
2026-10-03T00:34:37.381045+00:00,nfl,prop_recyds,KXNFLRECYDS-26OCT05ATLNO-ATLOZACCHEAUS14-25,Olamide Zaccheaus: 25+ receiving yards,price moved +14c,0,14,14,0,4,4,False,,,
2026-10-03T00:34:37.381045+00:00,nfl,prop_rec,KXNFLREC-26OCT04INDWAS-WASTMCLAURIN17-2,Terry McLaurin: 2+ receptions,price moved +93c,0,93,93,0,1,1,False,,,
2026-10-03T00:34:37.381045+00:00,nfl,prop_rec,KXNFLREC-26OCT04INDWAS-WASTMCLAURIN17-4,Terry McLaurin: 4+ receptions,volume spike x3.2,58,60,2,18,58,40,False,,,
2026-10-03T00:34:37.381045+00:00,nfl,prop_rec,KXNFLREC-26OCT04INDWAS-WASAWILLIAMS14-6,Antonio Williams: 6+ receptions,price moved +7c,0,7,7,0,134,134,False,,,
2026-10-03T00:34:37.381045+00:00,nfl,prop_rec,KXNFLREC-26OCT04INDWAS-INDTWARREN84-4,Tyler Warren: 4+ receptions,price moved +80c,0,80,80,0,31,31,False,,,
2026-10-03T00:34:37.381045+00:00,nfl,prop_rec,KXNFLREC-26OCT04INDWAS-INDTWARREN84-5,Tyler Warren: 5+ receptions,volume spike x90.0,65,64,-1,1,90,89,False,,,
2026-10-03T00:34:37.381045+00:00,nfl,prop_rec,KXNFLREC-26OCT04INDWAS-INDDSLAYTON11-4,Darius Slayton: 4+ receptions,volume spike x3.1,7,7,0,157,492,335,False,,,
2026-10-03T00:34:37.381045+00:00,nfl,prop_rec,KXNFLREC-26OCT04INDWAS-INDLTREADWELL13-4,Laquon Treadwell: 4+ receptions,price moved +8c,0,8,8,0,120,120,False,,,
2026-10-03T00:34:37.381045+00:00,nfl,prop_rec,KXNFLREC-26OCT04ARINYG-NYGILIKELY9-4,Isaiah Likely: 4+ receptions,volume spike x110.0,60,60,0,1,110,109,False,,,
2026-10-03T00:34:37.381045+00:00,nfl,prop_rec,KXNFLREC-26OCT04ARINYG-NYGILIKELY9-5,Isaiah Likely: 5+ receptions,volume spike x77.7,41,42,1,6,466,460,False,,,
2026-10-03T00:34:37.381045+00:00,nfl,prop_rec,KXNFLREC-26OCT04ARINYG-NYGILIKELY9-8,Isaiah Likely: 8+ receptions,price moved +9c,0,9,9,0,4,4,False,,,
2026-10-03T00:34:37.381045+00:00,nfl,prop_rec,KXNFLREC-26OCT04ARINYG-NYGMNABERS1-3,Malik Nabers: 3+ receptions,price moved +85c,0,85,85,0,2,2,False,,,
2026-10-03T00:34:37.381045+00:00,nfl,prop_rec,KXNFLREC-26OCT04ARINYG-NYGCSKATTEBO44-5,Cam Skattebo: 5+ receptions,volume spike x26.6,17,17,0,11,293,282,False,,,
2026-10-03T00:34:37.381045+00:00,nfl,prop_rec,KXNFLREC-26OCT04ARINYG-NYGCSKATTEBO44-6,Cam Skattebo: 6+ receptions,price moved +9c,0,9,9,0,261,261,False,,,
2026-10-03T00:34:37.381045+00:00,nfl,prop_rec,KXNFLREC-26OCT04ARINYG-ARIKBOURNE17-3,Kendrick Bourne: 3+ receptions,price moved +41c,0,41,41,0,4,4,False,,,
2026-10-03T00:34:37.381045+00:00,nfl,prop_rec,KXNFLREC-26OCT04ARINYG-ARIJLOVE4-5,Jeremiyah Love: 5+ receptions,price moved +24c,0,24,24,0,4,4,False,,,
2026-10-03T00:34:37.381045+00:00,nfl,prop_rec,KXNFLREC-26OCT04ARINYG-ARITMCBRIDE85-4,Trey McBride: 4+ receptions,price moved +90c,0,90,90,0,18,18,False,,,
2026-10-03T00:34:37.381045+00:00,nfl,prop_rec,KXNFLREC-26OCT04ARINYG-ARIMWILSON14-7,Michael Wilson: 7+ receptions,volume spike x3.0,29,29,0,82,246,164,False,,,
2026-10-03T00:34:37.381045+00:00,nfl,prop_rec,KXNFLREC-26OCT04DALHOU-HOUWMARKS4-2,Woody Marks: 2+ receptions,price moved +55c,0,55,55,0,498,498,False,,,
2026-10-03T00:34:37.381045+00:00,nfl,prop_rec,KXNFLREC-26OCT04DALHOU-HOUJNOEL13-2,Jaylin Noel: 2+ receptions,volume spike x440.5,38,38,0,2,881,879,False,,,
2026-10-03T00:34:37.381045+00:00,nfl,prop_rec,KXNFLREC-26OCT04DALHOU-DALJFERGUSON87-5,Jake Ferguson: 5+ receptions,price moved +30c,0,30,30,0,327,327,False,,,
2026-10-03T00:34:37.381045+00:00,nfl,prop_rec,KXNFLREC-26OCT04DALHOU-DALJFERGUSON87-6,Jake Ferguson: 6+ receptions,price moved +18c,0,18,18,0,277,277,False,,,
2026-10-03T00:34:37.381045+00:00,nfl,prop_rec,KXNFLREC-26OCT04DALHOU-DALCLAMB88-5,CeeDee Lamb: 5+ receptions,volume spike x3.0,70,70,0,7,21,14,False,,,
2026-10-03T00:34:37.381045+00:00,nfl,prop_rec,KXNFLREC-26OCT04DALHOU-DALCLAMB88-7,CeeDee Lamb: 7+ receptions,volume spike x3.6,40,38,-2,12,43,31,False,,,
2026-10-03T00:34:37.381045+00:00,nfl,prop_rec,KXNFLREC-26OCT04DALHOU-DALCLAMB88-8,CeeDee Lamb: 8+ receptions,price moved +25c,0,25,25,0,31,31,False,,,
2026-10-03T00:34:37.381045+00:00,nfl,prop_rec,KXNFLREC-26OCT04DALHOU-HOUFMOREAU87-2,Foster Moreau: 2+ receptions,price moved +36c,0,36,36,0,823,823,False,,,
2026-10-03T00:34:37.381045+00:00,nfl,prop_rec,KXNFLREC-26OCT04GBTB-GBMGOLDEN0-4,Matthew Golden: 4+ receptions,price moved +69c,0,69,69,0,40,40,False,,,
2026-10-03T00:34:37.381045+00:00,nfl,prop_rec,KXNFLREC-26OCT04GBTB-GBCWATSON9-3,Christian Watson: 3+ receptions,price moved -12c,96,84,-12,10,22,12,False,,,
2026-10-03T00:34:37.381045+00:00,nfl,prop_rec,KXNFLREC-26OCT04GBTB-TBKGAINWELL1-5,Kenny Gainwell: 5+ receptions,price moved +8c,0,8,8,0,1,1,False,,,
2026-10-03T00:34:37.381045+00:00,nfl,prop_rec,KXNFLREC-26OCT04GBTB-TBBIRVING7-3,Bucky Irving: 3+ receptions,price moved +51c,0,51,51,0,47,47,False,,,
2026-10-03T00:34:37.381045+00:00,nfl,prop_rec,KXNFLREC-26OCT04JACCIN-CINCBROWN30-2,Chase Brown: 2+ receptions,volume spike x5.3,86,84,-2,11,58,47,False,,,
2026-10-03T00:34:37.381045+00:00,nfl,prop_rec,KXNFLREC-26OCT04JACCIN-CINJCHASE1-5,Ja'Marr Chase: 5+ receptions,price moved +79c,0,79,79,0,50,50,False,,,
2026-10-03T00:34:37.381045+00:00,nfl,prop_rec,KXNFLREC-26OCT04JACCIN-CINTHIGGINS5-2,Tee Higgins: 2+ receptions,price moved +92c,0,92,92,0,48,48,False,,,
2026-10-03T00:34:37.381045+00:00,nfl,prop_rec,KXNFLREC-26OCT04JACCIN-CINTHIGGINS5-5,Tee Higgins: 5+ receptions,price moved +48c,0,48,48,0,428,428,False,,,
2026-10-03T00:34:37.381045+00:00,nfl,prop_rec,KXNFLREC-26OCT04JACCIN-CINSPERINE34-2,Samaje Perine: 2+ receptions,price moved +49c,0,49,49,0,204,204,False,,,
2026-10-03T00:34:37.381045+00:00,nfl,prop_rec,KXNFLREC-26OCT04JACCIN-CINDSAMPLE89-2,Drew Sample: 2+ receptions,volume spike x4.0,42,41,-1,204,812,608,False,,,
2026-10-03T00:34:37.381045+00:00,nfl,prop_rec,KXNFLREC-26OCT04JACCIN-JACBSTRANGE85-4,Brenton Strange: 4+ receptions,volume spike x8.0,45,46,1,46,367,321,False,,,
2026-10-03T00:34:37.381045+00:00,nfl,prop_rec,KXNFLREC-26OCT04JACCIN-JACPWASHINGTON11-8,Parker Washington: 8+ receptions,volume spike x5.2,20,18,-2,23,119,96,False,,,
2026-10-03T00:34:37.381045+00:00,nfl,prop_rec,KXNFLREC-26OCT04JACCIN-JACPWASHINGTON11-9,Parker Washington: 9+ receptions,price moved +11c,0,11,11,0,23,23,False,,,
2026-10-03T00:34:37.381045+00:00,nfl,prop_rec,KXNFLREC-26OCT04JACCIN-JACJCAMERON19-3,Josh Cameron: 3+ receptions,price moved +15c,0,15,15,0,25,25,False,,,
2026-10-03T00:34:37.381045+00:00,nfl,prop_rec,KXNFLREC-26OCT04LARPHI-PHIJMUNDT83-2,Johnny Mundt: 2+ receptions,volume spike x5.9,36,37,1,206,1211,1005,False,,,
2026-10-03T00:34:37.381045+00:00,nfl,prop_rec,KXNFLREC-26OCT04LARPHI-PHIJMUNDT83-3,Johnny Mundt: 3+ receptions,price moved +16c,0,16,16,0,13,13,False,,,
2026-10-03T00:34:37.381045+00:00,nfl,prop_rec,KXNFLREC-26OCT04LARPHI-PHIDWICKS13-2,Dontayvion Wicks: 2+ receptions,volume spike x3.1,88,88,0,38,118,80,False,,,
2026-10-03T00:34:37.381045+00:00,nfl,prop_rec,KXNFLREC-26OCT04LARPHI-PHIDWICKS13-6,Dontayvion Wicks: 6+ receptions,price moved -7c,28,21,-7,545,546,1,False,,,
2026-10-03T00:34:37.381045+00:00,nfl,prop_rec,KXNFLREC-26OCT04LARPHI-PHIDWICKS13-8,Dontayvion Wicks: 8+ receptions,price moved -13c,18,5,-13,25,26,1,False,,,
2026-10-03T00:34:37.381045+00:00,nfl,prop_rec,KXNFLREC-26OCT04NEBUF-BUFJCOOK4-3,James Cook III: 3+ receptions,price moved +25c,0,25,25,0,7,7,False,,,
2026-10-03T00:34:37.381045+00:00,nfl,prop_rec,KXNFLREC-26OCT04NEBUF-BUFDKINCAID86-4,Dalton Kincaid: 4+ receptions,price moved +63c,0,63,63,0,5,5,False,,,
2026-10-03T00:34:37.381045+00:00,nfl,prop_rec,KXNFLREC-26OCT04NEBUF-BUFKSHAKIR10-5,Khalil Shakir: 5+ receptions,volume spike x318.0,38,36,-2,1,318,317,False,,,
2026-10-03T00:34:37.381045+00:00,nfl,prop_rec,KXNFLREC-26OCT04NEBUF-NEMHOLLINS13-5,Mack Hollins: 5+ receptions,volume spike x5.8,30,34,4,30,173,143,False,,,
2026-10-03T00:34:37.381045+00:00,nfl,prop_rec,KXNFLREC-26OCT04NEBUF-BUFDMOORE2-4,DJ Moore: 4+ receptions,price moved +59c,0,59,59,0,36,36,False,,,
2026-10-03T00:34:37.381045+00:00,nfl,prop_rec,KXNFLREC-26OCT04NYJCHI-CHILBURDEN10-2,Luther Burden III: 2+ receptions,price moved +91c,0,91,91,0,3,3,False,,,
2026-10-03T00:34:37.381045+00:00,nfl,prop_rec,KXNFLREC-26OCT04NYJCHI-CHILBURDEN10-4,Luther Burden III: 4+ receptions,price moved +66c,0,66,66,0,14,14,False,,,
2026-10-03T00:34:37.381045+00:00,nfl,prop_rec,KXNFLREC-26OCT04NYJCHI-CHICLOVELAND84-5,Colston Loveland: 5+ receptions,price moved +31c,0,31,31,0,0,0,False,,,
2026-10-03T00:34:37.381045+00:00,nfl,prop_rec,KXNFLREC-26OCT04NYJCHI-CHIKMONANGAI25-2,Kyle Monangai: 2+ receptions,price moved -12c,44,32,-12,553,851,298,False,,,
2026-10-03T00:34:37.381045+00:00,nfl,prop_rec,KXNFLREC-26OCT04NYJCHI-NYJBALLEN0-3,Braelon Allen: 3+ receptions,price moved +33c,0,33,33,0,318,318,False,,,
2026-10-03T00:34:37.381045+00:00,nfl,prop_rec,KXNFLREC-26OCT04TENBAL-BALMANDREWS89-2,Mark Andrews: 2+ receptions,price moved +90c,0,90,90,0,1,1,False,,,
2026-10-03T00:34:37.381045+00:00,nfl,prop_rec,KXNFLREC-26OCT04TENBAL-TENCRIDLEY0-2,Calvin Ridley: 2+ receptions,price moved +31c,0,31,31,0,6,6,False,,,
2026-10-03T00:34:37.381045+00:00,nfl,prop_rec,KXNFLREC-26OCT04TENBAL-BALZFLOWERS4-3,Zay Flowers: 3+ receptions,price moved +84c,0,84,84,0,17,17,False,,,
2026-10-03T00:34:37.381045+00:00,nfl,prop_rec,KXNFLREC-26OCT04TENBAL-TENTPOLLARD20-3,Tony Pollard: 3+ receptions,price moved +7c,28,35,7,60,523,463,False,,,
2026-10-03T00:34:37.381045+00:00,nfl,prop_rec,KXNFLREC-26OCT04TENBAL-TENTPOLLARD20-3,Tony Pollard: 3+ receptions,volume spike x8.7,28,35,7,60,523,463,False,,,
2026-10-03T00:34:37.381045+00:00,nfl,prop_rec,KXNFLREC-26OCT04MIAMIN-MIAJWRIGHT5-4,Jaylen Wright: 4+ receptions,price moved +7c,0,7,7,0,338,338,False,,,
2026-10-03T00:34:37.381045+00:00,nfl,prop_rec,KXNFLREC-26OCT04MIAMIN-MINJADDISON3-2,Jordan Addison: 2+ receptions,price moved +91c,0,91,91,0,49,49,False,,,
2026-10-03T00:34:37.381045+00:00,nfl,prop_rec,KXNFLREC-26OCT04MIAMIN-MIAKCOLEMAN21-2,Kevin Coleman Jr.: 2+ receptions,volume spike x48.0,52,51,-1,3,144,141,False,,,
2026-10-03T00:34:37.381045+00:00,nfl,prop_rec,KXNFLREC-26OCT04MIAMIN-MIAOGORDON0-2,Ollie Gordon II: 2+ receptions,price moved +37c,0,37,37,0,150,150,False,,,
2026-10-03T00:34:37.381045+00:00,nfl,prop_rec,KXNFLREC-26OCT04MIAMIN-MIAOGORDON0-4,Ollie Gordon II: 4+ receptions,price moved +7c,0,7,7,0,425,425,False,,,
2026-10-03T00:34:37.381045+00:00,nfl,prop_rec,KXNFLREC-26OCT04MIAMIN-MIARMILLER84-1,Ryan Miller: 1+ receptions,volume spike x3.6,59,54,-5,123,439,316,False,,,
2026-10-03T00:34:37.381045+00:00,nfl,prop_rec,KXNFLREC-26OCT04MIAMIN-MIARMILLER84-3,Ryan Miller: 3+ receptions,volume spike x4.0,14,10,-4,403,1617,1214,False,,,
2026-10-03T00:34:37.381045+00:00,nfl,prop_rec,KXNFLREC-26OCT04MIAMIN-MINJJENNINGS14-3,Jauan Jennings: 3+ receptions,volume spike x9.5,44,47,3,109,1032,923,False,,,
2026-10-03T00:34:37.381045+00:00,nfl,prop_rec,KXNFLREC-26OCT04MIAMIN-MINTFELTON13-2,Tai Felton: 2+ receptions,volume spike x8.2,48,49,1,100,818,718,False,,,
2026-10-03T00:34:37.381045+00:00,nfl,prop_rec,KXNFLREC-26OCT04MIAMIN-MINTFELTON13-3,Tai Felton: 3+ receptions,price moved +25c,0,25,25,0,152,152,False,,,
2026-10-03T00:34:37.381045+00:00,nfl,prop_rec,KXNFLREC-26OCT04MIAMIN-MINTFELTON13-4,Tai Felton: 4+ receptions,price moved +12c,0,12,12,0,156,156,False,,,
2026-10-03T00:34:37.381045+00:00,nfl,prop_rec,KXNFLREC-26OCT04MIAMIN-MIACBELL18-3,Chris Bell: 3+ receptions,price moved +47c,0,47,47,0,61,61,False,,,
2026-10-03T00:34:37.381045+00:00,nfl,prop_rec,KXNFLREC-26OCT04DENSF-SFKJUSZCZYK44-3,Kyle Juszczyk: 3+ receptions,price moved +16c,0,16,16,0,118,118,False,,,
2026-10-03T00:34:37.381045+00:00,nfl,prop_rec,KXNFLREC-26OCT04DENSF-SFGKITTLE85-5,George Kittle: 5+ receptions,price moved +53c,0,53,53,0,646,646,False,,,
2026-10-03T00:34:37.381045+00:00,nfl,prop_rec,KXNFLREC-26OCT04DENSF-SFCMCCAFFREY23-6,Christian McCaffrey: 6+ receptions,price moved +40c,0,40,40,0,482,482,False,,,
2026-10-03T00:34:37.381045+00:00,nfl,prop_rec,KXNFLREC-26OCT04DENSF-SFCMCCAFFREY23-8,Christian McCaffrey: 8+ receptions,volume spike x8.8,14,15,1,40,354,314,False,,,
2026-10-03T00:34:37.381045+00:00,nfl,prop_rec,KXNFLREC-26OCT04DENSF-DENCSUTTON14-3,Courtland Sutton: 3+ receptions,price moved +66c,0,66,66,0,155,155,False,,,
2026-10-03T00:34:37.381045+00:00,nfl,prop_rec,KXNFLREC-26OCT04DENSF-DENCSUTTON14-4,Courtland Sutton: 4+ receptions,volume spike x4.1,43,45,2,34,141,107,False,,,
2026-10-03T00:34:37.381045+00:00,nfl,prop_rec,KXNFLREC-26OCT04DENSF-DENATRAUTMAN82-1,Adam Trautman: 1+ receptions,price moved +62c,0,62,62,0,700,700,False,,,
2026-10-03T00:34:37.381045+00:00,nfl,prop_rec,KXNFLREC-26OCT04KCLV-LVAJEANTY2-4,Ashton Jeanty: 4+ receptions,volume spike x14.8,44,43,-1,30,443,413,False,,,
2026-10-03T00:34:37.381045+00:00,nfl,prop_rec,KXNFLREC-26OCT04KCLV-KCTKELCE87-5,Travis Kelce: 5+ receptions,price moved +45c,0,45,45,0,71,71,False,,,
2026-10-03T00:34:37.381045+00:00,nfl,prop_rec,KXNFLREC-26OCT04KCLV-KCKWALKER9-3,Kenneth Walker III: 3+ receptions,volume spike x101.7,57,58,1,6,610,604,False,,,
2026-10-03T00:34:37.381045+00:00,nfl,prop_rec,KXNFLREC-26OCT04KCLV-KCXWORTHY1-3,Xavier Worthy: 3+ receptions,price moved +59c,0,59,59,0,51,51,False,,,
2026-10-03T00:34:37.381045+00:00,nfl,prop_rec,KXNFLREC-26OCT04KCLV-LVCWHITE82-2,Cody White: 2+ receptions,price moved +34c,0,34,34,0,28,28,False,,,
2026-10-03T00:34:37.381045+00:00,nfl,prop_rec,KXNFLREC-26OCT04KCLV-LVCWHITE82-3,Cody White: 3+ receptions,price moved +15c,0,15,15,0,130,130,False,,,
2026-10-03T00:34:37.381045+00:00,nfl,prop_rec,KXNFLREC-26OCT04LACSEA-SEAABARNER88-5,AJ Barner: 5+ receptions,price moved +26c,0,26,26,0,21,21,False,,,
2026-10-03T00:34:37.381045+00:00,nfl,prop_rec,KXNFLREC-26OCT04DETCAR-CARTMCMILLAN4-3,Tetairoa McMillan: 3+ receptions,price moved +83c,0,83,83,0,1,1,False,,,
2026-10-03T00:34:37.381045+00:00,nfl,prop_rec,KXNFLREC-26OCT04DETCAR-CARDWALLER88-6,Darren Waller: 6+ receptions,volume spike x6.1,13,14,1,25,153,128,False,,,
2026-10-03T00:34:37.381045+00:00,nfl,prop_rec,KXNFLREC-26OCT04DETCAR-DETJGIBBS0-6,Jahmyr Gibbs: 6+ receptions,price moved +37c,0,37,37,0,2,2,False,,,
2026-10-03T00:34:37.381045+00:00,nfl,prop_rec,KXNFLREC-26OCT04DETCAR-DETASTBROWN14-8,Amon-Ra St. Brown: 8+ receptions,price moved +43c,0,43,43,0,22,22,False,,,
2026-10-03T00:34:37.381045+00:00,nfl,prop_longrec,KXNFLLONGREC-26OCT04KCLV-LVCWHITE82-9,Cody White: longest reception over 8.5 yards,price moved +43c,0,43,43,0,3,3,False,,,
2026-10-03T00:34:37.381045+00:00,nfl,prop_rryds,KXNFLRRYDS-26OCT04INDWAS-INDJTAYLOR28-110,Jonathan Taylor: 110+ rushing and receiving yards combined,volume spike x8.7,55,54,-1,135,1173,1038,False,,,
2026-10-03T00:34:37.381045+00:00,nfl,prop_rryds,KXNFLRRYDS-26OCT04GBTB-TBKGAINWELL1-30,Kenny Gainwell: 30+ rushing and receiving yards combined,price moved +46c,0,46,46,0,13,13,False,,,
2026-10-03T00:34:37.381045+00:00,nfl,prop_rryds,KXNFLRRYDS-26OCT04GBTB-TBKGAINWELL1-55,Kenny Gainwell: 55+ rushing and receiving yards combined,price moved -12c,25,13,-12,58,92,34,False,,,
2026-10-03T00:34:37.381045+00:00,nfl,prop_rryds,KXNFLRRYDS-26OCT04JACCIN-CINCBROWN30-115,Chase Brown: 115+ rushing and receiving yards combined,volume spike x93.0,27,23,-4,1,93,92,False,,,
2026-10-03T00:34:37.381045+00:00,nfl,prop_rryds,KXNFLRRYDS-26OCT04JACCIN-JACBTUTEN33-70,Bhayshul Tuten: 70+ rushing and receiving yards combined,volume spike x7.9,51,51,0,7,55,48,False,,,
2026-10-03T00:34:37.381045+00:00,nfl,prop_rryds,KXNFLRRYDS-26OCT04JACCIN-CINSPERINE34-55,Samaje Perine: 55+ rushing and receiving yards combined,price moved +12c,0,12,12,0,10,10,False,,,
2026-10-03T00:34:37.381045+00:00,nfl,prop_rryds,KXNFLRRYDS-26OCT04NYJCHI-CHIDSWIFT4-80,D'Andre Swift: 80+ rushing and receiving yards combined,volume spike x5.3,50,54,4,26,137,111,False,,,
2026-10-03T00:34:37.381045+00:00,nfl,prop_rryds,KXNFLRRYDS-26OCT04NYJCHI-CHIDSWIFT4-130,D'Andre Swift: 130+ rushing and receiving yards combined,price moved +9c,0,9,9,0,2,2,False,,,
2026-10-03T00:34:37.381045+00:00,nfl,prop_rryds,KXNFLRRYDS-26OCT04NYJCHI-NYJBALLEN0-70,Braelon Allen: 70+ rushing and receiving yards combined,volume spike x56.0,54,53,-1,1,56,55,False,,,
2026-10-03T00:34:37.381045+00:00,nfl,prop_rryds,KXNFLRRYDS-26OCT04NYJCHI-NYJBALLEN0-120,Braelon Allen: 120+ rushing and receiving yards combined,volume spike x11.5,8,8,0,4,46,42,False,,,
2026-10-03T00:34:37.381045+00:00,nfl,prop_rryds,KXNFLRRYDS-26OCT04NYJCHI-NYJIDAVIS32-65,Isaiah Davis: 65+ rushing and receiving yards combined,price moved -9c,21,12,-9,8,13,5,False,,,
2026-10-03T00:34:37.381045+00:00,nfl,prop_rryds,KXNFLRRYDS-26OCT04NYJCHI-CHIKMONANGAI25-50,Kyle Monangai: 50+ rushing and receiving yards combined,price moved +52c,0,52,52,0,93,93,False,,,
2026-10-03T00:34:37.381045+00:00,nfl,prop_rryds,KXNFLRRYDS-26OCT04NYJCHI-CHIKMONANGAI25-75,Kyle Monangai: 75+ rushing and receiving yards combined,price moved +23c,0,23,23,0,24,24,False,,,
2026-10-03T00:34:37.381045+00:00,nfl,prop_rryds,KXNFLRRYDS-26OCT04MIAMIN-MINAJONES33-140,Aaron Jones Sr.: 140+ rushing and receiving yards combined,price moved +8c,0,8,8,0,2,2,False,,,
2026-10-03T00:34:37.381045+00:00,nfl,prop_rryds,KXNFLRRYDS-26OCT04MIAMIN-MIAJWRIGHT5-40,Jaylen Wright: 40+ rushing and receiving yards combined,volume spike x3.5,49,50,1,23,81,58,False,,,
2026-10-03T00:34:37.381045+00:00,nfl,prop_rryds,KXNFLRRYDS-26OCT04MIAMIN-MIAJWRIGHT5-65,Jaylen Wright: 65+ rushing and receiving yards combined,price moved +17c,0,17,17,0,27,27,False,,,
2026-10-03T00:34:37.381045+00:00,nfl,prop_rryds,KXNFLRRYDS-26OCT04DENSF-SFCMCCAFFREY23-135,Christian McCaffrey: 135+ rushing and receiving yards combined,price moved +51c,0,51,51,0,98,98,False,,,
2026-10-03T00:34:37.381045+00:00,nfl,prop_rryds,KXNFLRRYDS-26OCT04DETCAR-CARCHUBBARD30-90,Chuba Hubbard: 90+ rushing and receiving yards combined,volume spike x115.0,53,51,-2,1,115,114,False,,,
2026-10-03T00:34:37.381045+00:00,nfl,prop_rryds,KXNFLRRYDS-26OCT04DETCAR-DETJGIBBS0-190,Jahmyr Gibbs: 190+ rushing and receiving yards combined,price moved +19c,0,19,19,0,14,14,False,,,
2026-10-03T00:34:37.381045+00:00,nfl,prop_td,KXNFLTD-26OCT04INDWAS-WASTMCLAURIN17-2,Terry McLaurin: 2+ touchdowns,volume spike x3.1,3,3,0,191,586,395,False,,,
2026-10-03T00:34:37.381045+00:00,nfl,prop_td,KXNFLTD-26OCT04INDWAS-INDLTREADWELL13-1,Laquon Treadwell: 1+ touchdowns,volume spike x5.3,14,14,0,41,218,177,False,,,
2026-10-03T00:34:37.381045+00:00,nfl,prop_td,KXNFLTD-26OCT04ARINYG-NYGMNABERS1-2,Malik Nabers: 2+ touchdowns,volume spike x3.0,6,6,0,388,1170,782,False,,,
2026-10-03T00:34:37.381045+00:00,nfl,prop_td,KXNFLTD-26OCT04DALHOU-HOUWMARKS4-1,Woody Marks: 1+ touchdowns,volume spike x6.0,30,31,1,31,185,154,False,,,
2026-10-03T00:34:37.381045+00:00,nfl,prop_td,KXNFLTD-26OCT04DALHOU-HOUDMONTGOMERY32-2,David Montgomery: 2+ touchdowns,volume spike x3.6,18,18,0,102,364,262,False,,,
2026-10-03T00:34:37.381045+00:00,nfl,prop_td,KXNFLTD-26OCT04DALHOU-DALJFERGUSON87-2,Jake Ferguson: 2+ touchdowns,volume spike x3.6,3,3,0,120,432,312,False,,,
2026-10-03T00:34:37.381045+00:00,nfl,prop_td,KXNFLTD-26OCT04GBTB-TBBIRVING7-3,Bucky Irving: 3+ touchdowns,volume spike x20.2,3,1,-2,30,606,576,False,,,
2026-10-03T00:34:37.381045+00:00,nfl,prop_td,KXNFLTD-26OCT04GBTB-TBTJOHNSON15-1,Tez Johnson: 1+ touchdowns,price moved +10c,0,10,10,0,9,9,False,,,
2026-10-03T00:34:37.381045+00:00,nfl,prop_td,KXNFLTD-26OCT04GBTB-TBCOTTON88-1,Cade Otton: 1+ touchdowns,volume spike x16.1,13,13,0,83,1340,1257,False,,,
2026-10-03T00:34:37.381045+00:00,nfl,prop_td,KXNFLTD-26OCT04JACCIN-JACTHUNTER12-1,Travis Hunter: 1+ touchdowns,volume spike x3.2,7,6,-1,77,244,167,False,,,
2026-10-03T00:34:37.381045+00:00,nfl,prop_td,KXNFLTD-26OCT04LARPHI-PHIPHIDST-1,PHI Eagles D/ST: 1+ touchdowns,volume spike x3.1,11,15,4,88,269,181,False,,,
2026-10-03T00:34:37.381045+00:00,nfl,prop_td,KXNFLTD-26OCT04LARPHI-PHITBIGSBY8-1,Tank Bigsby: 1+ touchdowns,volume spike x3.2,10,10,0,578,1858,1280,False,,,
2026-10-03T00:34:37.381045+00:00,nfl,prop_td,KXNFLTD-26OCT04LARPHI-LARBCORUM24-3,Blake Corum: 3+ touchdowns,volume spike x9.3,3,1,-2,29,269,240,False,,,
2026-10-03T00:34:37.381045+00:00,nfl,prop_td,KXNFLTD-26OCT04LARPHI-LARPNACUA12-1,Puka Nacua: 1+ touchdowns,price moved +40c,0,40,40,0,2442,2442,False,,,
2026-10-03T00:34:37.381045+00:00,nfl,prop_td,KXNFLTD-26OCT04LARPHI-LARPNACUA12-2,Puka Nacua: 2+ touchdowns,price moved +9c,0,9,9,0,564,564,False,,,
2026-10-03T00:34:37.381045+00:00,nfl,prop_td,KXNFLTD-26OCT04NEBUF-NEDDOUGLAS3-1,DeMario Douglas: 1+ touchdowns,volume spike x68.2,17,18,1,19,1295,1276,False,,,
2026-10-03T00:34:37.381045+00:00,nfl,prop_td,KXNFLTD-26OCT04NEBUF-NEHHENRY85-1,Hunter Henry: 1+ touchdowns,volume spike x4.9,25,26,1,36,175,139,False,,,
2026-10-03T00:34:37.381045+00:00,nfl,prop_td,KXNFLTD-26OCT04NYJCHI-NYJGSMITH7-1,Geno Smith: 1+ touchdowns,volume spike x4.5,10,10,0,47,213,166,False,,,
2026-10-03T00:34:37.381045+00:00,nfl,prop_td,KXNFLTD-26OCT04NYJCHI-CHIKMONANGAI25-1,Kyle Monangai: 1+ touchdowns,price moved -7c,38,31,-7,208397,223027,14630,False,,,
2026-10-03T00:34:37.381045+00:00,nfl,prop_td,KXNFLTD-26OCT04NYJCHI-NYJBALLEN0-2,Braelon Allen: 2+ touchdowns,volume spike x12.8,11,10,-1,4,51,47,False,,,
2026-10-03T00:34:37.381045+00:00,nfl,prop_td,KXNFLTD-26OCT04NYJCHI-NYJJRUCKERT89-1,Jeremy Ruckert: 1+ touchdowns,price moved +10c,0,10,10,0,3,3,False,,,
2026-10-03T00:34:37.381045+00:00,nfl,prop_td,KXNFLTD-26OCT04TENBAL-BALLJACKSON8-3,Lamar Jackson: 3+ touchdowns,volume spike x8.8,2,1,-1,46,406,360,False,,,
2026-10-03T00:34:37.381045+00:00,nfl,prop_td,KXNFLTD-26OCT04TENBAL-BALJHILL43-1,Justice Hill: 1+ touchdowns,volume spike x6.8,15,14,-1,252,1726,1474,False,,,
2026-10-03T00:34:37.381045+00:00,nfl,prop_td,KXNFLTD-26OCT04MIAMIN-MINGBARTHOLOMEW86-1,Gavin Bartholomew: 1+ touchdowns,price moved +7c,0,7,7,0,580,580,False,,,
2026-10-03T00:34:37.381045+00:00,nfl,prop_td,KXNFLTD-26OCT04MIAMIN-MINMBREDESON45-1,Max Bredeson: 1+ touchdowns,price moved +7c,0,7,7,0,0,0,False,,,
2026-10-03T00:34:37.381045+00:00,nfl,prop_td,KXNFLTD-26OCT04MIAMIN-MIACBELL18-1,Chris Bell: 1+ touchdowns,price moved +10c,0,10,10,0,1763,1763,False,,,
2026-10-03T00:34:37.381045+00:00,nfl,prop_td,KXNFLTD-26OCT04DENSF-DENJDOBBINS27-3,J.K. Dobbins: 3+ touchdowns,volume spike x5.0,3,3,0,5,25,20,False,,,
2026-10-03T00:34:37.381045+00:00,nfl,prop_td,KXNFLTD-26OCT04DENSF-SFBCOOKS84-1,Brandin Cooks: 1+ touchdowns,volume spike x6.8,12,11,-1,62,423,361,False,,,
2026-10-03T00:34:37.381045+00:00,nfl,prop_td,KXNFLTD-26OCT04KCLV-KCTKELCE87-3,Travis Kelce: 3+ touchdowns,volume spike x11.0,3,2,-1,10,110,100,False,,,
2026-10-03T00:34:37.381045+00:00,nfl,prop_td,KXNFLTD-26OCT04KCLV-LVLVDST-1,LV Raiders D/ST: 1+ touchdowns,volume spike x4.1,14,13,-1,26,106,80,False,,,
2026-10-03T00:34:37.381045+00:00,nfl,prop_td,KXNFLTD-26OCT04LACSEA-SEAJSMITHNJIGBA11-1,Jaxon Smith-Njigba: 1+ touchdowns,volume spike x4.4,52,53,1,13598,59593,45995,False,,,
2026-10-03T00:34:37.381045+00:00,nfl,prop_td,KXNFLTD-26OCT04LACSEA-SEAGHOLANI36-1,George Holani: 1+ touchdowns,price moved +9c,26,35,9,2027,34348,32321,False,,,
2026-10-03T00:34:37.381045+00:00,nfl,prop_td,KXNFLTD-26OCT04LACSEA-SEAGHOLANI36-1,George Holani: 1+ touchdowns,volume spike x16.9,26,35,9,2027,34348,32321,False,,,
2026-10-03T00:34:37.381045+00:00,nfl,prop_td,KXNFLTD-26OCT04LACSEA-SEAJPRICE8-1,Jadarian Price: 1+ touchdowns,volume spike x7.6,39,39,0,80,611,531,False,,,
2026-10-03T00:34:37.381045+00:00,nfl,prop_td,KXNFLTD-26OCT04LACSEA-SEAEWILSON23-2,Emanuel Wilson: 2+ touchdowns,volume spike x11.4,6,10,4,100,1137,1037,False,,,
2026-10-03T00:34:37.381045+00:00,nfl,prop_td,KXNFLTD-26OCT04LACSEA-SEAEWILSON23-3,Emanuel Wilson: 3+ touchdowns,volume spike x4.2,1,3,2,300,1246,946,False,,,
2026-10-03T00:34:37.381045+00:00,nfl,prop_td,KXNFLTD-26OCT04DETCAR-CARJMETCHIE13-1,John Metchie III: 1+ touchdowns,price moved +11c,0,11,11,0,38,38,False,,,
2026-10-03T00:34:37.381045+00:00,nfl,prop_td,KXNFLTD-26OCT05ATLNO-NOAKAMARA41-2,Alvin Kamara: 2+ touchdowns,volume spike x7.7,11,10,-1,75,577,502,False,,,
2026-10-03T00:34:37.381045+00:00,nfl,prop_td,KXNFLTD-26OCT05ATLNO-ATLKPITTS8-2,Kyle Pitts Sr.: 2+ touchdowns,volume spike x4.4,2,3,1,37,162,125,False,,,
2026-10-03T00:34:37.381045+00:00,nfl,prop_firsttd,KXNFLFIRSTTD-26OCT04INDWAS-WASAWILLIAMS14,Antonio Williams: 1st Touchdown,volume spike x230.3,3,3,0,157,36157,36000,False,,,
2026-10-03T00:34:37.381045+00:00,nfl,prop_firsttd,KXNFLFIRSTTD-26OCT04ARINYG-NYGDSINGLETARY26,Devin Singletary: 1st Touchdown,volume spike x4.0,3,3,0,33,133,100,False,,,
2026-10-03T00:34:37.381045+00:00,nfl,prop_firsttd,KXNFLFIRSTTD-26OCT04DALHOU-HOUDMONTGOMERY32,David Montgomery: 1st Touchdown,volume spike x4.4,16,15,-1,84,370,286,False,,,
2026-10-03T00:34:37.381045+00:00,nfl,prop_firsttd,KXNFLFIRSTTD-26OCT04DALHOU-HOUDSCHULTZ86,Dalton Schultz: 1st Touchdown,volume spike x4.1,7,6,-1,40,165,125,False,,,
2026-10-03T00:34:37.381045+00:00,nfl,prop_firsttd,KXNFLFIRSTTD-26OCT04JACCIN-JACJCAMERON19,Josh Cameron: 1st Touchdown,volume spike x5.7,3,2,-1,18,103,85,False,,,
2026-10-03T00:34:37.381045+00:00,nfl,prop_firsttd,KXNFLFIRSTTD-26OCT04JACCIN-JACTHUNTER12,Travis Hunter: 1st Touchdown,volume spike x8.1,1,1,0,170,1380,1210,False,,,
2026-10-03T00:34:37.381045+00:00,nfl,prop_firsttd,KXNFLFIRSTTD-26OCT04JACCIN-CINMTINSLEY84,Mitchell Tinsley: 1st Touchdown,volume spike x14.4,1,1,0,77,1107,1030,False,,,
2026-10-03T00:34:37.381045+00:00,nfl,prop_firsttd,KXNFLFIRSTTD-26OCT04LARPHI-LARNO-TD,No Touchdown: 1st Touchdown,volume spike x9.6,1,1,0,54,521,467,False,,,
2026-10-03T00:34:37.381045+00:00,nfl,prop_firsttd,KXNFLFIRSTTD-26OCT04LARPHI-PHIDCOOPER80,Darius Cooper: 1st Touchdown,volume spike x4.4,3,3,0,23,101,78,False,,,
2026-10-03T00:34:37.381045+00:00,nfl,prop_firsttd,KXNFLFIRSTTD-26OCT04LARPHI-LARPNACUA12,Puka Nacua: 1st Touchdown,price moved +10c,0,10,10,0,545,545,False,,,
2026-10-03T00:34:37.381045+00:00,nfl,prop_firsttd,KXNFLFIRSTTD-26OCT04NEBUF-BUFBUFDST,BUF Bills D/ST: 1st Touchdown,volume spike x6.3,5,2,-3,75,475,400,False,,,
2026-10-03T00:34:37.381045+00:00,nfl,prop_firsttd,KXNFLFIRSTTD-26OCT04NYJCHI-NYJJRUCKERT89,Jeremy Ruckert: 1st Touchdown,volume spike x3.2,3,2,-1,23,74,51,False,,,
2026-10-03T00:34:37.381045+00:00,nfl,prop_firsttd,KXNFLFIRSTTD-26OCT04KCLV-KCTTHORNTON2,Tyquan Thornton: 1st Touchdown,volume spike x11.4,4,3,-1,11,125,114,False,,,
2026-10-03T00:34:37.381045+00:00,nfl,prop_firsttd,KXNFLFIRSTTD-26OCT04LACSEA-SEATHORTON15,Tory Horton: 1st Touchdown,volume spike x3.3,4,3,-1,117,389,272,False,,,
2026-10-03T00:34:37.381045+00:00,nfl,prop_firsttd,KXNFLFIRSTTD-26OCT04LACSEA-LACKVIDAL28,Kimani Vidal: 1st Touchdown,volume spike x5.9,2,1,-1,61,361,300,False,,,
2026-10-03T00:34:37.381045+00:00,nfl,prop_firsttd,KXNFLFIRSTTD-26OCT04DETCAR-CARCHUBBARD30,Chuba Hubbard: 1st Touchdown,price moved +14c,0,14,14,0,151,151,False,,,
2026-10-03T00:34:37.381045+00:00,nfl,prop_firsttd,KXNFLFIRSTTD-26OCT04DETCAR-DETDETDST,DET Lions D/ST: 1st Touchdown,volume spike x26.0,4,2,-2,16,416,400,False,,,
2026-10-03T00:34:37.381045+00:00,nfl,prop_firsttd,KXNFLFIRSTTD-26OCT05ATLNO-NOJJOHNSON83,Juwan Johnson: 1st Touchdown,volume spike x3.3,8,8,0,36,119,83,False,,,
2026-10-03T00:34:37.381045+00:00,nfl,prop_firsttd,KXNFLFIRSTTD-26OCT05ATLNO-NOAKAMARA41,Alvin Kamara: 1st Touchdown,volume spike x6.0,12,12,0,11,66,55,False,,,
2026-10-03T00:34:37.381045+00:00,nfl,prop_firsttd,KXNFLFIRSTTD-26OCT05ATLNO-NOKMILLER5,Kendre Miller: 1st Touchdown,price moved +7c,0,7,7,0,80,80,False,,,
2026-10-03T00:34:37.381045+00:00,nfl,prop_firsttd,KXNFLFIRSTTD-26OCT05ATLNO-NODVELE14,Devaughn Vele: 1st Touchdown,price moved +8c,0,8,8,0,93,93,False,,,
2026-10-03T00:34:37.381045+00:00,nfl,prop_ffpts,KXNFLFFPTS-26OCT04INDWAS-INDJDOWNS2-12P6,Josh Downs: Over 12.6 fantasy points,price moved +57c,0,57,57,0,0,0,False,,,
2026-10-03T00:34:37.381045+00:00,nfl,prop_ffpts,KXNFLFFPTS-26OCT04DALHOU-DALBAUBREY17-8P8,Brandon Aubrey: Over 8.8 fantasy points,price moved +51c,0,51,51,0,37,37,False,,,
2026-10-03T00:34:37.381045+00:00,nfl,prop_ffpts,KXNFLFFPTS-26OCT04DALHOU-DALRFLOURNOY19-8P1,Ryan Flournoy: Over 8.1 fantasy points,price moved +46c,0,46,46,0,35,35,False,,,
2026-10-03T00:34:37.381045+00:00,nfl,prop_ffpts,KXNFLFFPTS-26OCT04DALHOU-DALGPICKENS3-14P6,George Pickens: Over 14.6 fantasy points,price moved +55c,0,55,55,0,60,60,False,,,
2026-10-03T00:34:37.381045+00:00,nfl,prop_ffpts,KXNFLFFPTS-26OCT04GBTB-TBCMCLAUGHLIN4-7P7,Chase McLaughlin: Over 7.7 fantasy points,volume spike x10.1,54,50,-4,17,172,155,False,,,
2026-10-03T00:34:37.381045+00:00,nfl,prop_ffpts,KXNFLFFPTS-26OCT04JACCIN-JACTLAWRENCE16-20P3,Trevor Lawrence: Over 20.3 fantasy points,price moved -19c,70,51,-19,1,10,9,False,,,
2026-10-03T00:34:37.381045+00:00,nfl,prop_ffpts,KXNFLFFPTS-26OCT04LARPHI-PHIJHURTS1-16P9,Jalen Hurts: Over 16.9 fantasy points,price moved +50c,0,50,50,0,9,9,False,,,
2026-10-03T00:34:37.381045+00:00,nfl,prop_ffpts,KXNFLFFPTS-26OCT04NYJCHI-CHILBURDEN10-12P6,Luther Burden III: Over 12.6 fantasy points,price moved -29c,73,44,-29,1,19,18,False,,,
2026-10-03T00:34:37.381045+00:00,nfl,prop_ffpts,KXNFLFFPTS-26OCT04NYJCHI-CHILBURDEN10-12P6,Luther Burden III: Over 12.6 fantasy points,volume spike x19.0,73,44,-29,1,19,18,False,,,
2026-10-03T00:34:37.381045+00:00,nfl,prop_ffpts,KXNFLFFPTS-26OCT04NYJCHI-CHICKEENUM11-14P5,Case Keenum: Over 14.5 fantasy points,volume spike x3.4,3,1,-2,212,715,503,False,,,
2026-10-03T00:34:37.381045+00:00,nfl,prop_ffpts,KXNFLFFPTS-26OCT04TENBAL-BALDHENRY22-19P5,Derrick Henry: Over 19.5 fantasy points,price moved +48c,0,48,48,0,1010,1010,False,,,
2026-10-03T00:34:37.381045+00:00,nfl,prop_ffpts,KXNFLFFPTS-26OCT04MIAMIN-MINAJONES33-14P6,Aaron Jones Sr.: Over 14.6 fantasy points,price moved +66c,0,66,66,0,19,19,False,,,
2026-10-03T00:34:37.381045+00:00,nfl,prop_ffpts,KXNFLFFPTS-26OCT04DENSF-SFBPURDY13-20,Brock Purdy: Over 20 fantasy points,volume spike x54.1,57,55,-2,16,866,850,False,,,
2026-10-03T00:34:37.381045+00:00,nfl,prop_ffpts,KXNFLFFPTS-26OCT04KCLV-LVBBOWERS89-15P3,Brock Bowers: Over 15.3 fantasy points,price moved +68c,0,68,68,0,1,1,False,,,
2026-10-03T00:34:37.381045+00:00,nfl,prop_ffpts,KXNFLFFPTS-26OCT04KCLV-KCTKELCE87-11P8,Travis Kelce: Over 11.8 fantasy points,volume spike x34.1,51,52,1,26,886,860,False,,,
2026-10-03T00:34:37.381045+00:00,nfl,prop_ffpts,KXNFLFFPTS-26OCT04LACSEA-SEAJSMITHNJIGBA11-22P2,Jaxon Smith-Njigba: Over 22.2 fantasy points,price moved -22c,46,24,-22,46,67,21,False,,,
2026-10-03T00:34:37.381045+00:00,nfl,prop_ffpts,KXNFLFFPTS-26OCT04DETCAR-CARDWALLER88-9P4,Darren Waller: Over 9.4 fantasy points,volume spike x13.7,37,38,1,3,41,38,False,,,
2026-10-03T00:34:37.381045+00:00,nfl,prop_ffpts,KXNFLFFPTS-26OCT04DETCAR-DETJGIBBS0-24P8,Jahmyr Gibbs: Over 24.8 fantasy points,volume spike x47.8,53,56,3,19,909,890,False,,,
2026-10-03T04:29:53.050237+00:00,nfl,prop_passyds,KXNFLPASSYDS-26OCT04INDWAS-WASMMARIOTA8-150,Marcus Mariota: 150+ passing yards,volume spike x7.3,83,85,2,448,3274,2826,False,,,
2026-10-03T04:29:53.050237+00:00,nfl,prop_passyds,KXNFLPASSYDS-26OCT04INDWAS-WASMMARIOTA8-175,Marcus Mariota: 175+ passing yards,volume spike x7.8,71,73,2,824,6456,5632,False,,,
2026-10-03T04:29:53.050237+00:00,nfl,prop_passyds,KXNFLPASSYDS-26OCT04INDWAS-INDDJONES17-275,Daniel Jones: 275+ passing yards,volume spike x9.0,22,21,-1,19,171,152,False,,,
2026-10-03T04:29:53.050237+00:00,nfl,prop_passyds,KXNFLPASSYDS-26OCT04ARINYG-NYGJWINSTON19-125,Jameis Winston: 125+ passing yards,volume spike x3.2,90,91,1,1727,5445,3718,False,,,
2026-10-03T04:29:53.050237+00:00,nfl,prop_passyds,KXNFLPASSYDS-26OCT04DALHOU-DALDPRESCOTT4-375,Dak Prescott: 375+ passing yards,price moved +9c,0,9,9,0,52,52,False,,,
2026-10-03T04:29:53.050237+00:00,nfl,prop_passyds,KXNFLPASSYDS-26OCT04DALHOU-DALDPRESCOTT4-400,Dak Prescott: 400+ passing yards,volume spike x3.3,5,4,-1,51,168,117,False,,,
2026-10-03T04:29:53.050237+00:00,nfl,prop_passyds,KXNFLPASSYDS-26OCT04JACCIN-CINJBURROW9-225,Joe Burrow: 225+ passing yards,volume spike x19.1,74,75,1,113,2163,2050,False,,,
2026-10-03T04:29:53.050237+00:00,nfl,prop_passyds,KXNFLPASSYDS-26OCT04LARPHI-LARMSTAFFORD9-225,Matthew Stafford: 225+ passing yards,price moved -14c,70,56,-14,4075,4093,18,False,,,
2026-10-03T04:29:53.050237+00:00,nfl,prop_passyds,KXNFLPASSYDS-26OCT04NYJCHI-CHITBAGENT17-175,Tyson Bagent: 175+ passing yards,price moved +18c,49,67,18,233,236,3,False,,,
2026-10-03T04:29:53.050237+00:00,nfl,prop_passyds,KXNFLPASSYDS-26OCT04NYJCHI-CHITBAGENT17-275,Tyson Bagent: 275+ passing yards,volume spike x7.6,10,15,5,19,144,125,False,,,
2026-10-03T04:29:53.050237+00:00,nfl,prop_passyds,KXNFLPASSYDS-26OCT04NYJCHI-NYJGSMITH7-150,Geno Smith: 150+ passing yards,volume spike x9.8,89,89,0,86,846,760,False,,,
2026-10-03T04:29:53.050237+00:00,nfl,prop_passyds,KXNFLPASSYDS-26OCT04MIAMIN-MIAMWILLIS2-125,Malik Willis: 125+ passing yards,price moved +79c,0,79,79,0,55,55,False,,,
2026-10-03T04:29:53.050237+00:00,nfl,prop_passyds,KXNFLPASSYDS-26OCT04MIAMIN-MIAMWILLIS2-250,Malik Willis: 250+ passing yards,price moved +12c,0,12,12,0,55,55,False,,,
2026-10-03T04:29:53.050237+00:00,nfl,prop_passyds,KXNFLPASSYDS-26OCT04MIAMIN-MIAMWILLIS2-275,Malik Willis: 275+ passing yards,price moved +8c,0,8,8,0,55,55,False,,,
2026-10-03T04:29:53.050237+00:00,nfl,prop_passyds,KXNFLPASSYDS-26OCT04DENSF-SFBPURDY13-150,Brock Purdy: 150+ passing yards,volume spike x50.8,88,91,3,12,609,597,False,,,
2026-10-03T04:29:53.050237+00:00,nfl,prop_passyds,KXNFLPASSYDS-26OCT04DENSF-SFBPURDY13-175,Brock Purdy: 175+ passing yards,volume spike x107.7,81,83,2,30,3230,3200,False,,,
2026-10-03T04:29:53.050237+00:00,nfl,prop_passyds,KXNFLPASSYDS-26OCT04KCLV-LVKCOUSINS8-150,Kirk Cousins: 150+ passing yards,volume spike x33.2,88,88,0,24,798,774,False,,,
2026-10-03T04:29:53.050237+00:00,nfl,prop_passyds,KXNFLPASSYDS-26OCT04KCLV-LVKCOUSINS8-175,Kirk Cousins: 175+ passing yards,volume spike x100.3,78,78,0,12,1204,1192,False,,,
2026-10-03T04:29:53.050237+00:00,nfl,prop_passyds,KXNFLPASSYDS-26OCT04KCLV-LVKCOUSINS8-200,Kirk Cousins: 200+ passing yards,volume spike x12.8,65,66,1,228,2928,2700,False,,,
2026-10-03T04:29:53.050237+00:00,nfl,prop_passyds,KXNFLPASSYDS-26OCT04KCLV-KCPMAHOMES15-150,Patrick Mahomes: 150+ passing yards,volume spike x26.7,92,92,0,110,2942,2832,False,,,
2026-10-03T04:29:53.050237+00:00,nfl,prop_passyds,KXNFLPASSYDS-26OCT04KCLV-KCPMAHOMES15-175,Patrick Mahomes: 175+ passing yards,volume spike x7.0,84,84,0,126,886,760,False,,,
2026-10-03T04:29:53.050237+00:00,nfl,prop_passyds,KXNFLPASSYDS-26OCT04LACSEA-SEASDARNOLD14-175,Sam Darnold: 175+ passing yards,volume spike x739.5,83,83,0,2,1479,1477,False,,,
2026-10-03T04:29:53.050237+00:00,nfl,prop_passyds,KXNFLPASSYDS-26OCT04LACSEA-SEASDARNOLD14-200,Sam Darnold: 200+ passing yards,volume spike x191.0,70,71,1,4,764,760,False,,,
2026-10-03T04:29:53.050237+00:00,nfl,prop_passyds,KXNFLPASSYDS-26OCT04LACSEA-SEASDARNOLD14-275,Sam Darnold: 275+ passing yards,volume spike x3.9,27,27,0,30,118,88,False,,,
2026-10-03T04:29:53.050237+00:00,nfl,prop_passyds,KXNFLPASSYDS-26OCT05ATLNO-NOTSHOUGH6-225,Tyler Shough: 225+ passing yards,price moved +69c,0,69,69,0,20,20,False,,,
2026-10-03T04:29:53.050237+00:00,nfl,prop_passtds,KXNFLPASSTDS-26OCT04INDWAS-INDDJONES17-3,Daniel Jones: 3+ passing touchdowns,price moved +21c,0,21,21,0,94,94,False,,,
2026-10-03T04:29:53.050237+00:00,nfl,prop_passtds,KXNFLPASSTDS-26OCT04JACCIN-CINJBURROW9-4,Joe Burrow: 4+ passing touchdowns,volume spike x10.6,12,11,-1,92,976,884,False,,,
2026-10-03T04:29:53.050237+00:00,nfl,prop_passtds,KXNFLPASSTDS-26OCT04LACSEA-SEASDARNOLD14-4,Sam Darnold: 4+ passing touchdowns,price moved +9c,0,9,9,0,10,10,False,,,
2026-10-03T04:29:53.050237+00:00,nfl,prop_passtds,KXNFLPASSTDS-26OCT04LACSEA-LACJHERBERT10-3,Justin Herbert: 3+ passing touchdowns,price moved +9c,0,9,9,0,271,271,False,,,
2026-10-03T04:29:53.050237+00:00,nfl,prop_passint,KXNFLPASSINT-26OCT04INDWAS-INDDJONES17-2,Daniel Jones: 2+ passing interceptions,price moved +14c,0,14,14,0,1,1,False,,,
2026-10-03T04:29:53.050237+00:00,nfl,prop_passint,KXNFLPASSINT-26OCT04NEBUF-NEDMAYE10-3,Drake Maye: 3+ passing interceptions,price moved +8c,0,8,8,0,5,5,False,,,
2026-10-03T04:29:53.050237+00:00,nfl,prop_passint,KXNFLPASSINT-26OCT04DENSF-SFBPURDY13-1,Brock Purdy: 1+ passing interceptions,volume spike x8.0,51,48,-3,141,1132,991,False,,,
2026-10-03T04:29:53.050237+00:00,nfl,prop_passcomp,KXNFLPASSCOMP-26OCT04NYJCHI-NYJGSMITH7-22,Geno Smith: 22+ passing completions,price moved +50c,0,50,50,0,2,2,False,,,
2026-10-03T04:29:53.050237+00:00,nfl,prop_passcomp,KXNFLPASSCOMP-26OCT04DENSF-SFBPURDY13-16,Brock Purdy: 16+ passing completions,price moved +85c,0,85,85,0,1,1,False,,,
2026-10-03T04:29:53.050237+00:00,nfl,prop_passcomp,KXNFLPASSCOMP-26OCT04KCLV-KCPMAHOMES15-16,Patrick Mahomes: 16+ passing completions,volume spike x8.0,86,86,0,4,32,28,False,,,
2026-10-03T04:29:53.050237+00:00,nfl,prop_passcomp,KXNFLPASSCOMP-26OCT04LACSEA-SEASDARNOLD14-17,Sam Darnold: 17+ passing completions,price moved +78c,0,78,78,0,1,1,False,,,
2026-10-03T04:29:53.050237+00:00,nfl,prop_passcomp,KXNFLPASSCOMP-26OCT04DETCAR-CARBYOUNG9-17,Bryce Young: 17+ passing completions,price moved +78c,0,78,78,0,4,4,False,,,
2026-10-03T04:29:53.050237+00:00,nfl,prop_passatt,KXNFLPASSATT-26OCT04GBTB-TBJDANIELS10-28,Jalon Daniels: 28+ passing attempts,price moved +49c,0,49,49,0,50,50,False,,,
2026-10-03T04:29:53.050237+00:00,nfl,prop_passatt,KXNFLPASSATT-26OCT04GBTB-TBJDANIELS10-33,Jalon Daniels: 33+ passing attempts,price moved +27c,0,27,27,0,3,3,False,,,
2026-10-03T04:29:53.050237+00:00,nfl,prop_passatt,KXNFLPASSATT-26OCT04GBTB-GBJLOVE10-41,Jordan Love: 41+ passing attempts,price moved +20c,0,20,20,0,10,10,False,,,
2026-10-03T04:29:53.050237+00:00,nfl,prop_passatt,KXNFLPASSATT-26OCT04LACSEA-LACJHERBERT10-30,Justin Herbert: 30+ passing attempts,price moved +53c,0,53,53,0,8,8,False,,,
2026-10-03T04:29:53.050237+00:00,nfl,prop_passatt,KXNFLPASSATT-26OCT04DETCAR-DETJGOFF16-35,Jared Goff: 35+ passing attempts,price moved +51c,0,51,51,0,3,3,False,,,
2026-10-03T04:29:53.050237+00:00,nfl,prop_rshyds,KXNFLRSHYDS-26OCT04INDWAS-WASMMARIOTA8-15,Marcus Mariota: 15+ rushing yards,price moved -7c,77,70,-7,30,31,1,False,,,
2026-10-03T04:29:53.050237+00:00,nfl,prop_rshyds,KXNFLRSHYDS-26OCT04INDWAS-INDDJONES17-25,Daniel Jones: 25+ rushing yards,volume spike x8.5,22,23,1,57,486,429,False,,,
2026-10-03T04:29:53.050237+00:00,nfl,prop_rshyds,KXNFLRSHYDS-26OCT04ARINYG-ARIJLOVE4-50,Jeremiyah Love: 50+ rushing yards,volume spike x7.4,70,68,-2,48,355,307,False,,,
2026-10-03T04:29:53.050237+00:00,nfl,prop_rshyds,KXNFLRSHYDS-26OCT04ARINYG-ARITALLGEIER22-10,Tyler Allgeier: 10+ rushing yards,volume spike x23.0,69,73,4,1,23,22,False,,,
2026-10-03T04:29:53.050237+00:00,nfl,prop_rshyds,KXNFLRSHYDS-26OCT04GBTB-TBJDANIELS10-25,Jalon Daniels: 25+ rushing yards,volume spike x75.5,68,68,0,6,453,447,False,,,
2026-10-03T04:29:53.050237+00:00,nfl,prop_rshyds,KXNFLRSHYDS-26OCT04GBTB-TBKGAINWELL1-40,Kenny Gainwell: 40+ rushing yards,volume spike x9.5,8,8,0,4,38,34,False,,,
2026-10-03T04:29:53.050237+00:00,nfl,prop_rshyds,KXNFLRSHYDS-26OCT04JACCIN-JACCRODRIGUEZ24-10,Chris Rodriguez Jr.: 10+ rushing yards,price moved +77c,0,77,77,0,2,2,False,,,
2026-10-03T04:29:53.050237+00:00,nfl,prop_rshyds,KXNFLRSHYDS-26OCT04LARPHI-PHIJHURTS1-10,Jalen Hurts: 10+ rushing yards,price moved +80c,0,80,80,0,1,1,False,,,
2026-10-03T04:29:53.050237+00:00,nfl,prop_rshyds,KXNFLRSHYDS-26OCT04LARPHI-PHITBIGSBY8-25,Tank Bigsby: 25+ rushing yards,volume spike x13.0,14,16,2,2,26,24,False,,,
2026-10-03T04:29:53.050237+00:00,nfl,prop_rshyds,KXNFLRSHYDS-26OCT04NEBUF-BUFTJOHNSON26-5,Ty Johnson: 5+ rushing yards,price moved +50c,0,50,50,0,116,116,False,,,
2026-10-03T04:29:53.050237+00:00,nfl,prop_rshyds,KXNFLRSHYDS-26OCT04NYJCHI-CHIKMONANGAI25-70,Kyle Monangai: 70+ rushing yards,price moved +12c,1,13,12,3035,3560,525,False,,,
2026-10-03T04:29:53.050237+00:00,nfl,prop_rshyds,KXNFLRSHYDS-26OCT04NYJCHI-CHIDSWIFT4-50,D'Andre Swift: 50+ rushing yards,price moved +11c,55,66,11,22,25,3,False,,,
2026-10-03T04:29:53.050237+00:00,nfl,prop_rshyds,KXNFLRSHYDS-26OCT04NYJCHI-CHITBAGENT17-15,Tyson Bagent: 15+ rushing yards,price moved +50c,0,50,50,0,48,48,False,,,
2026-10-03T04:29:53.050237+00:00,nfl,prop_rshyds,KXNFLRSHYDS-26OCT04NYJCHI-NYJIDAVIS32-15,Isaiah Davis: 15+ rushing yards,price moved +60c,0,60,60,0,1,1,False,,,
2026-10-03T04:29:53.050237+00:00,nfl,prop_rshyds,KXNFLRSHYDS-26OCT04NYJCHI-NYJIDAVIS32-40,Isaiah Davis: 40+ rushing yards,volume spike x226.5,15,21,6,2,453,451,False,,,
2026-10-03T04:29:53.050237+00:00,nfl,prop_rshyds,KXNFLRSHYDS-26OCT04TENBAL-TENTPOLLARD20-30,Tony Pollard: 30+ rushing yards,price moved +79c,0,79,79,0,12,12,False,,,
2026-10-03T04:29:53.050237+00:00,nfl,prop_rshyds,KXNFLRSHYDS-26OCT04TENBAL-TENTSPEARS2-25,Tyjae Spears: 25+ rushing yards,volume spike x3.2,26,27,1,13,41,28,False,,,
2026-10-03T04:29:53.050237+00:00,nfl,prop_rshyds,KXNFLRSHYDS-26OCT04MIAMIN-MIAJWRIGHT5-25,Jaylen Wright: 25+ rushing yards,volume spike x14.1,60,59,-1,32,452,420,False,,,
2026-10-03T04:29:53.050237+00:00,nfl,prop_rshyds,KXNFLRSHYDS-26OCT04DENSF-SFKBLACK26-15,Kaelon Black: 15+ rushing yards,volume spike x65.3,71,70,-1,7,457,450,False,,,
2026-10-03T04:29:53.050237+00:00,nfl,prop_rshyds,KXNFLRSHYDS-26OCT04DENSF-SFKBLACK26-30,Kaelon Black: 30+ rushing yards,volume spike x12.9,40,39,-1,67,867,800,False,,,
2026-10-03T04:29:53.050237+00:00,nfl,prop_rshyds,KXNFLRSHYDS-26OCT04LACSEA-LACJHERBERT10-30,Justin Herbert: 30+ rushing yards,price moved +33c,0,33,33,0,115,115,False,,,
2026-10-03T04:29:53.050237+00:00,nfl,prop_rshyds,KXNFLRSHYDS-26OCT04LACSEA-LACJHERBERT10-60,Justin Herbert: 60+ rushing yards,price moved +7c,0,7,7,0,107,107,False,,,
2026-10-03T04:29:53.050237+00:00,nfl,prop_rshyds,KXNFLRSHYDS-26OCT05ATLNO-ATLBROBINSON7-50,Bijan Robinson: 50+ rushing yards,volume spike x3.1,84,82,-2,9,28,19,False,,,
2026-10-03T04:29:53.050237+00:00,nfl,prop_rshatt,KXNFLRSHATT-26OCT04ARINYG-ARIJLOVE4-16,Jeremiyah Love: 16+ rushing attempts,price moved +54c,0,54,54,0,520,520,False,,,
2026-10-03T04:29:53.050237+00:00,nfl,prop_rshatt,KXNFLRSHATT-26OCT04ARINYG-ARIJLOVE4-19,Jeremiyah Love: 19+ rushing attempts,price moved +32c,0,32,32,0,298,298,False,,,
2026-10-03T04:29:53.050237+00:00,nfl,prop_rshatt,KXNFLRSHATT-26OCT04DALHOU-HOUWMARKS4-10,Woody Marks: 10+ rushing attempts,price moved +47c,0,47,47,0,3,3,False,,,
2026-10-03T04:29:53.050237+00:00,nfl,prop_rshatt,KXNFLRSHATT-26OCT04DALHOU-HOUCSTROUD7-4,C.J. Stroud: 4+ rushing attempts,volume spike x351.5,44,44,0,2,703,701,False,,,
2026-10-03T04:29:53.050237+00:00,nfl,prop_rshatt,KXNFLRSHATT-26OCT04GBTB-TBJDANIELS10-7,Jalon Daniels: 7+ rushing attempts,volume spike x82.1,53,52,-1,7,575,568,False,,,
2026-10-03T04:29:53.050237+00:00,nfl,prop_rshatt,KXNFLRSHATT-26OCT04GBTB-TBJDANIELS10-10,Jalon Daniels: 10+ rushing attempts,price moved +22c,0,22,22,0,2,2,False,,,
2026-10-03T04:29:53.050237+00:00,nfl,prop_rshatt,KXNFLRSHATT-26OCT04JACCIN-JACBTUTEN33-16,Bhayshul Tuten: 16+ rushing attempts,price moved +31c,0,31,31,0,24,24,False,,,
2026-10-03T04:29:53.050237+00:00,nfl,prop_rshatt,KXNFLRSHATT-26OCT04LARPHI-PHISBARKLEY26-21,Saquon Barkley: 21+ rushing attempts,price moved +25c,0,25,25,0,50,50,False,,,
2026-10-03T04:29:53.050237+00:00,nfl,prop_rshatt,KXNFLRSHATT-26OCT04NYJCHI-CHIKMONANGAI25-7,Kyle Monangai: 7+ rushing attempts,price moved +76c,0,76,76,0,723,723,False,,,
2026-10-03T04:29:53.050237+00:00,nfl,prop_rshatt,KXNFLRSHATT-26OCT04MIAMIN-MINAJONES33-15,Aaron Jones Sr.: 15+ rushing attempts,price moved +65c,0,65,65,0,2,2,False,,,
2026-10-03T04:29:53.050237+00:00,nfl,prop_rshatt,KXNFLRSHATT-26OCT04MIAMIN-MIAMWILLIS2-10,Malik Willis: 10+ rushing attempts,volume spike x10.2,17,15,-2,4,41,37,False,,,
2026-10-03T04:29:53.050237+00:00,nfl,prop_rshatt,KXNFLRSHATT-26OCT04MIAMIN-MIAJWRIGHT5-5,Jaylen Wright: 5+ rushing attempts,price moved +85c,0,85,85,0,1,1,False,,,
2026-10-03T04:29:53.050237+00:00,nfl,prop_rshatt,KXNFLRSHATT-26OCT04MIAMIN-MIAOGORDON0-7,Ollie Gordon II: 7+ rushing attempts,price moved +58c,0,58,58,0,41,41,False,,,
2026-10-03T04:29:53.050237+00:00,nfl,prop_rshatt,KXNFLRSHATT-26OCT04DETCAR-CARCHUBBARD30-17,Chuba Hubbard: 17+ rushing attempts,price moved +48c,0,48,48,0,37,37,False,,,
2026-10-03T04:29:53.050237+00:00,nfl,prop_longrsh,KXNFLLONGRSH-26OCT04GBTB-GBKJOHNSON26-10,Kaleb Johnson: longest rush over 9.5 yards,price moved -20c,43,23,-20,1852,2052,200,False,,,
2026-10-03T04:29:53.050237+00:00,nfl,prop_longrsh,KXNFLLONGRSH-26OCT04MIAMIN-MINAJONES33-14,Aaron Jones Sr.: longest rush over 13.5 yards,price moved +53c,0,53,53,0,12,12,False,,,
2026-10-03T04:29:53.050237+00:00,nfl,prop_recyds,KXNFLRECYDS-26OCT04INDWAS-WASTMCLAURIN17-25,Terry McLaurin: 25+ receiving yards,price moved +19c,68,87,19,88,90,2,False,,,
2026-10-03T04:29:53.050237+00:00,nfl,prop_recyds,KXNFLRECYDS-26OCT04INDWAS-INDTWARREN84-60,Tyler Warren: 60+ receiving yards,price moved +8c,34,42,8,449,565,116,False,,,
2026-10-03T04:29:53.050237+00:00,nfl,prop_recyds,KXNFLRECYDS-26OCT04INDWAS-INDLTREADWELL13-60,Laquon Treadwell: 60+ receiving yards,volume spike x4.3,8,8,0,733,3128,2395,False,,,
2026-10-03T04:29:53.050237+00:00,nfl,prop_recyds,KXNFLRECYDS-26OCT04ARINYG-NYGMFIELDS88-50,Malachi Fields: 50+ receiving yards,price moved +22c,0,22,22,0,32,32,False,,,
2026-10-03T04:29:53.050237+00:00,nfl,prop_recyds,KXNFLRECYDS-26OCT04ARINYG-NYGMFIELDS88-60,Malachi Fields: 60+ receiving yards,volume spike x6.8,11,16,5,5,34,29,False,,,
2026-10-03T04:29:53.050237+00:00,nfl,prop_recyds,KXNFLRECYDS-26OCT04ARINYG-NYGILIKELY9-60,Isaiah Likely: 60+ receiving yards,price moved +22c,0,22,22,0,2,2,False,,,
2026-10-03T04:29:53.050237+00:00,nfl,prop_recyds,KXNFLRECYDS-26OCT04ARINYG-NYGMNABERS1-100,Malik Nabers: 100+ receiving yards,volume spike x4.8,16,16,0,80,383,303,False,,,
2026-10-03T04:29:53.050237+00:00,nfl,prop_recyds,KXNFLRECYDS-26OCT04ARINYG-ARIKBOURNE17-25,Kendrick Bourne: 25+ receiving yards,price moved +41c,0,41,41,0,1,1,False,,,
2026-10-03T04:29:53.050237+00:00,nfl,prop_recyds,KXNFLRECYDS-26OCT04ARINYG-ARIKBOURNE17-40,Kendrick Bourne: 40+ receiving yards,price moved +21c,0,21,21,0,1,1,False,,,
2026-10-03T04:29:53.050237+00:00,nfl,prop_recyds,KXNFLRECYDS-26OCT04ARINYG-ARIEHIGGINS84-5,Elijah Higgins: 5+ receiving yards,price moved +48c,0,48,48,0,0,0,False,,,
2026-10-03T04:29:53.050237+00:00,nfl,prop_recyds,KXNFLRECYDS-26OCT04DALHOU-DALCLAMB88-50,CeeDee Lamb: 50+ receiving yards,volume spike x3.5,75,76,1,18,63,45,False,,,
2026-10-03T04:29:53.050237+00:00,nfl,prop_recyds,KXNFLRECYDS-26OCT04DALHOU-DALGPICKENS3-120,George Pickens: 120+ receiving yards,volume spike x42.5,9,13,4,4,170,166,False,,,
2026-10-03T04:29:53.050237+00:00,nfl,prop_recyds,KXNFLRECYDS-26OCT04DALHOU-HOUKBOUTTE14-40,Kayshon Boutte: 40+ receiving yards,volume spike x18.1,31,31,0,9,163,154,False,,,
2026-10-03T04:29:53.050237+00:00,nfl,prop_recyds,KXNFLRECYDS-26OCT04DALHOU-HOUKBOUTTE14-50,Kayshon Boutte: 50+ receiving yards,volume spike x28.0,22,22,0,8,224,216,False,,,
2026-10-03T04:29:53.050237+00:00,nfl,prop_recyds,KXNFLRECYDS-26OCT04DALHOU-HOUNCOLLINS12-70,Nico Collins: 70+ receiving yards,price moved +53c,0,53,53,0,121,121,False,,,
2026-10-03T04:29:53.050237+00:00,nfl,prop_recyds,KXNFLRECYDS-26OCT04DALHOU-HOUNCOLLINS12-100,Nico Collins: 100+ receiving yards,price moved +30c,0,30,30,0,156,156,False,,,
2026-10-03T04:29:53.050237+00:00,nfl,prop_recyds,KXNFLRECYDS-26OCT04GBTB-GBTKRAFT85-25,Tucker Kraft: 25+ receiving yards,price moved +74c,0,74,74,0,2,2,False,,,
2026-10-03T04:29:53.050237+00:00,nfl,prop_recyds,KXNFLRECYDS-26OCT04JACCIN-CINCBROWN30-15,Chase Brown: 15+ receiving yards,volume spike x3.7,56,61,5,45,168,123,False,,,
2026-10-03T04:29:53.050237+00:00,nfl,prop_recyds,KXNFLRECYDS-26OCT04JACCIN-CINMGESICKI88-25,Mike Gesicki: 25+ receiving yards,volume spike x72.0,56,56,0,2,144,142,False,,,
2026-10-03T04:29:53.050237+00:00,nfl,prop_recyds,KXNFLRECYDS-26OCT04JACCIN-CINDSAMPLE89-15,Drew Sample: 15+ receiving yards,price moved +27c,0,27,27,0,6,6,False,,,
2026-10-03T04:29:53.050237+00:00,nfl,prop_recyds,KXNFLRECYDS-26OCT04JACCIN-JACBTHOMAS7-40,Brian Thomas Jr.: 40+ receiving yards,volume spike x8.5,34,33,-1,2,17,15,False,,,
2026-10-03T04:29:53.050237+00:00,nfl,prop_recyds,KXNFLRECYDS-26OCT04JACCIN-JACJCAMERON19-40,Josh Cameron: 40+ receiving yards,volume spike x11.2,6,10,4,4,45,41,False,,,
2026-10-03T04:29:53.050237+00:00,nfl,prop_recyds,KXNFLRECYDS-26OCT04JACCIN-JACTHUNTER12-15,Travis Hunter: 15+ receiving yards,price moved +23c,0,23,23,0,19,19,False,,,
2026-10-03T04:29:53.050237+00:00,nfl,prop_recyds,KXNFLRECYDS-26OCT04LARPHI-PHIDWICKS13-40,Dontayvion Wicks: 40+ receiving yards,price moved -11c,72,61,-11,9973,9977,4,False,,,
2026-10-03T04:29:53.050237+00:00,nfl,prop_recyds,KXNFLRECYDS-26OCT04LARPHI-PHISBARKLEY26-60,Saquon Barkley: 60+ receiving yards,price moved +8c,0,8,8,0,51,51,False,,,
2026-10-03T04:29:53.050237+00:00,nfl,prop_recyds,KXNFLRECYDS-26OCT04LARPHI-LARPNACUA12-70,Puka Nacua: 70+ receiving yards,volume spike x4.6,60,55,-5,50,228,178,False,,,
2026-10-03T04:29:53.050237+00:00,nfl,prop_recyds,KXNFLRECYDS-26OCT04LARPHI-LARPNACUA12-80,Puka Nacua: 80+ receiving yards,volume spike x10.5,43,45,2,15,157,142,False,,,
2026-10-03T04:29:53.050237+00:00,nfl,prop_recyds,KXNFLRECYDS-26OCT04NEBUF-NEDDOUGLAS3-15,DeMario Douglas: 15+ receiving yards,price moved +69c,0,69,69,0,5,5,False,,,
2026-10-03T04:29:53.050237+00:00,nfl,prop_recyds,KXNFLRECYDS-26OCT04NYJCHI-CHICLOVELAND84-15,Colston Loveland: 15+ receiving yards,price moved +80c,0,80,80,0,1,1,False,,,
2026-10-03T04:29:53.050237+00:00,nfl,prop_recyds,KXNFLRECYDS-26OCT04NYJCHI-CHICLOVELAND84-80,Colston Loveland: 80+ receiving yards,price moved +10c,0,10,10,0,833,833,False,,,
2026-10-03T04:29:53.050237+00:00,nfl,prop_recyds,KXNFLRECYDS-26OCT04NYJCHI-NYJGWILSON5-60,Garrett Wilson: 60+ receiving yards,price moved +68c,0,68,68,0,14,14,False,,,
2026-10-03T04:29:53.050237+00:00,nfl,prop_recyds,KXNFLRECYDS-26OCT04NYJCHI-NYJGWILSON5-90,Garrett Wilson: 90+ receiving yards,volume spike x3.6,39,36,-3,10,36,26,False,,,
2026-10-03T04:29:53.050237+00:00,nfl,prop_recyds,KXNFLRECYDS-26OCT04NYJCHI-NYJGWILSON5-110,Garrett Wilson: 110+ receiving yards,price moved +21c,0,21,21,0,67,67,False,,,
2026-10-03T04:29:53.050237+00:00,nfl,prop_recyds,KXNFLRECYDS-26OCT04NYJCHI-NYJIWILLIAMS18-15,Isaiah Williams: 15+ receiving yards,volume spike x65.5,62,62,0,2,131,129,False,,,
2026-10-03T04:29:53.050237+00:00,nfl,prop_recyds,KXNFLRECYDS-26OCT04NYJCHI-CHIKMONANGAI25-15,Kyle Monangai: 15+ receiving yards,price moved +22c,0,22,22,0,2,2,False,,,
2026-10-03T04:29:53.050237+00:00,nfl,prop_recyds,KXNFLRECYDS-26OCT04NYJCHI-CHIKMONANGAI25-25,Kyle Monangai: 25+ receiving yards,price moved +9c,0,9,9,0,1,1,False,,,
2026-10-03T04:29:53.050237+00:00,nfl,prop_recyds,KXNFLRECYDS-26OCT04TENBAL-BALDHENRY22-25,Derrick Henry: 25+ receiving yards,volume spike x7.0,17,16,-1,5,35,30,False,,,
2026-10-03T04:29:53.050237+00:00,nfl,prop_recyds,KXNFLRECYDS-26OCT04MIAMIN-MIAJWRIGHT5-25,Jaylen Wright: 25+ receiving yards,price moved +14c,0,14,14,0,35,35,False,,,
2026-10-03T04:29:53.050237+00:00,nfl,prop_recyds,KXNFLRECYDS-26OCT04MIAMIN-MINJADDISON3-80,Jordan Addison: 80+ receiving yards,volume spike x4.0,33,35,2,94,376,282,False,,,
2026-10-03T04:29:53.050237+00:00,nfl,prop_recyds,KXNFLRECYDS-26OCT04MIAMIN-MINJADDISON3-90,Jordan Addison: 90+ receiving yards,price moved +28c,0,28,28,0,6,6,False,,,
2026-10-03T04:29:53.050237+00:00,nfl,prop_recyds,KXNFLRECYDS-26OCT04MIAMIN-MINTHOCKENSON87-50,T.J. Hockenson: 50+ receiving yards,price moved +35c,0,35,35,0,2,2,False,,,
2026-10-03T04:29:53.050237+00:00,nfl,prop_recyds,KXNFLRECYDS-26OCT04MIAMIN-MINJJENNINGS14-40,Jauan Jennings: 40+ receiving yards,price moved +32c,0,32,32,0,64,64,False,,,
2026-10-03T04:29:53.050237+00:00,nfl,prop_recyds,KXNFLRECYDS-26OCT04KCLV-KCXWORTHY1-25,Xavier Worthy: 25+ receiving yards,price moved +65c,0,65,65,0,15,15,False,,,
2026-10-03T04:29:53.050237+00:00,nfl,prop_recyds,KXNFLRECYDS-26OCT04KCLV-LVBBOWERS89-100,Brock Bowers: 100+ receiving yards,volume spike x5.6,27,25,-2,63,351,288,False,,,
2026-10-03T04:29:53.050237+00:00,nfl,prop_recyds,KXNFLRECYDS-26OCT04KCLV-LVBBOWERS89-120,Brock Bowers: 120+ receiving yards,volume spike x18.7,11,15,4,10,187,177,False,,,
2026-10-03T04:29:53.050237+00:00,nfl,prop_recyds,KXNFLRECYDS-26OCT04LACSEA-LACTHARRIS9-25,Tre' Harris: 25+ receiving yards,price moved -30c,67,37,-30,91,93,2,False,,,
2026-10-03T04:29:53.050237+00:00,nfl,prop_recyds,KXNFLRECYDS-26OCT04LACSEA-LACTHARRIS9-60,Tre' Harris: 60+ receiving yards,price moved +10c,18,28,10,28,61,33,False,,,
2026-10-03T04:29:53.050237+00:00,nfl,prop_recyds,KXNFLRECYDS-26OCT04LACSEA-SEAGHOLANI36-15,George Holani: 15+ receiving yards,price moved +39c,0,39,39,0,2378,2378,False,,,
2026-10-03T04:29:53.050237+00:00,nfl,prop_recyds,KXNFLRECYDS-26OCT04DETCAR-DETJGIBBS0-25,Jahmyr Gibbs: 25+ receiving yards,price moved +71c,0,71,71,0,1,1,False,,,
2026-10-03T04:29:53.050237+00:00,nfl,prop_recyds,KXNFLRECYDS-26OCT04DETCAR-DETASTBROWN14-110,Amon-Ra St. Brown: 110+ receiving yards,price moved +23c,0,23,23,0,2,2,False,,,
2026-10-03T04:29:53.050237+00:00,nfl,prop_recyds,KXNFLRECYDS-26OCT05ATLNO-NOCOLAVE12-110,Chris Olave: 110+ receiving yards,price moved +30c,0,30,30,0,15,15,False,,,
2026-10-03T04:29:53.050237+00:00,nfl,prop_rec,KXNFLREC-26OCT04INDWAS-WASSDIGGS3-2,Stefon Diggs: 2+ receptions,price moved +92c,0,92,92,0,1,1,False,,,
2026-10-03T04:29:53.050237+00:00,nfl,prop_rec,KXNFLREC-26OCT04INDWAS-WASTMCLAURIN17-4,Terry McLaurin: 4+ receptions,price moved -12c,60,48,-12,58,59,1,False,,,
2026-10-03T04:29:53.050237+00:00,nfl,prop_rec,KXNFLREC-26OCT04INDWAS-INDKALLEN10-2,Keenan Allen: 2+ receptions,price moved +89c,0,89,89,0,82,82,False,,,
2026-10-03T04:29:53.050237+00:00,nfl,prop_rec,KXNFLREC-26OCT04INDWAS-INDJDOWNS2-7,Josh Downs: 7+ receptions,volume spike x6.5,30,29,-1,15,97,82,False,,,
2026-10-03T04:29:53.050237+00:00,nfl,prop_rec,KXNFLREC-26OCT04ARINYG-NYGMFIELDS88-3,Malachi Fields: 3+ receptions,price moved +35c,0,35,35,0,54,54,False,,,
2026-10-03T04:29:53.050237+00:00,nfl,prop_rec,KXNFLREC-26OCT04ARINYG-NYGMFIELDS88-4,Malachi Fields: 4+ receptions,price moved +17c,0,17,17,0,83,83,False,,,
2026-10-03T04:29:53.050237+00:00,nfl,prop_rec,KXNFLREC-26OCT04ARINYG-NYGMFIELDS88-5,Malachi Fields: 5+ receptions,price moved +9c,0,9,9,0,104,104,False,,,
2026-10-03T04:29:53.050237+00:00,nfl,prop_rec,KXNFLREC-26OCT04ARINYG-NYGILIKELY9-6,Isaiah Likely: 6+ receptions,price moved +27c,0,27,27,0,52,52,False,,,
2026-10-03T04:29:53.050237+00:00,nfl,prop_rec,KXNFLREC-26OCT04ARINYG-NYGCSKATTEBO44-3,Cam Skattebo: 3+ receptions,volume spike x3.7,50,50,0,1207,4450,3243,False,,,
2026-10-03T04:29:53.050237+00:00,nfl,prop_rec,KXNFLREC-26OCT04ARINYG-ARIKBOURNE17-2,Kendrick Bourne: 2+ receptions,volume spike x22.4,67,64,-3,14,314,300,False,,,
2026-10-03T04:29:53.050237+00:00,nfl,prop_rec,KXNFLREC-26OCT04ARINYG-ARIMHARRISON18-5,Marvin Harrison Jr.: 5+ receptions,price moved +15c,0,15,15,0,58,58,False,,,
2026-10-03T04:29:53.050237+00:00,nfl,prop_rec,KXNFLREC-26OCT04ARINYG-NYGTJOHNSON84-2,Theo Johnson: 2+ receptions,price moved +31c,0,31,31,0,0,0,False,,,
2026-10-03T04:29:53.050237+00:00,nfl,prop_rec,KXNFLREC-26OCT04DALHOU-HOUWMARKS4-3,Woody Marks: 3+ receptions,volume spike x267.0,28,29,1,3,801,798,False,,,
2026-10-03T04:29:53.050237+00:00,nfl,prop_rec,KXNFLREC-26OCT04DALHOU-HOUNCOLLINS12-7,Nico Collins: 7+ receptions,price moved +32c,0,32,32,0,59,59,False,,,
2026-10-03T04:29:53.050237+00:00,nfl,prop_rec,KXNFLREC-26OCT04GBTB-TBCOTTON88-4,Cade Otton: 4+ receptions,price moved +40c,0,40,40,0,263,263,False,,,
2026-10-03T04:29:53.050237+00:00,nfl,prop_rec,KXNFLREC-26OCT04GBTB-GBTKRAFT85-5,Tucker Kraft: 5+ receptions,price moved +38c,0,38,38,0,0,0,False,,,
2026-10-03T04:29:53.050237+00:00,nfl,prop_rec,KXNFLREC-26OCT04GBTB-TBBIRVING7-4,Bucky Irving: 4+ receptions,price moved +28c,0,28,28,0,0,0,False,,,
2026-10-03T04:29:53.050237+00:00,nfl,prop_rec,KXNFLREC-26OCT04LARPHI-LARKWILLIAMS23-3,Kyren Williams: 3+ receptions,volume spike x168.8,41,43,2,4,675,671,False,,,
2026-10-03T04:29:53.050237+00:00,nfl,prop_rec,KXNFLREC-26OCT04LARPHI-LARPNACUA12-11,Puka Nacua: 11+ receptions,price moved +8c,0,8,8,0,11,11,False,,,
2026-10-03T04:29:53.050237+00:00,nfl,prop_rec,KXNFLREC-26OCT04NEBUF-NETHENDERSON32-2,TreVeyon Henderson: 2+ receptions,price moved +42c,0,42,42,0,4,4,False,,,
2026-10-03T04:29:53.050237+00:00,nfl,prop_rec,KXNFLREC-26OCT04NEBUF-BUFKCOLEMAN0-2,Keon Coleman: 2+ receptions,price moved +46c,0,46,46,0,0,0,False,,,
2026-10-03T04:29:53.050237+00:00,nfl,prop_rec,KXNFLREC-26OCT04NEBUF-BUFDMOORE2-2,DJ Moore: 2+ receptions,price moved +90c,0,90,90,0,10,10,False,,,
2026-10-03T04:29:53.050237+00:00,nfl,prop_rec,KXNFLREC-26OCT04NEBUF-BUFDMOORE2-4,DJ Moore: 4+ receptions,volume spike x6.8,59,58,-1,36,245,209,False,,,
2026-10-03T04:29:53.050237+00:00,nfl,prop_rec,KXNFLREC-26OCT04NEBUF-NEKWILLIAMS18-1,Kyle Williams: 1+ receptions,price moved +64c,0,64,64,0,1,1,False,,,
2026-10-03T04:29:53.050237+00:00,nfl,prop_rec,KXNFLREC-26OCT04NYJCHI-NYJGWILSON5-7,Garrett Wilson: 7+ receptions,volume spike x3.0,49,47,-2,70,213,143,False,,,
2026-10-03T04:29:53.050237+00:00,nfl,prop_rec,KXNFLREC-26OCT04TENBAL-TENCRIDLEY0-2,Calvin Ridley: 2+ receptions,volume spike x175.0,31,28,-3,6,1050,1044,False,,,
2026-10-03T04:29:53.050237+00:00,nfl,prop_rec,KXNFLREC-26OCT04MIAMIN-MINAJONES33-7,Aaron Jones Sr.: 7+ receptions,price moved +7c,0,7,7,0,22,22,False,,,
2026-10-03T04:29:53.050237+00:00,nfl,prop_rec,KXNFLREC-26OCT04MIAMIN-MIAMWASHINGTON6-7,Malik Washington: 7+ receptions,price moved +19c,0,19,19,0,175,175,False,,,
2026-10-03T04:29:53.050237+00:00,nfl,prop_rec,KXNFLREC-26OCT04MIAMIN-MINJADDISON3-3,Jordan Addison: 3+ receptions,price moved +79c,0,79,79,0,9,9,False,,,
2026-10-03T04:29:53.050237+00:00,nfl,prop_rec,KXNFLREC-26OCT04MIAMIN-MINJADDISON3-6,Jordan Addison: 6+ receptions,price moved +32c,0,32,32,0,2,2,False,,,
2026-10-03T04:29:53.050237+00:00,nfl,prop_rec,KXNFLREC-26OCT04DENSF-DENCSUTTON14-5,Courtland Sutton: 5+ receptions,price moved +28c,0,28,28,0,68,68,False,,,
2026-10-03T04:29:53.050237+00:00,nfl,prop_rec,KXNFLREC-26OCT04KCLV-LVBBOWERS89-9,Brock Bowers: 9+ receptions,price moved +29c,0,29,29,0,14,14,False,,,
2026-10-03T04:29:53.050237+00:00,nfl,prop_rec,KXNFLREC-26OCT04KCLV-LVBBOWERS89-10,Brock Bowers: 10+ receptions,volume spike x6.0,19,19,0,5,30,25,False,,,
2026-10-03T04:29:53.050237+00:00,nfl,prop_rec,KXNFLREC-26OCT04KCLV-LVAJEANTY2-7,Ashton Jeanty: 7+ receptions,price moved +7c,0,7,7,0,1,1,False,,,
2026-10-03T04:29:53.050237+00:00,nfl,prop_rec,KXNFLREC-26OCT04KCLV-LVJNAILOR9-3,Jalen Nailor: 3+ receptions,price moved +33c,0,33,33,0,1,1,False,,,
2026-10-03T04:29:53.050237+00:00,nfl,prop_rec,KXNFLREC-26OCT04KCLV-LVTTUCKER1-2,Tre Tucker: 2+ receptions,price moved +83c,0,83,83,0,11,11,False,,,
2026-10-03T04:29:53.050237+00:00,nfl,prop_rec,KXNFLREC-26OCT04KCLV-KCRRICE4-4,Rashee Rice: 4+ receptions,price moved +69c,0,69,69,0,64,64,False,,,
2026-10-03T04:29:53.050237+00:00,nfl,prop_rec,KXNFLREC-26OCT04KCLV-KCKWALKER9-5,Kenneth Walker III: 5+ receptions,price moved +21c,0,21,21,0,135,135,False,,,
2026-10-03T04:29:53.050237+00:00,nfl,prop_rec,KXNFLREC-26OCT04LACSEA-SEAJSMITHNJIGBA11-4,Jaxon Smith-Njigba: 4+ receptions,price moved +88c,0,88,88,0,111,111,False,,,
2026-10-03T04:29:53.050237+00:00,nfl,prop_rec,KXNFLREC-26OCT04LACSEA-LACOGADSDEN86-3,Oronde Gadsden: 3+ receptions,price moved +52c,0,52,52,0,627,627,False,,,
2026-10-03T04:29:53.050237+00:00,nfl,prop_longrec,KXNFLLONGREC-26OCT04MIAMIN-MINTHOCKENSON87-16,T.J. Hockenson: longest reception over 15.5 yards,price moved +52c,0,52,52,0,1,1,False,,,
2026-10-03T04:29:53.050237+00:00,nfl,prop_rryds,KXNFLRRYDS-26OCT04INDWAS-INDJTAYLOR28-135,Jonathan Taylor: 135+ rushing and receiving yards combined,price moved -18c,53,35,-18,45,66,21,False,,,
2026-10-03T04:29:53.050237+00:00,nfl,prop_rryds,KXNFLRRYDS-26OCT04GBTB-TBBIRVING7-120,Bucky Irving: 120+ rushing and receiving yards combined,price moved +13c,0,13,13,0,15,15,False,,,
2026-10-03T04:29:53.050237+00:00,nfl,prop_rryds,KXNFLRRYDS-26OCT04JACCIN-CINSPERINE34-30,Samaje Perine: 30+ rushing and receiving yards combined,volume spike x14.5,42,37,-5,2,29,27,False,,,
2026-10-03T04:29:53.050237+00:00,nfl,prop_rryds,KXNFLRRYDS-26OCT04NYJCHI-CHIDSWIFT4-105,D'Andre Swift: 105+ rushing and receiving yards combined,price moved +30c,0,30,30,0,31,31,False,,,
2026-10-03T04:29:53.050237+00:00,nfl,prop_rryds,KXNFLRRYDS-26OCT04NYJCHI-CHIKMONANGAI25-100,Kyle Monangai: 100+ rushing and receiving yards combined,price moved +10c,0,10,10,0,88,88,False,,,
2026-10-03T04:29:53.050237+00:00,nfl,prop_td,KXNFLTD-26OCT04INDWAS-INDDSLAYTON11-1,Darius Slayton: 1+ touchdowns,volume spike x3.6,11,10,-1,757,2757,2000,False,,,
2026-10-03T04:29:53.050237+00:00,nfl,prop_td,KXNFLTD-26OCT04ARINYG-ARIJLOVE4-3,Jeremiyah Love: 3+ touchdowns,volume spike x71.2,5,4,-1,5,356,351,False,,,
2026-10-03T04:29:53.050237+00:00,nfl,prop_td,KXNFLTD-26OCT04ARINYG-NYGMFIELDS88-1,Malachi Fields: 1+ touchdowns,price moved +16c,0,16,16,0,122,122,False,,,
2026-10-03T04:29:53.050237+00:00,nfl,prop_td,KXNFLTD-26OCT04ARINYG-NYGTJOHNSON84-1,Theo Johnson: 1+ touchdowns,volume spike x95.0,11,10,-1,1,95,94,False,,,
2026-10-03T04:29:53.050237+00:00,nfl,prop_td,KXNFLTD-26OCT04DALHOU-DALJFERGUSON87-2,Jake Ferguson: 2+ touchdowns,volume spike x3.4,3,2,-1,432,1480,1048,False,,,
2026-10-03T04:29:53.050237+00:00,nfl,prop_td,KXNFLTD-26OCT04DALHOU-HOUJNOEL13-1,Jaylin Noel: 1+ touchdowns,volume spike x26.6,12,12,0,78,2078,2000,False,,,
2026-10-03T04:29:53.050237+00:00,nfl,prop_td,KXNFLTD-26OCT04DALHOU-DALTGOODSON32-1,Tyler Goodson: 1+ touchdowns,volume spike x4.1,8,8,0,646,2646,2000,False,,,
2026-10-03T04:29:53.050237+00:00,nfl,prop_td,KXNFLTD-26OCT04DALHOU-DALHLUEPKE30-1,Hunter Luepke: 1+ touchdowns,volume spike x3.5,7,5,-2,378,1331,953,False,,,
2026-10-03T04:29:53.050237+00:00,nfl,prop_td,KXNFLTD-26OCT04DALHOU-DALEDEMERCADO31-1,Emari Demercado: 1+ touchdowns,volume spike x81.0,8,6,-2,1,81,80,False,,,
2026-10-03T04:29:53.050237+00:00,nfl,prop_td,KXNFLTD-26OCT04DALHOU-HOUNCOLLINS12-1,Nico Collins: 1+ touchdowns,volume spike x28.7,37,38,1,112,3213,3101,False,,,
2026-10-03T04:29:53.050237+00:00,nfl,prop_td,KXNFLTD-26OCT04LARPHI-LARDALLEN87-2,Davis Allen: 2+ touchdowns,volume spike x34.7,1,1,0,300,10400,10100,False,,,
2026-10-03T04:29:53.050237+00:00,nfl,prop_td,KXNFLTD-26OCT04LARPHI-LARTHIGBEE89-2,Tyler Higbee: 2+ touchdowns,volume spike x3.5,3,3,0,468,1622,1154,False,,,
2026-10-03T04:29:53.050237+00:00,nfl,prop_td,KXNFLTD-26OCT04LARPHI-PHIZERTZ86-2,Zach Ertz: 2+ touchdowns,volume spike x5.7,2,2,0,50,283,233,False,,,
2026-10-03T04:29:53.050237+00:00,nfl,prop_td,KXNFLTD-26OCT04NEBUF-BUFKCOLEMAN0-1,Keon Coleman: 1+ touchdowns,volume spike x3.8,17,18,1,1065,4022,2957,False,,,
2026-10-03T04:29:53.050237+00:00,nfl,prop_td,KXNFLTD-26OCT04NEBUF-NERDOUBS87-1,Romeo Doubs: 1+ touchdowns,volume spike x5.3,22,23,1,33,175,142,False,,,
2026-10-03T04:29:53.050237+00:00,nfl,prop_td,KXNFLTD-26OCT04NEBUF-NEKWILLIAMS18-1,Kyle Williams: 1+ touchdowns,volume spike x4.4,11,10,-1,128,564,436,False,,,
2026-10-03T04:29:53.050237+00:00,nfl,prop_td,KXNFLTD-26OCT04NEBUF-NENEDST-1,NE Patriots D/ST: 1+ touchdowns,volume spike x13.4,14,12,-2,66,882,816,False,,,
2026-10-03T04:29:53.050237+00:00,nfl,prop_td,KXNFLTD-26OCT04NYJCHI-NYJJRUCKERT89-1,Jeremy Ruckert: 1+ touchdowns,volume spike x334.3,10,10,0,3,1003,1000,False,,,
2026-10-03T04:29:53.050237+00:00,nfl,prop_td,KXNFLTD-26OCT04TENBAL-BALJHILL43-1,Justice Hill: 1+ touchdowns,volume spike x8.9,14,15,1,1726,15406,13680,False,,,
2026-10-03T04:29:53.050237+00:00,nfl,prop_td,KXNFLTD-26OCT04TENBAL-TENCDIKE17-1,Chimere Dike: 1+ touchdowns,volume spike x5.5,6,6,0,366,2026,1660,False,,,
2026-10-03T04:29:53.050237+00:00,nfl,prop_td,KXNFLTD-26OCT04TENBAL-TENGHELM84-1,Gunnar Helm: 1+ touchdowns,price moved +14c,0,14,14,0,26,26,False,,,
2026-10-03T04:29:53.050237+00:00,nfl,prop_td,KXNFLTD-26OCT04MIAMIN-MIAOGORDON0-2,Ollie Gordon II: 2+ touchdowns,volume spike x3.4,4,3,-1,65,221,156,False,,,
2026-10-03T04:29:53.050237+00:00,nfl,prop_td,KXNFLTD-26OCT04DENSF-SFSFDST-1,SF 49ers D/ST: 1+ touchdowns,volume spike x3.2,13,14,1,253,805,552,False,,,
2026-10-03T04:29:53.050237+00:00,nfl,prop_td,KXNFLTD-26OCT04DENSF-DENATRAUTMAN82-1,Adam Trautman: 1+ touchdowns,volume spike x32.5,8,8,0,111,3611,3500,False,,,
2026-10-03T04:29:53.050237+00:00,nfl,prop_td,KXNFLTD-26OCT04LACSEA-SEAJSMITHNJIGBA11-3,Jaxon Smith-Njigba: 3+ touchdowns,price moved +7c,2,9,7,6258,9183,2925,False,,,
2026-10-03T04:29:53.050237+00:00,nfl,prop_td,KXNFLTD-26OCT04LACSEA-LACOHAMPTON8-2,Omarion Hampton: 2+ touchdowns,price moved +11c,0,11,11,0,85,85,False,,,
2026-10-03T04:29:53.050237+00:00,nfl,prop_td,KXNFLTD-26OCT04DETCAR-DETBWRIGHT89-1,Brock Wright: 1+ touchdowns,volume spike x37.3,10,9,-1,21,784,763,False,,,
2026-10-03T04:29:53.050237+00:00,nfl,prop_td,KXNFLTD-26OCT05ATLNO-ATLKPITTS8-2,Kyle Pitts Sr.: 2+ touchdowns,volume spike x5.8,3,3,0,162,942,780,False,,,
2026-10-03T04:29:53.050237+00:00,nfl,prop_firsttd,KXNFLFIRSTTD-26OCT04INDWAS-WASAEKELER30,Austin Ekeler: 1st Touchdown,volume spike x4.3,3,2,-1,312,1332,1020,False,,,
2026-10-03T04:29:53.050237+00:00,nfl,prop_firsttd,KXNFLFIRSTTD-26OCT04DALHOU-DALLSCHOONMAKER86,Luke Schoonmaker: 1st Touchdown,volume spike x7.0,1,1,0,78,546,468,False,,,
2026-10-03T04:29:53.050237+00:00,nfl,prop_firsttd,KXNFLFIRSTTD-26OCT04JACCIN-JACPWASHINGTON11,Parker Washington: 1st Touchdown,volume spike x11.3,8,6,-2,56,634,578,False,,,
2026-10-03T04:29:53.050237+00:00,nfl,prop_firsttd,KXNFLFIRSTTD-26OCT04LARPHI-LARKMUMPFIELD4,Konata Mumpfield: 1st Touchdown,volume spike x3.8,5,3,-2,18,68,50,False,,,
2026-10-03T04:29:53.050237+00:00,nfl,prop_firsttd,KXNFLFIRSTTD-26OCT04LARPHI-LARPNACUA12,Puka Nacua: 1st Touchdown,volume spike x3.1,10,9,-1,545,1666,1121,False,,,
2026-10-03T04:29:53.050237+00:00,nfl,prop_firsttd,KXNFLFIRSTTD-26OCT04NEBUF-NEDDOUGLAS3,DeMario Douglas: 1st Touchdown,volume spike x3.1,4,2,-2,70,219,149,False,,,
2026-10-03T04:29:53.050237+00:00,nfl,prop_firsttd,KXNFLFIRSTTD-26OCT04NEBUF-NERSTEVENSON38,Rhamondre Stevenson: 1st Touchdown,volume spike x6.8,4,7,3,19,130,111,False,,,
2026-10-03T04:29:53.050237+00:00,nfl,prop_firsttd,KXNFLFIRSTTD-26OCT04DETCAR-CARCARDST,CAR Panthers D/ST: 1st Touchdown,volume spike x11.4,4,3,-1,16,182,166,False,,,
2026-10-03T04:29:53.050237+00:00,nfl,prop_ffpts,KXNFLFFPTS-26OCT04INDWAS-INDTWARREN84-12,Tyler Warren: Over 12 fantasy points,price moved +60c,0,60,60,0,81,81,False,,,
2026-10-03T04:29:53.050237+00:00,nfl,prop_ffpts,KXNFLFFPTS-26OCT04DALHOU-DALJWILLIAMS33-14P9,Javonte Williams: Over 14.9 fantasy points,price moved +42c,0,42,42,0,100,100,False,,,
2026-10-03T04:29:53.050237+00:00,nfl,prop_ffpts,KXNFLFFPTS-26OCT04GBTB-GBCWATSON9-15P2,Christian Watson: Over 15.2 fantasy points,price moved -21c,68,47,-21,50,255,205,False,,,
2026-10-03T04:29:53.050237+00:00,nfl,prop_ffpts,KXNFLFFPTS-26OCT04GBTB-GBCWATSON9-15P2,Christian Watson: Over 15.2 fantasy points,volume spike x5.1,68,47,-21,50,255,205,False,,,
2026-10-03T04:29:53.050237+00:00,nfl,prop_ffpts,KXNFLFFPTS-26OCT04JACCIN-JACBTUTEN33-12P7,Bhayshul Tuten: Over 12.7 fantasy points,price moved +51c,0,51,51,0,31,31,False,,,
2026-10-03T04:29:53.050237+00:00,nfl,prop_ffpts,KXNFLFFPTS-26OCT04LARPHI-LARMSTAFFORD9-16P5,Matthew Stafford: Over 16.5 fantasy points,price moved +52c,0,52,52,0,519,519,False,,,
2026-10-03T04:29:53.050237+00:00,nfl,prop_ffpts,KXNFLFFPTS-26OCT04NEBUF-NEDMAYE10-18P3,Drake Maye: Over 18.3 fantasy points,price moved -7c,45,38,-7,115,117,2,False,,,
2026-10-03T04:29:53.050237+00:00,nfl,prop_ffpts,KXNFLFFPTS-26OCT04MIAMIN-MINWREICHARD16-9P2,Will Reichard: Over 9.2 fantasy points,volume spike x8.7,48,47,-1,66,577,511,False,,,
2026-10-03T04:29:53.050237+00:00,nfl,prop_ffpts,KXNFLFFPTS-26OCT04MIAMIN-MIAOGORDON0-8,Ollie Gordon II: Over 8 fantasy points,volume spike x4.8,50,50,0,8,38,30,False,,,
2026-10-03T04:29:53.050237+00:00,nfl,prop_ffpts,KXNFLFFPTS-26OCT04DENSF-SFBPURDY13-20,Brock Purdy: Over 20 fantasy points,price moved -8c,55,47,-8,866,883,17,False,,,
2026-10-03T04:29:53.050237+00:00,nfl,prop_ffpts,KXNFLFFPTS-26OCT04DENSF-DENRHARVEY12-11P1,RJ Harvey: Over 11.1 fantasy points,price moved +37c,0,37,37,0,15,15,False,,,
2026-10-03T04:29:53.050237+00:00,nfl,prop_ffpts,KXNFLFFPTS-26OCT04KCLV-LVKCOUSINS8-15P1,Kirk Cousins: Over 15.1 fantasy points,price moved +46c,0,46,46,0,1,1,False,,,
2026-10-03T04:29:53.050237+00:00,nfl,prop_ffpts,KXNFLFFPTS-26OCT04KCLV-LVLVDST-5P5,LV Raiders D/ST: Over 5.5 fantasy points,price moved +39c,0,39,39,0,4,4,False,,,
2026-10-03T08:29:25.257998+00:00,nfl,prop_passyds,KXNFLPASSYDS-26OCT04ARINYG-NYGJWINSTON19-175,Jameis Winston: 175+ passing yards,price moved +70c,0,70,70,0,333,333,False,,,
2026-10-03T08:29:25.257998+00:00,nfl,prop_passyds,KXNFLPASSYDS-26OCT04ARINYG-ARIJBRISSETT7-300,Jacoby Brissett: 300+ passing yards,price moved +17c,0,17,17,0,55,55,False,,,
2026-10-03T08:29:25.257998+00:00,nfl,prop_passyds,KXNFLPASSYDS-26OCT04LARPHI-LARMSTAFFORD9-225,Matthew Stafford: 225+ passing yards,price moved +10c,56,66,10,4093,4109,16,False,,,
2026-10-03T08:29:25.257998+00:00,nfl,prop_passyds,KXNFLPASSYDS-26OCT04NEBUF-NEDMAYE10-275,Drake Maye: 275+ passing yards,volume spike x21.0,29,25,-4,1,21,20,False,,,
2026-10-03T08:29:25.257998+00:00,nfl,prop_passyds,KXNFLPASSYDS-26OCT04NEBUF-BUFJALLEN17-350,Josh Allen: 350+ passing yards,price moved +9c,0,9,9,0,20,20,False,,,
2026-10-03T08:29:25.257998+00:00,nfl,prop_passyds,KXNFLPASSYDS-26OCT04NYJCHI-CHITBAGENT17-250,Tyson Bagent: 250+ passing yards,volume spike x4.2,23,19,-4,19,79,60,False,,,
2026-10-03T08:29:25.257998+00:00,nfl,prop_passyds,KXNFLPASSYDS-26OCT04TENBAL-BALLJACKSON8-150,Lamar Jackson: 150+ passing yards,volume spike x5.8,87,84,-3,13,75,62,False,,,
2026-10-03T08:29:25.257998+00:00,nfl,prop_passyds,KXNFLPASSYDS-26OCT04TENBAL-TENCWARD1-125,Cam Ward: 125+ passing yards,volume spike x3.4,81,82,1,51,171,120,False,,,
2026-10-03T08:29:25.257998+00:00,nfl,prop_passyds,KXNFLPASSYDS-26OCT04TENBAL-TENCWARD1-200,Cam Ward: 200+ passing yards,volume spike x13.5,40,41,1,47,633,586,False,,,
2026-10-03T08:29:25.257998+00:00,nfl,prop_passyds,KXNFLPASSYDS-26OCT04MIAMIN-MINKMURRAY1-125,Kyler Murray: 125+ passing yards,price moved +88c,0,88,88,0,130,130,False,,,
2026-10-03T08:29:25.257998+00:00,nfl,prop_passyds,KXNFLPASSYDS-26OCT04DENSF-SFBPURDY13-200,Brock Purdy: 200+ passing yards,volume spike x10.8,69,72,3,81,875,794,False,,,
2026-10-03T08:29:25.257998+00:00,nfl,prop_passyds,KXNFLPASSYDS-26OCT04KCLV-LVKCOUSINS8-150,Kirk Cousins: 150+ passing yards,volume spike x4.6,88,88,0,798,3698,2900,False,,,
2026-10-03T08:29:25.257998+00:00,nfl,prop_passyds,KXNFLPASSYDS-26OCT04KCLV-LVKCOUSINS8-275,Kirk Cousins: 275+ passing yards,price moved +24c,0,24,24,0,98,98,False,,,
2026-10-03T08:29:25.257998+00:00,nfl,prop_passyds,KXNFLPASSYDS-26OCT04LACSEA-SEASDARNOLD14-150,Sam Darnold: 150+ passing yards,volume spike x152.7,92,92,0,16,2443,2427,False,,,
2026-10-03T08:29:25.257998+00:00,nfl,prop_passyds,KXNFLPASSYDS-26OCT04DETCAR-DETJGOFF16-175,Jared Goff: 175+ passing yards,price moved +89c,0,89,89,0,9,9,False,,,
2026-10-03T08:29:25.257998+00:00,nfl,prop_passyds,KXNFLPASSYDS-26OCT05ATLNO-NOTSHOUGH6-350,Tyler Shough: 350+ passing yards,price moved +11c,0,11,11,0,17,17,False,,,
2026-10-03T08:29:25.257998+00:00,nfl,prop_passtds,KXNFLPASSTDS-26OCT04GBTB-TBJDANIELS10-1,Jalon Daniels: 1+ passing touchdowns,volume spike x21.4,62,62,0,8,171,163,False,,,
2026-10-03T08:29:25.257998+00:00,nfl,prop_passtds,KXNFLPASSTDS-26OCT04NYJCHI-NYJGSMITH7-1,Geno Smith: 1+ passing touchdowns,price moved +76c,0,76,76,0,256,256,False,,,
2026-10-03T08:29:25.257998+00:00,nfl,prop_passtds,KXNFLPASSTDS-26OCT04TENBAL-BALLJACKSON8-1,Lamar Jackson: 1+ passing touchdowns,volume spike x36.3,84,86,2,26,943,917,False,,,
2026-10-03T08:29:25.257998+00:00,nfl,prop_passtds,KXNFLPASSTDS-26OCT04MIAMIN-MINKMURRAY1-2,Kyler Murray: 2+ passing touchdowns,volume spike x3.5,48,48,0,40,140,100,False,,,
2026-10-03T08:29:25.257998+00:00,nfl,prop_passtds,KXNFLPASSTDS-26OCT05ATLNO-ATLMPENIX9-2,Michael Penix Jr.: 2+ passing touchdowns,volume spike x35.0,42,42,0,2,70,68,False,,,
2026-10-03T08:29:25.257998+00:00,nfl,prop_passtds,KXNFLPASSTDS-26OCT05ATLNO-ATLMPENIX9-3,Michael Penix Jr.: 3+ passing touchdowns,price moved +17c,0,17,17,0,55,55,False,,,
2026-10-03T08:29:25.257998+00:00,nfl,prop_passint,KXNFLPASSINT-26OCT04INDWAS-WASMMARIOTA8-1,Marcus Mariota: 1+ passing interceptions,volume spike x6.2,52,52,0,18,111,93,False,,,
2026-10-03T08:29:25.257998+00:00,nfl,prop_passint,KXNFLPASSINT-26OCT04LACSEA-LACJHERBERT10-1,Justin Herbert: 1+ passing interceptions,volume spike x24.6,54,51,-3,147,3615,3468,False,,,
2026-10-03T08:29:25.257998+00:00,nfl,prop_passcomp,KXNFLPASSCOMP-26OCT04DENSF-DENBNIX10-17,Bo Nix: 17+ passing completions,volume spike x24.5,84,84,0,2,49,47,False,,,
2026-10-03T08:29:25.257998+00:00,nfl,prop_passcomp,KXNFLPASSCOMP-26OCT04DETCAR-CARBYOUNG9-17,Bryce Young: 17+ passing completions,volume spike x11.0,78,80,2,4,44,40,False,,,
2026-10-03T08:29:25.257998+00:00,nfl,prop_passatt,KXNFLPASSATT-26OCT04MIAMIN-MIAMWILLIS2-34,Malik Willis: 34+ passing attempts,price moved +23c,0,23,23,0,1,1,False,,,
2026-10-03T08:29:25.257998+00:00,nfl,prop_rshyds,KXNFLRSHYDS-26OCT04LARPHI-LARKWILLIAMS23-100,Kyren Williams: 100+ rushing yards,price moved +14c,0,14,14,0,50,50,False,,,
2026-10-03T08:29:25.257998+00:00,nfl,prop_rshyds,KXNFLRSHYDS-26OCT04LARPHI-LARKWILLIAMS23-110,Kyren Williams: 110+ rushing yards,price moved +10c,0,10,10,0,25,25,False,,,
2026-10-03T08:29:25.257998+00:00,nfl,prop_rshyds,KXNFLRSHYDS-26OCT04LARPHI-LARKWILLIAMS23-120,Kyren Williams: 120+ rushing yards,price moved +8c,0,8,8,0,50,50,False,,,
2026-10-03T08:29:25.257998+00:00,nfl,prop_rshyds,KXNFLRSHYDS-26OCT04NYJCHI-CHITBAGENT17-15,Tyson Bagent: 15+ rushing yards,volume spike x4.8,50,48,-2,48,228,180,False,,,
2026-10-03T08:29:25.257998+00:00,nfl,prop_rshyds,KXNFLRSHYDS-26OCT04MIAMIN-MIAJWRIGHT5-40,Jaylen Wright: 40+ rushing yards,volume spike x7.5,31,35,4,17,127,110,False,,,
2026-10-03T08:29:25.257998+00:00,nfl,prop_rshyds,KXNFLRSHYDS-26OCT04KCLV-KCKWALKER9-110,Kenneth Walker III: 110+ rushing yards,price moved +31c,0,31,31,0,3,3,False,,,
2026-10-03T08:29:25.257998+00:00,nfl,prop_rshyds,KXNFLRSHYDS-26OCT04KCLV-KCEJOHNSON10-25,Emmett Johnson: 25+ rushing yards,volume spike x3.1,32,33,1,14,43,29,False,,,
2026-10-03T08:29:25.257998+00:00,nfl,prop_rshyds,KXNFLRSHYDS-26OCT04DETCAR-CARADILLON28-25,AJ Dillon: 25+ rushing yards,volume spike x9.7,20,22,2,3,29,26,False,,,
2026-10-03T08:29:25.257998+00:00,nfl,prop_rshyds,KXNFLRSHYDS-26OCT05ATLNO-ATLBROBINSON7-60,Bijan Robinson: 60+ rushing yards,volume spike x5.3,80,78,-2,19,101,82,False,,,
2026-10-03T08:29:25.257998+00:00,nfl,prop_rshatt,KXNFLRSHATT-26OCT04LARPHI-PHISBARKLEY26-15,Saquon Barkley: 15+ rushing attempts,price moved +9c,60,69,9,35,71,36,False,,,
2026-10-03T08:29:25.257998+00:00,nfl,prop_rshatt,KXNFLRSHATT-26OCT04MIAMIN-MINAJONES33-18,Aaron Jones Sr.: 18+ rushing attempts,price moved -12c,40,28,-12,3090,3404,314,False,,,
2026-10-03T08:29:25.257998+00:00,nfl,prop_rshatt,KXNFLRSHATT-26OCT04MIAMIN-MINKMURRAY1-8,Kyler Murray: 8+ rushing attempts,price moved +18c,0,18,18,0,5,5,False,,,
2026-10-03T08:29:25.257998+00:00,nfl,prop_rshatt,KXNFLRSHATT-26OCT04DETCAR-DETJGIBBS0-20,Jahmyr Gibbs: 20+ rushing attempts,volume spike x234.4,51,52,1,9,2110,2101,False,,,
2026-10-03T08:29:25.257998+00:00,nfl,prop_longrsh,KXNFLLONGRSH-26OCT04INDWAS-INDJTAYLOR28-19,Jonathan Taylor: longest rush over 18.5 yards,price moved +53c,0,53,53,0,18,18,False,,,
2026-10-03T08:29:25.257998+00:00,nfl,prop_longrsh,KXNFLLONGRSH-26OCT04TENBAL-BALLJACKSON8-14,Lamar Jackson: longest rush over 13.5 yards,price moved +55c,0,55,55,0,17,17,False,,,
2026-10-03T08:29:25.257998+00:00,nfl,prop_recyds,KXNFLRECYDS-26OCT04INDWAS-WASTMCLAURIN17-40,Terry McLaurin: 40+ receiving yards,price moved +9c,55,64,9,104,106,2,False,,,
2026-10-03T08:29:25.257998+00:00,nfl,prop_recyds,KXNFLRECYDS-26OCT04INDWAS-WASTMCLAURIN17-50,Terry McLaurin: 50+ receiving yards,price moved +8c,41,49,8,2438,2448,10,False,,,
2026-10-03T08:29:25.257998+00:00,nfl,prop_recyds,KXNFLRECYDS-26OCT04INDWAS-INDJTAYLOR28-60,Jonathan Taylor: 60+ receiving yards,price moved +9c,0,9,9,0,104,104,False,,,
2026-10-03T08:29:25.257998+00:00,nfl,prop_recyds,KXNFLRECYDS-26OCT04DALHOU-HOUDSCHULTZ86-50,Dalton Schultz: 50+ receiving yards,volume spike x3.4,35,38,3,52,178,126,False,,,
2026-10-03T08:29:25.257998+00:00,nfl,prop_recyds,KXNFLRECYDS-26OCT04GBTB-GBMGOLDEN0-40,Matthew Golden: 40+ receiving yards,volume spike x14.5,69,70,1,2,29,27,False,,,
2026-10-03T08:29:25.257998+00:00,nfl,prop_recyds,KXNFLRECYDS-26OCT04GBTB-GBSMOORE23-25,Skyy Moore: 25+ receiving yards,price moved +32c,0,32,32,0,16,16,False,,,
2026-10-03T08:29:25.257998+00:00,nfl,prop_recyds,KXNFLRECYDS-26OCT04JACCIN-JACBTHOMAS7-40,Brian Thomas Jr.: 40+ receiving yards,volume spike x3.6,33,32,-1,17,62,45,False,,,
2026-10-03T08:29:25.257998+00:00,nfl,prop_recyds,KXNFLRECYDS-26OCT04NEBUF-NEDDOUGLAS3-15,DeMario Douglas: 15+ receiving yards,volume spike x7.8,69,69,0,5,39,34,False,,,
2026-10-03T08:29:25.257998+00:00,nfl,prop_recyds,KXNFLRECYDS-26OCT04TENBAL-TENEAYOMANOR5-60,Elic Ayomanor: 60+ receiving yards,price moved +7c,0,7,7,0,3,3,False,,,
2026-10-03T08:29:25.257998+00:00,nfl,prop_recyds,KXNFLRECYDS-26OCT04MIAMIN-MIAGDULCICH85-40,Greg Dulcich: 40+ receiving yards,price moved +7c,29,36,7,5,23,18,False,,,
2026-10-03T08:29:25.257998+00:00,nfl,prop_recyds,KXNFLRECYDS-26OCT04MIAMIN-MIAGDULCICH85-40,Greg Dulcich: 40+ receiving yards,volume spike x4.6,29,36,7,5,23,18,False,,,
2026-10-03T08:29:25.257998+00:00,nfl,prop_recyds,KXNFLRECYDS-26OCT04DENSF-DENCSUTTON14-60,Courtland Sutton: 60+ receiving yards,volume spike x34.0,26,29,3,1,34,33,False,,,
2026-10-03T08:29:25.257998+00:00,nfl,prop_recyds,KXNFLRECYDS-26OCT04KCLV-KCTKELCE87-80,Travis Kelce: 80+ receiving yards,volume spike x51.0,20,19,-1,1,51,50,False,,,
2026-10-03T08:29:25.257998+00:00,nfl,prop_recyds,KXNFLRECYDS-26OCT04KCLV-LVBBOWERS89-90,Brock Bowers: 90+ receiving yards,volume spike x3.0,34,34,0,70,213,143,False,,,
2026-10-03T08:29:25.257998+00:00,nfl,prop_recyds,KXNFLRECYDS-26OCT04KCLV-LVAJEANTY2-15,Ashton Jeanty: 15+ receiving yards,price moved +60c,0,60,60,0,1,1,False,,,
2026-10-03T08:29:25.257998+00:00,nfl,prop_recyds,KXNFLRECYDS-26OCT04LACSEA-SEATHORTON15-25,Tory Horton: 25+ receiving yards,volume spike x4.4,26,26,0,5,22,17,False,,,
2026-10-03T08:29:25.257998+00:00,nfl,prop_recyds,KXNFLRECYDS-26OCT04DETCAR-DETASTBROWN14-120,Amon-Ra St. Brown: 120+ receiving yards,price moved +19c,0,19,19,0,1,1,False,,,
2026-10-03T08:29:25.257998+00:00,nfl,prop_rec,KXNFLREC-26OCT04ARINYG-ARIJLOVE4-4,Jeremiyah Love: 4+ receptions,volume spike x3.0,39,38,-1,94,283,189,False,,,
2026-10-03T08:29:25.257998+00:00,nfl,prop_rec,KXNFLREC-26OCT04ARINYG-ARITMCBRIDE85-8,Trey McBride: 8+ receptions,volume spike x5.0,39,39,0,371,1846,1475,False,,,
2026-10-03T08:29:25.257998+00:00,nfl,prop_rec,KXNFLREC-26OCT04DALHOU-HOUDSCHULTZ86-7,Dalton Schultz: 7+ receptions,price moved +22c,0,22,22,0,42,42,False,,,
2026-10-03T08:29:25.257998+00:00,nfl,prop_rec,KXNFLREC-26OCT04DALHOU-HOUDSCHULTZ86-8,Dalton Schultz: 8+ receptions,price moved +14c,0,14,14,0,64,64,False,,,
2026-10-03T08:29:25.257998+00:00,nfl,prop_rec,KXNFLREC-26OCT04DALHOU-DALJFERGUSON87-3,Jake Ferguson: 3+ receptions,price moved +67c,0,67,67,0,1,1,False,,,
2026-10-03T08:29:25.257998+00:00,nfl,prop_rec,KXNFLREC-26OCT04JACCIN-CINCBROWN30-3,Chase Brown: 3+ receptions,price moved +64c,0,64,64,0,1,1,False,,,
2026-10-03T08:29:25.257998+00:00,nfl,prop_rec,KXNFLREC-26OCT04NEBUF-BUFDMOORE2-5,DJ Moore: 5+ receptions,price moved +41c,0,41,41,0,11,11,False,,,
2026-10-03T08:29:25.257998+00:00,nfl,prop_rec,KXNFLREC-26OCT04NYJCHI-CHIKRAYMOND14-5,Kalif Raymond: 5+ receptions,price moved +28c,0,28,28,0,3,3,False,,,
2026-10-03T08:29:25.257998+00:00,nfl,prop_rec,KXNFLREC-26OCT04TENBAL-BALZFLOWERS4-5,Zay Flowers: 5+ receptions,price moved +61c,0,61,61,0,1,1,False,,,
2026-10-03T08:29:25.257998+00:00,nfl,prop_rec,KXNFLREC-26OCT04DENSF-SFCMCCAFFREY23-4,Christian McCaffrey: 4+ receptions,price moved +72c,0,72,72,0,1,1,False,,,
2026-10-03T08:29:25.257998+00:00,nfl,prop_rec,KXNFLREC-26OCT04DENSF-DENRHARVEY12-4,RJ Harvey: 4+ receptions,volume spike x9.0,46,48,2,5,45,40,False,,,
2026-10-03T08:29:25.257998+00:00,nfl,prop_rec,KXNFLREC-26OCT04DENSF-DENTFRANKLIN11-1,Troy Franklin: 1+ receptions,price moved +60c,0,60,60,0,0,0,False,,,
2026-10-03T08:29:25.257998+00:00,nfl,prop_rec,KXNFLREC-26OCT04KCLV-LVBBOWERS89-11,Brock Bowers: 11+ receptions,price moved +12c,0,12,12,0,123,123,False,,,
2026-10-03T08:29:25.257998+00:00,nfl,prop_rec,KXNFLREC-26OCT04KCLV-KCTKELCE87-9,Travis Kelce: 9+ receptions,price moved +7c,0,7,7,0,268,268,False,,,
2026-10-03T08:29:25.257998+00:00,nfl,prop_rec,KXNFLREC-26OCT04DETCAR-CARTMCMILLAN4-4,Tetairoa McMillan: 4+ receptions,price moved +74c,0,74,74,0,11,11,False,,,
2026-10-03T08:29:25.257998+00:00,nfl,prop_rec,KXNFLREC-26OCT04DETCAR-DETJGIBBS0-6,Jahmyr Gibbs: 6+ receptions,volume spike x14.5,37,36,-1,2,29,27,False,,,
2026-10-03T08:29:25.257998+00:00,nfl,prop_longrec,KXNFLLONGREC-26OCT04MIAMIN-MINTFELTON13-11,Tai Felton: longest reception over 10.5 yards,price moved +53c,0,53,53,0,0,0,False,,,
2026-10-03T08:29:25.257998+00:00,nfl,prop_rryds,KXNFLRRYDS-26OCT04NEBUF-NETHENDERSON32-50,TreVeyon Henderson: 50+ rushing and receiving yards combined,volume spike x91.0,54,53,-1,1,91,90,False,,,
2026-10-03T08:29:25.257998+00:00,nfl,prop_rryds,KXNFLRRYDS-26OCT04NEBUF-NETHENDERSON32-100,TreVeyon Henderson: 100+ rushing and receiving yards combined,price moved +12c,0,12,12,0,436,436,False,,,
2026-10-03T08:29:25.257998+00:00,nfl,prop_rryds,KXNFLRRYDS-26OCT04NEBUF-NERSTEVENSON38-50,Rhamondre Stevenson: 50+ rushing and receiving yards combined,volume spike x43.0,59,58,-1,2,86,84,False,,,
2026-10-03T08:29:25.257998+00:00,nfl,prop_rryds,KXNFLRRYDS-26OCT04MIAMIN-MIAJWRIGHT5-40,Jaylen Wright: 40+ rushing and receiving yards combined,volume spike x3.3,50,51,1,81,271,190,False,,,
2026-10-03T08:29:25.257998+00:00,nfl,prop_rryds,KXNFLRRYDS-26OCT04DENSF-SFCMCCAFFREY23-135,Christian McCaffrey: 135+ rushing and receiving yards combined,price moved -16c,48,32,-16,103,134,31,False,,,
2026-10-03T08:29:25.257998+00:00,nfl,prop_rryds,KXNFLRRYDS-26OCT04DENSF-DENRHARVEY12-65,RJ Harvey: 65+ rushing and receiving yards combined,price moved +21c,0,21,21,0,3,3,False,,,
2026-10-03T08:29:25.257998+00:00,nfl,prop_rryds,KXNFLRRYDS-26OCT04LACSEA-LACKMITCHELL34-30,Keaton Mitchell: 30+ rushing and receiving yards combined,price moved +12c,36,48,12,25,26,1,False,,,
2026-10-03T08:29:25.257998+00:00,nfl,prop_rryds,KXNFLRRYDS-26OCT05ATLNO-ATLBROBINSON7-180,Bijan Robinson: 180+ rushing and receiving yards combined,price moved +19c,0,19,19,0,61,61,False,,,
2026-10-03T08:29:25.257998+00:00,nfl,prop_td,KXNFLTD-26OCT04INDWAS-WASCOKONKWO85-1,Chig Okonkwo: 1+ touchdowns,price moved +19c,0,19,19,0,99,99,False,,,
2026-10-03T08:29:25.257998+00:00,nfl,prop_td,KXNFLTD-26OCT04ARINYG-NYGTTRACY29-1,Tyrone Tracy Jr.: 1+ touchdowns,price moved +7c,0,7,7,0,33,33,False,,,
2026-10-03T08:29:25.257998+00:00,nfl,prop_td,KXNFLTD-26OCT04GBTB-GBKJOHNSON26-1,Kaleb Johnson: 1+ touchdowns,price moved +29c,0,29,29,0,25,25,False,,,
2026-10-03T08:29:25.257998+00:00,nfl,prop_td,KXNFLTD-26OCT04JACCIN-JACJACDST-1,JAC Jaguars D/ST: 1+ touchdowns,price moved +9c,0,9,9,0,19,19,False,,,
2026-10-03T08:29:25.257998+00:00,nfl,prop_td,KXNFLTD-26OCT04MIAMIN-MINMBREDESON45-1,Max Bredeson: 1+ touchdowns,volume spike x11.1,7,7,0,134,1493,1359,False,,,
2026-10-03T08:29:25.257998+00:00,nfl,prop_td,KXNFLTD-26OCT04DENSF-SFKJUSZCZYK44-2,Kyle Juszczyk: 2+ touchdowns,volume spike x3.4,2,1,-1,124,424,300,False,,,
2026-10-03T08:29:25.257998+00:00,nfl,prop_td,KXNFLTD-26OCT04DENSF-SFJWATKINS17-2,Jordan Watkins: 2+ touchdowns,volume spike x9.6,3,1,-2,35,335,300,False,,,
2026-10-03T08:29:25.257998+00:00,nfl,prop_td,KXNFLTD-26OCT04DETCAR-CARJMETCHIE13-1,John Metchie III: 1+ touchdowns,volume spike x3.6,11,11,0,38,138,100,False,,,
2026-10-03T08:29:25.257998+00:00,nfl,prop_td,KXNFLTD-26OCT05ATLNO-NODVELE14-1,Devaughn Vele: 1+ touchdowns,price moved +28c,0,28,28,0,3,3,False,,,
2026-10-03T08:29:25.257998+00:00,nfl,prop_firsttd,KXNFLFIRSTTD-26OCT04INDWAS-INDINDDST,IND Colts D/ST: 1st Touchdown,volume spike x3.3,3,3,0,62,204,142,False,,,
2026-10-03T08:29:25.257998+00:00,nfl,prop_firsttd,KXNFLFIRSTTD-26OCT04JACCIN-CINSPERINE34,Samaje Perine: 1st Touchdown,volume spike x5.4,4,3,-1,23,125,102,False,,,
2026-10-03T08:29:25.257998+00:00,nfl,prop_firsttd,KXNFLFIRSTTD-26OCT04NYJCHI-CHIRODUNZE15,Rome Odunze: 1st Touchdown,volume spike x3.7,5,6,1,149,544,395,False,,,
2026-10-03T08:29:25.257998+00:00,nfl,prop_firsttd,KXNFLFIRSTTD-26OCT04MIAMIN-MINTHOCKENSON87,T.J. Hockenson: 1st Touchdown,price moved +10c,0,10,10,0,461,461,False,,,
2026-10-03T08:29:25.257998+00:00,nfl,prop_firsttd,KXNFLFIRSTTD-26OCT04KCLV-LVMWASHINGTON4,Mike Washington Jr.: 1st Touchdown,volume spike x4.3,4,4,0,14,60,46,False,,,
2026-10-03T08:29:25.257998+00:00,nfl,prop_firsttd,KXNFLFIRSTTD-26OCT04KCLV-LVDYOUNG81,Dareke Young: 1st Touchdown,volume spike x5.7,1,2,1,50,283,233,False,,,
2026-10-03T08:29:25.257998+00:00,nfl,prop_firsttd,KXNFLFIRSTTD-26OCT04LACSEA-SEASEADST,SEA Seahawks D/ST: 1st Touchdown,volume spike x4.9,6,3,-3,27,133,106,False,,,
2026-10-03T08:29:25.257998+00:00,nfl,prop_ffpts,KXNFLFFPTS-26OCT04DALHOU-HOUDMONTGOMERY32-15,David Montgomery: Over 15 fantasy points,price moved +37c,0,37,37,0,11,11,False,,,
2026-10-03T08:29:25.257998+00:00,nfl,prop_ffpts,KXNFLFFPTS-26OCT04GBTB-GBJLOVE10-17P1,Jordan Love: Over 17.1 fantasy points,price moved +45c,0,45,45,0,74,74,False,,,
2026-10-03T08:29:25.257998+00:00,nfl,prop_ffpts,KXNFLFFPTS-26OCT04JACCIN-JACPWASHINGTON11-17P1,Parker Washington: Over 17.1 fantasy points,price moved -11c,49,38,-11,63,70,7,False,,,
2026-10-03T08:29:25.257998+00:00,nfl,prop_ffpts,KXNFLFFPTS-26OCT04LARPHI-LARMSTAFFORD9-16P5,Matthew Stafford: Over 16.5 fantasy points,price moved -11c,52,41,-11,519,528,9,False,,,
2026-10-03T08:29:25.257998+00:00,nfl,prop_ffpts,KXNFLFFPTS-26OCT04NYJCHI-NYJGSMITH7-15,Geno Smith: Over 15 fantasy points,volume spike x7.4,48,45,-3,10,74,64,False,,,
2026-10-03T08:29:25.257998+00:00,nfl,prop_ffpts,KXNFLFFPTS-26OCT04MIAMIN-MINWREICHARD16-9P2,Will Reichard: Over 9.2 fantasy points,price moved -10c,47,37,-10,577,585,8,False,,,
2026-10-03T08:29:25.257998+00:00,nfl,prop_ffpts,KXNFLFFPTS-26OCT04MIAMIN-MIAOGORDON0-8,Ollie Gordon II: Over 8 fantasy points,volume spike x10.6,50,50,0,38,403,365,False,,,
2026-10-03T08:29:25.257998+00:00,nfl,prop_ffpts,KXNFLFFPTS-26OCT04DENSF-SFGKITTLE85-11P9,George Kittle: Over 11.9 fantasy points,price moved +65c,0,65,65,0,7,7,False,,,
2026-10-03T08:29:25.257998+00:00,nfl,prop_ffpts,KXNFLFFPTS-26OCT04KCLV-LVAJEANTY2-15P5,Ashton Jeanty: Over 15.5 fantasy points,price moved +50c,0,50,50,0,8,8,False,,,
2026-10-03T08:29:25.257998+00:00,nfl,prop_ffpts,KXNFLFFPTS-26OCT04KCLV-LVLVDST-5P5,LV Raiders D/ST: Over 5.5 fantasy points,volume spike x4.2,39,39,0,4,17,13,False,,,
2026-10-03T15:06:04.581020+00:00,nfl,prop_passyds,KXNFLPASSYDS-26OCT04ARINYG-ARIJBRISSETT7-175,Jacoby Brissett: 175+ passing yards,volume spike x41.0,82,82,0,3,123,120,False,,,
2026-10-03T15:06:04.581020+00:00,nfl,prop_passyds,KXNFLPASSYDS-26OCT04DALHOU-DALDPRESCOTT4-350,Dak Prescott: 350+ passing yards,volume spike x11.8,11,11,0,8,94,86,False,,,
2026-10-03T15:06:04.581020+00:00,nfl,prop_passyds,KXNFLPASSYDS-26OCT04LARPHI-PHIJHURTS1-175,Jalen Hurts: 175+ passing yards,price moved -13c,58,45,-13,231,241,10,False,,,
2026-10-03T15:06:04.581020+00:00,nfl,prop_passyds,KXNFLPASSYDS-26OCT04TENBAL-BALLJACKSON8-250,Lamar Jackson: 250+ passing yards,volume spike x6.0,33,32,-1,291,1745,1454,False,,,
2026-10-03T15:06:04.581020+00:00,nfl,prop_passyds,KXNFLPASSYDS-26OCT04KCLV-LVKCOUSINS8-250,Kirk Cousins: 250+ passing yards,volume spike x3.4,36,36,0,443,1507,1064,False,,,
2026-10-03T15:06:04.581020+00:00,nfl,prop_passyds,KXNFLPASSYDS-26OCT04DETCAR-CARBYOUNG9-175,Bryce Young: 175+ passing yards,price moved +83c,0,83,83,0,1,1,False,,,
2026-10-03T15:06:04.581020+00:00,nfl,prop_passyds,KXNFLPASSYDS-26OCT04DETCAR-CARBYOUNG9-375,Bryce Young: 375+ passing yards,price moved +8c,0,8,8,0,11,11,False,,,
2026-10-03T15:06:04.581020+00:00,nfl,prop_passtds,KXNFLPASSTDS-26OCT04INDWAS-INDDJONES17-2,Daniel Jones: 2+ passing touchdowns,volume spike x4.2,49,50,1,67,280,213,False,,,
2026-10-03T15:06:04.581020+00:00,nfl,prop_passtds,KXNFLPASSTDS-26OCT04MIAMIN-MINKMURRAY1-4,Kyler Murray: 4+ passing touchdowns,volume spike x7.0,7,6,-1,13,91,78,False,,,
2026-10-03T15:06:04.581020+00:00,nfl,prop_passtds,KXNFLPASSTDS-26OCT04LACSEA-LACJHERBERT10-1,Justin Herbert: 1+ passing touchdowns,volume spike x3.8,67,67,0,52,198,146,False,,,
2026-10-03T15:06:04.581020+00:00,nfl,prop_passtds,KXNFLPASSTDS-26OCT04LACSEA-LACJHERBERT10-2,Justin Herbert: 2+ passing touchdowns,volume spike x3.6,28,27,-1,20,73,53,False,,,
2026-10-03T15:06:04.581020+00:00,nfl,prop_passint,KXNFLPASSINT-26OCT04INDWAS-WASMMARIOTA8-2,Marcus Mariota: 2+ passing interceptions,volume spike x17.3,14,19,5,3,52,49,False,,,
2026-10-03T15:06:04.581020+00:00,nfl,prop_passcomp,KXNFLPASSCOMP-26OCT04INDWAS-WASMMARIOTA8-25,Marcus Mariota: 25+ passing completions,price moved +10c,0,10,10,0,50,50,False,,,
2026-10-03T15:06:04.581020+00:00,nfl,prop_passcomp,KXNFLPASSCOMP-26OCT04TENBAL-BALLJACKSON8-24,Lamar Jackson: 24+ passing completions,price moved +8c,0,8,8,0,3,3,False,,,
2026-10-03T15:06:04.581020+00:00,nfl,prop_passcomp,KXNFLPASSCOMP-26OCT05ATLNO-NOTSHOUGH6-24,Tyler Shough: 24+ passing completions,price moved +53c,0,53,53,0,1,1,False,,,
2026-10-03T15:06:04.581020+00:00,nfl,prop_passcomp,KXNFLPASSCOMP-26OCT05ATLNO-ATLMPENIX9-21,Michael Penix Jr.: 21+ passing completions,price moved +48c,0,48,48,0,1,1,False,,,
2026-10-03T15:06:04.581020+00:00,nfl,prop_passatt,KXNFLPASSATT-26OCT04INDWAS-WASMMARIOTA8-26,Marcus Mariota: 26+ passing attempts,price moved +75c,0,75,75,0,7,7,False,,,
2026-10-03T15:06:04.581020+00:00,nfl,prop_passatt,KXNFLPASSATT-26OCT04INDWAS-INDDJONES17-32,Daniel Jones: 32+ passing attempts,price moved +50c,0,50,50,0,9,9,False,,,
2026-10-03T15:06:04.581020+00:00,nfl,prop_passatt,KXNFLPASSATT-26OCT04GBTB-TBJDANIELS10-28,Jalon Daniels: 28+ passing attempts,volume spike x3.0,49,49,0,50,150,100,False,,,
2026-10-03T15:06:04.581020+00:00,nfl,prop_passatt,KXNFLPASSATT-26OCT04GBTB-GBJLOVE10-41,Jordan Love: 41+ passing attempts,price moved -7c,20,13,-7,10,10,0,False,,,
2026-10-03T15:06:04.581020+00:00,nfl,prop_passatt,KXNFLPASSATT-26OCT04DETCAR-DETJGOFF16-35,Jared Goff: 35+ passing attempts,volume spike x91.0,51,46,-5,3,273,270,False,,,
2026-10-03T15:06:04.581020+00:00,nfl,prop_passatt,KXNFLPASSATT-26OCT05ATLNO-NOTSHOUGH6-36,Tyler Shough: 36+ passing attempts,price moved +50c,0,50,50,0,291,291,False,,,
2026-10-03T15:06:04.581020+00:00,nfl,prop_passatt,KXNFLPASSATT-26OCT05ATLNO-ATLMPENIX9-31,Michael Penix Jr.: 31+ passing attempts,price moved +53c,0,53,53,0,94,94,False,,,
2026-10-03T15:06:04.581020+00:00,nfl,prop_passatt,KXNFLPASSATT-26OCT05ATLNO-ATLMPENIX9-36,Michael Penix Jr.: 36+ passing attempts,price moved +26c,0,26,26,0,7,7,False,,,
2026-10-03T15:06:04.581020+00:00,nfl,prop_rshyds,KXNFLRSHYDS-26OCT04INDWAS-INDJTAYLOR28-130,Jonathan Taylor: 130+ rushing yards,volume spike x5.6,21,21,0,18,100,82,False,,,
2026-10-03T15:06:04.581020+00:00,nfl,prop_rshyds,KXNFLRSHYDS-26OCT04INDWAS-INDJTAYLOR28-150,Jonathan Taylor: 150+ rushing yards,price moved +12c,0,12,12,0,2,2,False,,,
2026-10-03T15:06:04.581020+00:00,nfl,prop_rshyds,KXNFLRSHYDS-26OCT04ARINYG-NYGCSKATTEBO44-60,Cam Skattebo: 60+ rushing yards,volume spike x3.7,55,56,1,33,123,90,False,,,
2026-10-03T15:06:04.581020+00:00,nfl,prop_rshyds,KXNFLRSHYDS-26OCT04ARINYG-NYGNHARRIS23-10,Najee Harris: 10+ rushing yards,price moved +79c,0,79,79,0,9,9,False,,,
2026-10-03T15:06:04.581020+00:00,nfl,prop_rshyds,KXNFLRSHYDS-26OCT04DALHOU-HOUWMARKS4-25,Woody Marks: 25+ rushing yards,price moved +68c,0,68,68,0,28,28,False,,,
2026-10-03T15:06:04.581020+00:00,nfl,prop_rshyds,KXNFLRSHYDS-26OCT04DALHOU-DALJWILLIAMS33-50,Javonte Williams: 50+ rushing yards,volume spike x11.1,64,63,-1,25,277,252,False,,,
2026-10-03T15:06:04.581020+00:00,nfl,prop_rshyds,KXNFLRSHYDS-26OCT04GBTB-TBKGAINWELL1-40,Kenny Gainwell: 40+ rushing yards,volume spike x4.0,8,8,0,38,151,113,False,,,
2026-10-03T15:06:04.581020+00:00,nfl,prop_rshyds,KXNFLRSHYDS-26OCT04JACCIN-CINCBROWN30-40,Chase Brown: 40+ rushing yards,price moved +75c,0,75,75,0,902,902,False,,,
2026-10-03T15:06:04.581020+00:00,nfl,prop_rshyds,KXNFLRSHYDS-26OCT04LARPHI-PHISBARKLEY26-130,Saquon Barkley: 130+ rushing yards,volume spike x10.0,8,8,0,46,458,412,False,,,
2026-10-03T15:06:04.581020+00:00,nfl,prop_rshyds,KXNFLRSHYDS-26OCT04LARPHI-PHISBARKLEY26-150,Saquon Barkley: 150+ rushing yards,volume spike x9.3,4,4,0,70,651,581,False,,,
2026-10-03T15:06:04.581020+00:00,nfl,prop_rshyds,KXNFLRSHYDS-26OCT04LARPHI-PHISBARKLEY26-160,Saquon Barkley: 160+ rushing yards,volume spike x5.5,3,3,0,93,516,423,False,,,
2026-10-03T15:06:04.581020+00:00,nfl,prop_rshyds,KXNFLRSHYDS-26OCT04LARPHI-PHIJHURTS1-60,Jalen Hurts: 60+ rushing yards,price moved +11c,0,11,11,0,113,113,False,,,
2026-10-03T15:06:04.581020+00:00,nfl,prop_rshyds,KXNFLRSHYDS-26OCT04LARPHI-PHIJHURTS1-70,Jalen Hurts: 70+ rushing yards,price moved +8c,0,8,8,0,218,218,False,,,
2026-10-03T15:06:04.581020+00:00,nfl,prop_rshyds,KXNFLRSHYDS-26OCT04NEBUF-NEDMAYE10-25,Drake Maye: 25+ rushing yards,price moved +54c,0,54,54,0,10,10,False,,,
2026-10-03T15:06:04.581020+00:00,nfl,prop_rshyds,KXNFLRSHYDS-26OCT04NEBUF-BUFTJOHNSON26-15,Ty Johnson: 15+ rushing yards,price moved +17c,0,17,17,0,3,3,False,,,
2026-10-03T15:06:04.581020+00:00,nfl,prop_rshyds,KXNFLRSHYDS-26OCT04NYJCHI-NYJIDAVIS32-20,Isaiah Davis: 20+ rushing yards,price moved +55c,0,55,55,0,35,35,False,,,
2026-10-03T15:06:04.581020+00:00,nfl,prop_rshyds,KXNFLRSHYDS-26OCT04TENBAL-BALDHENRY22-60,Derrick Henry: 60+ rushing yards,price moved -16c,85,69,-16,338,399,61,False,,,
2026-10-03T15:06:04.581020+00:00,nfl,prop_rshyds,KXNFLRSHYDS-26OCT04TENBAL-TENTPOLLARD20-30,Tony Pollard: 30+ rushing yards,volume spike x37.8,79,77,-2,12,454,442,False,,,
2026-10-03T15:06:04.581020+00:00,nfl,prop_rshyds,KXNFLRSHYDS-26OCT04MIAMIN-MINKMURRAY1-30,Kyler Murray: 30+ rushing yards,price moved +35c,0,35,35,0,92,92,False,,,
2026-10-03T15:06:04.581020+00:00,nfl,prop_rshyds,KXNFLRSHYDS-26OCT04DENSF-DENBNIX10-30,Bo Nix: 30+ rushing yards,price moved +14c,9,23,14,295,337,42,False,,,
2026-10-03T15:06:04.581020+00:00,nfl,prop_rshyds,KXNFLRSHYDS-26OCT04LACSEA-SEAEWILSON23-70,Emanuel Wilson: 70+ rushing yards,price moved +8c,24,32,8,4579,4599,20,False,,,
2026-10-03T15:06:04.581020+00:00,nfl,prop_rshyds,KXNFLRSHYDS-26OCT04LACSEA-SEASDARNOLD14-5,Sam Darnold: 5+ rushing yards,price moved +48c,0,48,48,0,0,0,False,,,
2026-10-03T15:06:04.581020+00:00,nfl,prop_rshyds,KXNFLRSHYDS-26OCT04LACSEA-LACKMITCHELL34-20,Keaton Mitchell: 20+ rushing yards,price moved +44c,0,44,44,0,218,218,False,,,
2026-10-03T15:06:04.581020+00:00,nfl,prop_rshyds,KXNFLRSHYDS-26OCT04DETCAR-CARBYOUNG9-30,Bryce Young: 30+ rushing yards,price moved +16c,0,16,16,0,27,27,False,,,
2026-10-03T15:06:04.581020+00:00,nfl,prop_rshatt,KXNFLRSHATT-26OCT04INDWAS-WASJCROSKEYMERRITT22-17,Jacory Croskey-Merritt: 17+ rushing attempts,price moved +37c,0,37,37,0,5,5,False,,,
2026-10-03T15:06:04.581020+00:00,nfl,prop_rshatt,KXNFLRSHATT-26OCT04GBTB-GBKJOHNSON26-6,Kaleb Johnson: 6+ rushing attempts,volume spike x3.6,82,83,1,608,2204,1596,False,,,
2026-10-03T15:06:04.581020+00:00,nfl,prop_rshatt,KXNFLRSHATT-26OCT04GBTB-TBBIRVING7-11,Bucky Irving: 11+ rushing attempts,price moved +74c,0,74,74,0,1,1,False,,,
2026-10-03T15:06:04.581020+00:00,nfl,prop_rshatt,KXNFLRSHATT-26OCT04JACCIN-JACTLAWRENCE16-4,Trevor Lawrence: 4+ rushing attempts,price moved +51c,0,51,51,0,284,284,False,,,
2026-10-03T15:06:04.581020+00:00,nfl,prop_rshatt,KXNFLRSHATT-26OCT04LARPHI-LARKWILLIAMS23-11,Kyren Williams: 11+ rushing attempts,volume spike x43.0,71,70,-1,1,43,42,False,,,
2026-10-03T15:06:04.581020+00:00,nfl,prop_rshatt,KXNFLRSHATT-26OCT04NEBUF-BUFJALLEN17-11,Josh Allen: 11+ rushing attempts,price moved -11c,31,20,-11,50,51,1,False,,,
2026-10-03T15:06:04.581020+00:00,nfl,prop_rshatt,KXNFLRSHATT-26OCT04NEBUF-NETHENDERSON32-8,TreVeyon Henderson: 8+ rushing attempts,price moved +70c,0,70,70,0,1,1,False,,,
2026-10-03T15:06:04.581020+00:00,nfl,prop_rshatt,KXNFLRSHATT-26OCT04NEBUF-NEDMAYE10-9,Drake Maye: 9+ rushing attempts,price moved +12c,0,12,12,0,1,1,False,,,
2026-10-03T15:06:04.581020+00:00,nfl,prop_rshatt,KXNFLRSHATT-26OCT04MIAMIN-MINAJONES33-18,Aaron Jones Sr.: 18+ rushing attempts,price moved +13c,28,41,13,3404,3510,106,False,,,
2026-10-03T15:06:04.581020+00:00,nfl,prop_rshatt,KXNFLRSHATT-26OCT04MIAMIN-MIAJWRIGHT5-8,Jaylen Wright: 8+ rushing attempts,price moved +7c,57,64,7,29220,29226,6,False,,,
2026-10-03T15:06:04.581020+00:00,nfl,prop_rshatt,KXNFLRSHATT-26OCT04MIAMIN-MIAOGORDON0-7,Ollie Gordon II: 7+ rushing attempts,volume spike x3.5,58,59,1,41,142,101,False,,,
2026-10-03T15:06:04.581020+00:00,nfl,prop_rshatt,KXNFLRSHATT-26OCT04MIAMIN-MIAOGORDON0-10,Ollie Gordon II: 10+ rushing attempts,price moved +25c,0,25,25,0,7,7,False,,,
2026-10-03T15:06:04.581020+00:00,nfl,prop_longrsh,KXNFLLONGRSH-26OCT04DALHOU-HOUCSTROUD7-9,C.J. Stroud: longest rush over 8.5 yards,price moved +49c,0,49,49,0,3,3,False,,,
2026-10-03T15:06:04.581020+00:00,nfl,prop_longrsh,KXNFLLONGRSH-26OCT04NEBUF-BUFJALLEN17-15,Josh Allen: longest rush over 14.5 yards,price moved -11c,57,46,-11,3,6,3,False,,,
2026-10-03T15:06:04.581020+00:00,nfl,prop_longrsh,KXNFLLONGRSH-26OCT04MIAMIN-MIAOGORDON0-10,Ollie Gordon II: longest rush over 9.5 yards,price moved +15c,18,33,15,1271,1453,182,False,,,
2026-10-03T15:06:04.581020+00:00,nfl,prop_longrsh,KXNFLLONGRSH-26OCT04DENSF-SFCMCCAFFREY23-14,Christian McCaffrey: longest rush over 13.5 yards,price moved +56c,0,56,56,0,17,17,False,,,
2026-10-03T15:06:04.581020+00:00,nfl,prop_longrsh,KXNFLLONGRSH-26OCT04LACSEA-SEAEWILSON23-13,Emanuel Wilson: longest rush over 12.5 yards,price moved +53c,0,53,53,0,10,10,False,,,
2026-10-03T15:06:04.581020+00:00,nfl,prop_recyds,KXNFLRECYDS-26OCT04INDWAS-WASTMCLAURIN17-25,Terry McLaurin: 25+ receiving yards,price moved -18c,88,70,-18,90,289,199,False,,,
2026-10-03T15:06:04.581020+00:00,nfl,prop_recyds,KXNFLRECYDS-26OCT04INDWAS-WASTMCLAURIN17-25,Terry McLaurin: 25+ receiving yards,volume spike x3.2,88,70,-18,90,289,199,False,,,
2026-10-03T15:06:04.581020+00:00,nfl,prop_recyds,KXNFLRECYDS-26OCT04INDWAS-WASTMCLAURIN17-55,Terry McLaurin: 55+ receiving yards,price moved -22c,39,17,-22,899,1104,205,False,,,
2026-10-03T15:06:04.581020+00:00,nfl,prop_recyds,KXNFLRECYDS-26OCT04INDWAS-INDKALLEN10-15,Keenan Allen: 15+ receiving yards,price moved -12c,84,72,-12,27,29,2,False,,,
2026-10-03T15:06:04.581020+00:00,nfl,prop_recyds,KXNFLRECYDS-26OCT04INDWAS-INDJDOWNS2-60,Josh Downs: 60+ receiving yards,volume spike x3.0,56,59,3,7265,21921,14656,False,,,
2026-10-03T15:06:04.581020+00:00,nfl,prop_recyds,KXNFLRECYDS-26OCT04INDWAS-INDJTAYLOR28-25,Jonathan Taylor: 25+ receiving yards,volume spike x3.5,40,38,-2,596,2104,1508,False,,,
2026-10-03T15:06:04.581020+00:00,nfl,prop_recyds,KXNFLRECYDS-26OCT04INDWAS-WASSDIGGS3-15,Stefon Diggs: 15+ receiving yards,price moved -7c,93,86,-7,241,277,36,False,,,
2026-10-03T15:06:04.581020+00:00,nfl,prop_recyds,KXNFLRECYDS-26OCT04INDWAS-WASSDIGGS3-25,Stefon Diggs: 25+ receiving yards,volume spike x14.3,82,81,-1,20,287,267,False,,,
2026-10-03T15:06:04.581020+00:00,nfl,prop_recyds,KXNFLRECYDS-26OCT04INDWAS-WASSDIGGS3-50,Stefon Diggs: 50+ receiving yards,volume spike x3.5,50,53,3,3361,11857,8496,False,,,
2026-10-03T15:06:04.581020+00:00,nfl,prop_recyds,KXNFLRECYDS-26OCT04INDWAS-WASAWILLIAMS14-15,Antonio Williams: 15+ receiving yards,price moved +7c,56,63,7,2926,7991,5065,False,,,
2026-10-03T15:06:04.581020+00:00,nfl,prop_recyds,KXNFLRECYDS-26OCT04INDWAS-WASAWILLIAMS14-70,Antonio Williams: 70+ receiving yards,volume spike x8.1,12,11,-1,78,628,550,False,,,
2026-10-03T15:06:04.581020+00:00,nfl,prop_recyds,KXNFLRECYDS-26OCT04INDWAS-INDLTREADWELL13-15,Laquon Treadwell: 15+ receiving yards,price moved +11c,49,60,11,2575,10584,8009,False,,,
2026-10-03T15:06:04.581020+00:00,nfl,prop_recyds,KXNFLRECYDS-26OCT04INDWAS-INDLTREADWELL13-15,Laquon Treadwell: 15+ receiving yards,volume spike x4.1,49,60,11,2575,10584,8009,False,,,
2026-10-03T15:06:04.581020+00:00,nfl,prop_recyds,KXNFLRECYDS-26OCT04INDWAS-INDLTREADWELL13-25,Laquon Treadwell: 25+ receiving yards,volume spike x3.3,32,37,5,358,1165,807,False,,,
2026-10-03T15:06:04.581020+00:00,nfl,prop_recyds,KXNFLRECYDS-26OCT04INDWAS-INDDSLAYTON11-15,Darius Slayton: 15+ receiving yards,volume spike x4.4,46,48,2,384,1692,1308,False,,,
2026-10-03T15:06:04.581020+00:00,nfl,prop_recyds,KXNFLRECYDS-26OCT04INDWAS-WASCOKONKWO85-15,Chig Okonkwo: 15+ receiving yards,price moved -35c,96,61,-35,0,2,2,False,,,
2026-10-03T15:06:04.581020+00:00,nfl,prop_recyds,KXNFLRECYDS-26OCT04INDWAS-WASCOKONKWO85-25,Chig Okonkwo: 25+ receiving yards,volume spike x34.0,49,48,-1,35,1191,1156,False,,,
2026-10-03T15:06:04.581020+00:00,nfl,prop_recyds,KXNFLRECYDS-26OCT04INDWAS-WASCOKONKWO85-40,Chig Okonkwo: 40+ receiving yards,price moved +27c,0,27,27,0,1124,1124,False,,,
2026-10-03T15:06:04.581020+00:00,nfl,prop_recyds,KXNFLRECYDS-26OCT04INDWAS-WASCOKONKWO85-50,Chig Okonkwo: 50+ receiving yards,price moved +16c,0,16,16,0,885,885,False,,,
2026-10-03T15:06:04.581020+00:00,nfl,prop_recyds,KXNFLRECYDS-26OCT04INDWAS-WASCOKONKWO85-60,Chig Okonkwo: 60+ receiving yards,price moved +11c,0,11,11,0,530,530,False,,,
2026-10-03T15:06:04.581020+00:00,nfl,prop_recyds,KXNFLRECYDS-26OCT04ARINYG-NYGILIKELY9-70,Isaiah Likely: 70+ receiving yards,price moved +17c,0,17,17,0,0,0,False,,,
2026-10-03T15:06:04.581020+00:00,nfl,prop_recyds,KXNFLRECYDS-26OCT04ARINYG-NYGTJOHNSON84-15,Theo Johnson: 15+ receiving yards,price moved +31c,0,31,31,0,1,1,False,,,
2026-10-03T15:06:04.581020+00:00,nfl,prop_recyds,KXNFLRECYDS-26OCT04ARINYG-ARIEHIGGINS84-15,Elijah Higgins: 15+ receiving yards,price moved +19c,0,19,19,0,2,2,False,,,
2026-10-03T15:06:04.581020+00:00,nfl,prop_recyds,KXNFLRECYDS-26OCT04DALHOU-HOUDMONTGOMERY32-15,David Montgomery: 15+ receiving yards,volume spike x3.2,39,40,1,505,1615,1110,False,,,
2026-10-03T15:06:04.581020+00:00,nfl,prop_recyds,KXNFLRECYDS-26OCT04DALHOU-HOUDSCHULTZ86-60,Dalton Schultz: 60+ receiving yards,volume spike x7.2,25,27,2,85,614,529,False,,,
2026-10-03T15:06:04.581020+00:00,nfl,prop_recyds,KXNFLRECYDS-26OCT04GBTB-GBSMOORE23-15,Skyy Moore: 15+ receiving yards,price moved +58c,0,58,58,0,4,4,False,,,
2026-10-03T15:06:04.581020+00:00,nfl,prop_recyds,KXNFLRECYDS-26OCT04GBTB-GBSMOORE23-40,Skyy Moore: 40+ receiving yards,price moved +16c,0,16,16,0,1,1,False,,,
2026-10-03T15:06:04.581020+00:00,nfl,prop_recyds,KXNFLRECYDS-26OCT04JACCIN-CINJCHASE1-60,Ja'Marr Chase: 60+ receiving yards,volume spike x18.7,71,72,1,27,506,479,False,,,
2026-10-03T15:06:04.581020+00:00,nfl,prop_recyds,KXNFLRECYDS-26OCT04JACCIN-CINTHIGGINS5-25,Tee Higgins: 25+ receiving yards,price moved +87c,0,87,87,0,1,1,False,,,
2026-10-03T15:06:04.581020+00:00,nfl,prop_recyds,KXNFLRECYDS-26OCT04JACCIN-JACPWASHINGTON11-110,Parker Washington: 110+ receiving yards,volume spike x3.1,22,22,0,305,952,647,False,,,
2026-10-03T15:06:04.581020+00:00,nfl,prop_recyds,KXNFLRECYDS-26OCT04LARPHI-PHIJMUNDT83-15,Johnny Mundt: 15+ receiving yards,price moved +32c,0,32,32,0,3,3,False,,,
2026-10-03T15:06:04.581020+00:00,nfl,prop_recyds,KXNFLRECYDS-26OCT04LARPHI-LARPNACUA12-40,Puka Nacua: 40+ receiving yards,price moved +81c,0,81,81,0,1,1,False,,,
2026-10-03T15:06:04.581020+00:00,nfl,prop_recyds,KXNFLRECYDS-26OCT04LARPHI-LARPNACUA12-70,Puka Nacua: 70+ receiving yards,price moved -7c,55,48,-7,229,2730,2501,False,,,
2026-10-03T15:06:04.581020+00:00,nfl,prop_recyds,KXNFLRECYDS-26OCT04LARPHI-LARPNACUA12-70,Puka Nacua: 70+ receiving yards,volume spike x11.9,55,48,-7,229,2730,2501,False,,,
2026-10-03T15:06:04.581020+00:00,nfl,prop_recyds,KXNFLRECYDS-26OCT04LARPHI-LARPNACUA12-75,Puka Nacua: 75+ receiving yards,price moved -11c,50,39,-11,370,3115,2745,False,,,
2026-10-03T15:06:04.581020+00:00,nfl,prop_recyds,KXNFLRECYDS-26OCT04LARPHI-LARPNACUA12-75,Puka Nacua: 75+ receiving yards,volume spike x8.4,50,39,-11,370,3115,2745,False,,,
2026-10-03T15:06:04.581020+00:00,nfl,prop_recyds,KXNFLRECYDS-26OCT04NEBUF-BUFDMOORE2-60,DJ Moore: 60+ receiving yards,volume spike x3.1,42,40,-2,154,480,326,False,,,
2026-10-03T15:06:04.581020+00:00,nfl,prop_recyds,KXNFLRECYDS-26OCT04NEBUF-NERDOUBS87-50,Romeo Doubs: 50+ receiving yards,volume spike x3.4,40,38,-2,156,527,371,False,,,
2026-10-03T15:06:04.581020+00:00,nfl,prop_recyds,KXNFLRECYDS-26OCT04NEBUF-NERDOUBS87-60,Romeo Doubs: 60+ receiving yards,volume spike x5.5,30,28,-2,81,448,367,False,,,
2026-10-03T15:06:04.581020+00:00,nfl,prop_recyds,KXNFLRECYDS-26OCT04NEBUF-NERDOUBS87-70,Romeo Doubs: 70+ receiving yards,price moved +22c,0,22,22,0,378,378,False,,,
2026-10-03T15:06:04.581020+00:00,nfl,prop_recyds,KXNFLRECYDS-26OCT04NEBUF-NEDDOUGLAS3-25,DeMario Douglas: 25+ receiving yards,volume spike x4.7,54,57,3,46,216,170,False,,,
2026-10-03T15:06:04.581020+00:00,nfl,prop_recyds,KXNFLRECYDS-26OCT04NEBUF-NEMHOLLINS13-45,Mack Hollins: 45+ receiving yards,volume spike x3.3,49,48,-1,45,147,102,False,,,
2026-10-03T15:06:04.581020+00:00,nfl,prop_recyds,KXNFLRECYDS-26OCT04NEBUF-NEMHOLLINS13-50,Mack Hollins: 50+ receiving yards,volume spike x8.7,36,42,6,15,130,115,False,,,
2026-10-03T15:06:04.581020+00:00,nfl,prop_recyds,KXNFLRECYDS-26OCT04NEBUF-NEKWILLIAMS18-25,Kyle Williams: 25+ receiving yards,price moved +24c,0,24,24,0,13,13,False,,,
2026-10-03T15:06:04.581020+00:00,nfl,prop_recyds,KXNFLRECYDS-26OCT04NEBUF-NEKWILLIAMS18-40,Kyle Williams: 40+ receiving yards,price moved +11c,0,11,11,0,1040,1040,False,,,
2026-10-03T15:06:04.581020+00:00,nfl,prop_recyds,KXNFLRECYDS-26OCT04NEBUF-NEKWILLIAMS18-60,Kyle Williams: 60+ receiving yards,volume spike x5.2,3,6,3,84,435,351,False,,,
2026-10-03T15:06:04.581020+00:00,nfl,prop_recyds,KXNFLRECYDS-26OCT04NYJCHI-NYJGWILSON5-40,Garrett Wilson: 40+ receiving yards,volume spike x133.8,80,80,0,5,669,664,False,,,
2026-10-03T15:06:04.581020+00:00,nfl,prop_recyds,KXNFLRECYDS-26OCT04TENBAL-BALRBATEMAN7-15,Rashod Bateman: 15+ receiving yards,price moved -10c,76,66,-10,2,4,2,False,,,
2026-10-03T15:06:04.581020+00:00,nfl,prop_recyds,KXNFLRECYDS-26OCT04TENBAL-BALZFLOWERS4-120,Zay Flowers: 120+ receiving yards,price moved +17c,0,17,17,0,5,5,False,,,
2026-10-03T15:06:04.581020+00:00,nfl,prop_recyds,KXNFLRECYDS-26OCT04TENBAL-BALZFLOWERS4-140,Zay Flowers: 140+ receiving yards,price moved +10c,0,10,10,0,9,9,False,,,
2026-10-03T15:06:04.581020+00:00,nfl,prop_recyds,KXNFLRECYDS-26OCT04MIAMIN-MIAKCOLEMAN21-25,Kevin Coleman Jr.: 25+ receiving yards,price moved +30c,0,30,30,0,7,7,False,,,
2026-10-03T15:06:04.581020+00:00,nfl,prop_recyds,KXNFLRECYDS-26OCT04MIAMIN-MIAKCOLEMAN21-50,Kevin Coleman Jr.: 50+ receiving yards,price moved +8c,0,8,8,0,1,1,False,,,
2026-10-03T15:06:04.581020+00:00,nfl,prop_recyds,KXNFLRECYDS-26OCT04MIAMIN-MIARMILLER84-15,Ryan Miller: 15+ receiving yards,price moved +27c,0,27,27,0,11,11,False,,,
2026-10-03T15:06:04.581020+00:00,nfl,prop_recyds,KXNFLRECYDS-26OCT04MIAMIN-MIARMILLER84-25,Ryan Miller: 25+ receiving yards,price moved +12c,0,12,12,0,3,3,False,,,
2026-10-03T15:06:04.581020+00:00,nfl,prop_recyds,KXNFLRECYDS-26OCT04MIAMIN-MINJJENNINGS14-80,Jauan Jennings: 80+ receiving yards,price moved +7c,0,7,7,0,134,134,False,,,
2026-10-03T15:06:04.581020+00:00,nfl,prop_recyds,KXNFLRECYDS-26OCT04DENSF-DENATRAUTMAN82-15,Adam Trautman: 15+ receiving yards,price moved +21c,0,21,21,0,3,3,False,,,
2026-10-03T15:06:04.581020+00:00,nfl,prop_recyds,KXNFLRECYDS-26OCT04DENSF-DENATRAUTMAN82-25,Adam Trautman: 25+ receiving yards,price moved +8c,0,8,8,0,1,1,False,,,
2026-10-03T15:06:04.581020+00:00,nfl,prop_recyds,KXNFLRECYDS-26OCT04KCLV-KCKWALKER9-15,Kenneth Walker III: 15+ receiving yards,volume spike x76.0,63,65,2,1,76,75,False,,,
2026-10-03T15:06:04.581020+00:00,nfl,prop_recyds,KXNFLRECYDS-26OCT04KCLV-LVTTUCKER1-50,Tre Tucker: 50+ receiving yards,volume spike x6.2,36,35,-1,26,162,136,False,,,
2026-10-03T15:06:04.581020+00:00,nfl,prop_recyds,KXNFLRECYDS-26OCT04KCLV-LVTTUCKER1-80,Tre Tucker: 80+ receiving yards,volume spike x11.9,11,12,1,36,428,392,False,,,
2026-10-03T15:06:04.581020+00:00,nfl,prop_recyds,KXNFLRECYDS-26OCT04KCLV-LVCWHITE82-15,Cody White: 15+ receiving yards,price moved +28c,0,28,28,0,2,2,False,,,
2026-10-03T15:06:04.581020+00:00,nfl,prop_recyds,KXNFLRECYDS-26OCT04LACSEA-LACOGADSDEN86-50,Oronde Gadsden: 50+ receiving yards,price moved +18c,0,18,18,0,3,3,False,,,
2026-10-03T15:06:04.581020+00:00,nfl,prop_recyds,KXNFLRECYDS-26OCT04LACSEA-SEATHORTON15-40,Tory Horton: 40+ receiving yards,price moved +13c,0,13,13,0,31,31,False,,,
2026-10-03T15:06:04.581020+00:00,nfl,prop_recyds,KXNFLRECYDS-26OCT04LACSEA-LACKMITCHELL34-25,Keaton Mitchell: 25+ receiving yards,price moved +16c,0,16,16,0,6,6,False,,,
2026-10-03T15:06:04.581020+00:00,nfl,prop_recyds,KXNFLRECYDS-26OCT04LACSEA-SEAGHOLANI36-25,George Holani: 25+ receiving yards,price moved +16c,0,16,16,0,2,2,False,,,
2026-10-03T15:06:04.581020+00:00,nfl,prop_recyds,KXNFLRECYDS-26OCT04DETCAR-CARTMCMILLAN4-25,Tetairoa McMillan: 25+ receiving yards,price moved +84c,0,84,84,0,49,49,False,,,
2026-10-03T15:06:04.581020+00:00,nfl,prop_recyds,KXNFLRECYDS-26OCT05ATLNO-ATLOZACCHEAUS14-25,Olamide Zaccheaus: 25+ receiving yards,volume spike x4.2,14,17,3,4,17,13,False,,,
2026-10-03T15:06:04.581020+00:00,nfl,prop_rec,KXNFLREC-26OCT04INDWAS-WASSDIGGS3-8,Stefon Diggs: 8+ receptions,price moved +11c,0,11,11,0,99,99,False,,,
2026-10-03T15:06:04.581020+00:00,nfl,prop_rec,KXNFLREC-26OCT04INDWAS-WASSDIGGS3-9,Stefon Diggs: 9+ receptions,price moved +8c,0,8,8,0,23,23,False,,,
2026-10-03T15:06:04.581020+00:00,nfl,prop_rec,KXNFLREC-26OCT04INDWAS-WASSDIGGS3-10,Stefon Diggs: 10+ receptions,price moved +10c,0,10,10,0,19,19,False,,,
2026-10-03T15:06:04.581020+00:00,nfl,prop_rec,KXNFLREC-26OCT04INDWAS-INDKALLEN10-2,Keenan Allen: 2+ receptions,price moved -8c,89,81,-8,82,166,84,False,,,
2026-10-03T15:06:04.581020+00:00,nfl,prop_rec,KXNFLREC-26OCT04INDWAS-INDJDOWNS2-5,Josh Downs: 5+ receptions,volume spike x12.9,62,66,4,104,1341,1237,False,,,
2026-10-03T15:06:04.581020+00:00,nfl,prop_rec,KXNFLREC-26OCT04INDWAS-INDJDOWNS2-6,Josh Downs: 6+ receptions,price moved +12c,44,56,12,2086,8641,6555,False,,,
2026-10-03T15:06:04.581020+00:00,nfl,prop_rec,KXNFLREC-26OCT04INDWAS-INDJDOWNS2-6,Josh Downs: 6+ receptions,volume spike x4.1,44,56,12,2086,8641,6555,False,,,
2026-10-03T15:06:04.581020+00:00,nfl,prop_rec,KXNFLREC-26OCT04INDWAS-INDJDOWNS2-7,Josh Downs: 7+ receptions,price moved +22c,29,51,22,97,5072,4975,False,,,
2026-10-03T15:06:04.581020+00:00,nfl,prop_rec,KXNFLREC-26OCT04INDWAS-INDJDOWNS2-7,Josh Downs: 7+ receptions,volume spike x52.3,29,51,22,97,5072,4975,False,,,
2026-10-03T15:06:04.581020+00:00,nfl,prop_rec,KXNFLREC-26OCT04INDWAS-INDJDOWNS2-8,Josh Downs: 8+ receptions,price moved +15c,18,33,15,12,4054,4042,False,,,
2026-10-03T15:06:04.581020+00:00,nfl,prop_rec,KXNFLREC-26OCT04INDWAS-INDJDOWNS2-8,Josh Downs: 8+ receptions,volume spike x337.8,18,33,15,12,4054,4042,False,,,
2026-10-03T15:06:04.581020+00:00,nfl,prop_rec,KXNFLREC-26OCT04INDWAS-INDJDOWNS2-9,Josh Downs: 9+ receptions,volume spike x17.7,13,13,0,3,53,50,False,,,
2026-10-03T15:06:04.581020+00:00,nfl,prop_rec,KXNFLREC-26OCT04INDWAS-INDJDOWNS2-10,Josh Downs: 10+ receptions,volume spike x52.6,9,11,2,5,263,258,False,,,
2026-10-03T15:06:04.581020+00:00,nfl,prop_rec,KXNFLREC-26OCT04INDWAS-INDJTAYLOR28-3,Jonathan Taylor: 3+ receptions,price moved +54c,0,54,54,0,4,4,False,,,
2026-10-03T15:06:04.581020+00:00,nfl,prop_rec,KXNFLREC-26OCT04INDWAS-INDTWARREN84-7,Tyler Warren: 7+ receptions,price moved +7c,29,36,7,2,28,26,False,,,
2026-10-03T15:06:04.581020+00:00,nfl,prop_rec,KXNFLREC-26OCT04INDWAS-INDTWARREN84-7,Tyler Warren: 7+ receptions,volume spike x14.0,29,36,7,2,28,26,False,,,
2026-10-03T15:06:04.581020+00:00,nfl,prop_rec,KXNFLREC-26OCT04INDWAS-INDLTREADWELL13-2,Laquon Treadwell: 2+ receptions,price moved +15c,38,53,15,96,7085,6989,False,,,
2026-10-03T15:06:04.581020+00:00,nfl,prop_rec,KXNFLREC-26OCT04INDWAS-INDLTREADWELL13-2,Laquon Treadwell: 2+ receptions,volume spike x73.8,38,53,15,96,7085,6989,False,,,
2026-10-03T15:06:04.581020+00:00,nfl,prop_rec,KXNFLREC-26OCT04INDWAS-WASCOKONKWO85-3,Chig Okonkwo: 3+ receptions,price moved +55c,0,55,55,0,29,29,False,,,
2026-10-03T15:06:04.581020+00:00,nfl,prop_rec,KXNFLREC-26OCT04DALHOU-HOUDMONTGOMERY32-2,David Montgomery: 2+ receptions,price moved +53c,0,53,53,0,18,18,False,,,
2026-10-03T15:06:04.581020+00:00,nfl,prop_rec,KXNFLREC-26OCT04DALHOU-HOUDSCHULTZ86-2,Dalton Schultz: 2+ receptions,price moved +91c,0,91,91,0,18,18,False,,,
2026-10-03T15:06:04.581020+00:00,nfl,prop_rec,KXNFLREC-26OCT04DALHOU-DALJWILLIAMS33-5,Javonte Williams: 5+ receptions,price moved +16c,0,16,16,0,66,66,False,,,
2026-10-03T15:06:04.581020+00:00,nfl,prop_rec,KXNFLREC-26OCT04DALHOU-HOUNCOLLINS12-2,Nico Collins: 2+ receptions,price moved +96c,0,96,96,0,50,50,False,,,
2026-10-03T15:06:04.581020+00:00,nfl,prop_rec,KXNFLREC-26OCT04GBTB-TBCGODWIN14-3,Chris Godwin Jr.: 3+ receptions,price moved +53c,0,53,53,0,274,274,False,,,
2026-10-03T15:06:04.581020+00:00,nfl,prop_rec,KXNFLREC-26OCT04GBTB-TBTJOHNSON15-3,Tez Johnson: 3+ receptions,price moved +9c,0,9,9,0,6,6,False,,,
2026-10-03T15:06:04.581020+00:00,nfl,prop_rec,KXNFLREC-26OCT04JACCIN-CINCBROWN30-3,Chase Brown: 3+ receptions,volume spike x47.0,64,64,0,1,47,46,False,,,
2026-10-03T15:06:04.581020+00:00,nfl,prop_rec,KXNFLREC-26OCT04JACCIN-CINJCHASE1-7,Ja'Marr Chase: 7+ receptions,volume spike x4.4,56,58,2,1243,5454,4211,False,,,
2026-10-03T15:06:04.581020+00:00,nfl,prop_rec,KXNFLREC-26OCT04JACCIN-JACBTHOMAS7-2,Brian Thomas Jr.: 2+ receptions,price moved +68c,0,68,68,0,28,28,False,,,
2026-10-03T15:06:04.581020+00:00,nfl,prop_rec,KXNFLREC-26OCT04NEBUF-BUFJCOOK4-2,James Cook III: 2+ receptions,volume spike x4.0,51,49,-2,767,3044,2277,False,,,
2026-10-03T15:06:04.581020+00:00,nfl,prop_rec,KXNFLREC-26OCT04NEBUF-BUFKCOLEMAN0-4,Keon Coleman: 4+ receptions,price moved +11c,0,11,11,0,855,855,False,,,
2026-10-03T15:06:04.581020+00:00,nfl,prop_rec,KXNFLREC-26OCT04NEBUF-BUFDMOORE2-2,DJ Moore: 2+ receptions,volume spike x4.0,90,89,-1,10,40,30,False,,,
2026-10-03T15:06:04.581020+00:00,nfl,prop_rec,KXNFLREC-26OCT04TENBAL-TENWROBINSON4-5,Wan'Dale Robinson: 5+ receptions,volume spike x3.2,39,40,1,81,261,180,False,,,
2026-10-03T15:06:04.581020+00:00,nfl,prop_rec,KXNFLREC-26OCT04DENSF-SFKJUSZCZYK44-2,Kyle Juszczyk: 2+ receptions,price moved +37c,0,37,37,0,25,25,False,,,
2026-10-03T15:06:04.581020+00:00,nfl,prop_rec,KXNFLREC-26OCT04DENSF-SFGKITTLE85-3,George Kittle: 3+ receptions,price moved +84c,0,84,84,0,11,11,False,,,
2026-10-03T15:06:04.581020+00:00,nfl,prop_rec,KXNFLREC-26OCT04LACSEA-LACKMITCHELL34-3,Keaton Mitchell: 3+ receptions,volume spike x6.8,27,27,0,305,2066,1761,False,,,
2026-10-03T15:06:04.581020+00:00,nfl,prop_rec,KXNFLREC-26OCT04LACSEA-SEAGHOLANI36-2,George Holani: 2+ receptions,price moved +53c,0,53,53,0,213,213,False,,,
2026-10-03T15:06:04.581020+00:00,nfl,prop_rec,KXNFLREC-26OCT04LACSEA-LACOGADSDEN86-4,Oronde Gadsden: 4+ receptions,price moved +34c,0,34,34,0,1,1,False,,,
2026-10-03T15:06:04.581020+00:00,nfl,prop_rec,KXNFLREC-26OCT04DETCAR-DETJWILLIAMS1-4,Jameson Williams: 4+ receptions,volume spike x3.3,49,49,0,21,70,49,False,,,
2026-10-03T15:06:04.581020+00:00,nfl,prop_rec,KXNFLREC-26OCT05ATLNO-NOAKAMARA41-6,Alvin Kamara: 6+ receptions,price moved +14c,0,14,14,0,13,13,False,,,
2026-10-03T15:06:04.581020+00:00,nfl,prop_rec,KXNFLREC-26OCT05ATLNO-ATLDLONDON5-7,Drake London: 7+ receptions,price moved +40c,0,40,40,0,180,180,False,,,
2026-10-03T15:06:04.581020+00:00,nfl,prop_rec,KXNFLREC-26OCT05ATLNO-ATLDLONDON5-8,Drake London: 8+ receptions,price moved +27c,0,27,27,0,264,264,False,,,
2026-10-03T15:06:04.581020+00:00,nfl,prop_rec,KXNFLREC-26OCT05ATLNO-ATLKPITTS8-3,Kyle Pitts Sr.: 3+ receptions,price moved +51c,0,51,51,0,530,530,False,,,
2026-10-03T15:06:04.581020+00:00,nfl,prop_longrec,KXNFLLONGREC-26OCT04KCLV-LVJNAILOR9-13,Jalen Nailor: longest reception over 12.5 yards,price moved +54c,0,54,54,0,16,16,False,,,
2026-10-03T15:06:04.581020+00:00,nfl,prop_rryds,KXNFLRRYDS-26OCT04DALHOU-HOUDMONTGOMERY32-85,David Montgomery: 85+ rushing and receiving yards combined,price moved +25c,0,25,25,0,11,11,False,,,
2026-10-03T15:06:04.581020+00:00,nfl,prop_rryds,KXNFLRRYDS-26OCT04LARPHI-PHISBARKLEY26-90,Saquon Barkley: 90+ rushing and receiving yards combined,volume spike x3.4,51,52,1,883,3025,2142,False,,,
2026-10-03T15:06:04.581020+00:00,nfl,prop_rryds,KXNFLRRYDS-26OCT04NEBUF-NERSTEVENSON38-100,Rhamondre Stevenson: 100+ rushing and receiving yards combined,price moved +13c,0,13,13,0,68,68,False,,,
2026-10-03T15:06:04.581020+00:00,nfl,prop_rryds,KXNFLRRYDS-26OCT04KCLV-KCKWALKER9-160,Kenneth Walker III: 160+ rushing and receiving yards combined,volume spike x3.5,19,18,-1,14,49,35,False,,,
2026-10-03T15:06:04.581020+00:00,nfl,prop_rryds,KXNFLRRYDS-26OCT05ATLNO-NOAKAMARA41-60,Alvin Kamara: 60+ rushing and receiving yards combined,volume spike x4.1,45,47,2,10,41,31,False,,,
2026-10-03T15:06:04.581020+00:00,nfl,prop_rryds,KXNFLRRYDS-26OCT05ATLNO-NOAKAMARA41-85,Alvin Kamara: 85+ rushing and receiving yards combined,price moved +22c,0,22,22,0,83,83,False,,,
2026-10-03T15:06:04.581020+00:00,nfl,prop_td,KXNFLTD-26OCT04INDWAS-WASSDIGGS3-1,Stefon Diggs: 1+ touchdowns,volume spike x3.8,25,26,1,6597,25156,18559,False,,,
2026-10-03T15:06:04.581020+00:00,nfl,prop_td,KXNFLTD-26OCT04INDWAS-WASBSINNOTT82-1,Ben Sinnott: 1+ touchdowns,volume spike x3.5,6,8,2,657,2318,1661,False,,,
2026-10-03T15:06:04.581020+00:00,nfl,prop_td,KXNFLTD-26OCT04INDWAS-WASAWILLIAMS14-1,Antonio Williams: 1+ touchdowns,volume spike x8.1,13,15,2,3203,26019,22816,False,,,
2026-10-03T15:06:04.581020+00:00,nfl,prop_td,KXNFLTD-26OCT04INDWAS-INDLTREADWELL13-1,Laquon Treadwell: 1+ touchdowns,volume spike x27.4,13,14,1,280,7658,7378,False,,,
2026-10-03T15:06:04.581020+00:00,nfl,prop_td,KXNFLTD-26OCT04INDWAS-INDDBURKS80-1,Deion Burks: 1+ touchdowns,volume spike x945.0,6,5,-1,1,945,944,False,,,
2026-10-03T15:06:04.581020+00:00,nfl,prop_td,KXNFLTD-26OCT04JACCIN-JACPWASHINGTON11-2,Parker Washington: 2+ touchdowns,volume spike x3.4,7,7,0,197,679,482,False,,,
2026-10-03T15:06:04.581020+00:00,nfl,prop_td,KXNFLTD-26OCT04MIAMIN-MINTHOCKENSON87-2,T.J. Hockenson: 2+ touchdowns,volume spike x3.3,5,6,1,337,1119,782,False,,,
2026-10-03T15:06:04.581020+00:00,nfl,prop_td,KXNFLTD-26OCT04DENSF-DENLHUMPHREY5-1,Lil'Jordan Humphrey: 1+ touchdowns,volume spike x19.2,8,7,-1,254,4868,4614,False,,,
2026-10-03T15:06:04.581020+00:00,nfl,prop_td,KXNFLTD-26OCT04KCLV-KCRRICE4-3,Rashee Rice: 3+ touchdowns,volume spike x13.8,1,1,0,730,10082,9352,False,,,
2026-10-03T15:06:04.581020+00:00,nfl,prop_td,KXNFLTD-26OCT04KCLV-KCKWALKER9-3,Kenneth Walker III: 3+ touchdowns,volume spike x5.1,5,4,-1,59,301,242,False,,,
2026-10-03T15:06:04.581020+00:00,nfl,prop_td,KXNFLTD-26OCT05ATLNO-NODVELE14-1,Devaughn Vele: 1+ touchdowns,volume spike x23.7,28,28,0,3,71,68,False,,,
2026-10-03T15:06:04.581020+00:00,nfl,prop_firsttd,KXNFLFIRSTTD-26OCT04INDWAS-WASSDIGGS3,Stefon Diggs: 1st Touchdown,volume spike x7.9,6,6,0,1678,13282,11604,False,,,
2026-10-03T15:06:04.581020+00:00,nfl,prop_firsttd,KXNFLFIRSTTD-26OCT04INDWAS-WASCOKONKWO85,Chig Okonkwo: 1st Touchdown,volume spike x4.0,3,5,2,213,847,634,False,,,
2026-10-03T15:06:04.581020+00:00,nfl,prop_firsttd,KXNFLFIRSTTD-26OCT04DALHOU-HOUKBOUTTE14,Kayshon Boutte: 1st Touchdown,volume spike x11.2,5,4,-1,56,627,571,False,,,
2026-10-03T15:06:04.581020+00:00,nfl,prop_firsttd,KXNFLFIRSTTD-26OCT04DALHOU-HOUWMARKS4,Woody Marks: 1st Touchdown,price moved +7c,0,7,7,0,1031,1031,False,,,
2026-10-03T15:06:04.581020+00:00,nfl,prop_firsttd,KXNFLFIRSTTD-26OCT04DALHOU-DALHLUEPKE30,Hunter Luepke: 1st Touchdown,volume spike x3.9,1,1,0,80,311,231,False,,,
2026-10-03T15:06:04.581020+00:00,nfl,prop_firsttd,KXNFLFIRSTTD-26OCT04JACCIN-JACJMEYERS3,Jakobi Meyers: 1st Touchdown,volume spike x43.1,6,5,-1,8,345,337,False,,,
2026-10-03T15:06:04.581020+00:00,nfl,prop_firsttd,KXNFLFIRSTTD-26OCT04JACCIN-JACCRODRIGUEZ24,Chris Rodriguez Jr.: 1st Touchdown,volume spike x6.9,5,5,0,56,386,330,False,,,
2026-10-03T15:06:04.581020+00:00,nfl,prop_firsttd,KXNFLFIRSTTD-26OCT04JACCIN-CINTHUDSON87,Tanner Hudson: 1st Touchdown,volume spike x64.1,1,1,0,80,5130,5050,False,,,
2026-10-03T15:06:04.581020+00:00,nfl,prop_firsttd,KXNFLFIRSTTD-26OCT04NEBUF-BUFBUFDST,BUF Bills D/ST: 1st Touchdown,volume spike x3.6,2,3,1,475,1694,1219,False,,,
2026-10-03T15:06:04.581020+00:00,nfl,prop_firsttd,KXNFLFIRSTTD-26OCT04KCLV-KCBSMITH24,Brashard Smith: 1st Touchdown,volume spike x3.0,2,3,1,78,234,156,False,,,
2026-10-03T15:06:04.581020+00:00,nfl,prop_ffpts,KXNFLFFPTS-26OCT04INDWAS-WASSDIGGS3-11P1,Stefon Diggs: Over 11.1 fantasy points,volume spike x4.3,49,50,1,51,219,168,False,,,
2026-10-03T15:06:04.581020+00:00,nfl,prop_ffpts,KXNFLFFPTS-26OCT04INDWAS-WASTMCLAURIN17-11P7,Terry McLaurin: Over 11.7 fantasy points,price moved -21c,43,22,-21,1,369,368,False,,,
2026-10-03T15:06:04.581020+00:00,nfl,prop_ffpts,KXNFLFFPTS-26OCT04INDWAS-WASTMCLAURIN17-11P7,Terry McLaurin: Over 11.7 fantasy points,volume spike x369.0,43,22,-21,1,369,368,False,,,
2026-10-03T15:06:04.581020+00:00,nfl,prop_ffpts,KXNFLFFPTS-26OCT04INDWAS-INDKALLEN10-8P6,Keenan Allen: Over 8.6 fantasy points,price moved -31c,55,24,-31,533,2227,1694,False,,,
2026-10-03T15:06:04.581020+00:00,nfl,prop_ffpts,KXNFLFFPTS-26OCT04INDWAS-INDKALLEN10-8P6,Keenan Allen: Over 8.6 fantasy points,volume spike x4.2,55,24,-31,533,2227,1694,False,,,
2026-10-03T15:06:04.581020+00:00,nfl,prop_ffpts,KXNFLFFPTS-26OCT04ARINYG-ARIJLOVE4-15P9,Jeremiyah Love: Over 15.9 fantasy points,price moved +50c,0,50,50,0,28,28,False,,,
2026-10-03T15:06:04.581020+00:00,nfl,prop_ffpts,KXNFLFFPTS-26OCT04JACCIN-JACJACDST-6P2,JAC Jaguars D/ST: Over 6.2 fantasy points,price moved +36c,0,36,36,0,50,50,False,,,
2026-10-03T15:06:04.581020+00:00,nfl,prop_ffpts,KXNFLFFPTS-26OCT04NYJCHI-CHIKRAYMOND14-10P1,Kalif Raymond: Over 10.1 fantasy points,price moved +34c,0,34,34,0,50,50,False,,,
2026-10-03T15:06:04.581020+00:00,nfl,prop_ffpts,KXNFLFFPTS-26OCT04NYJCHI-CHIDSWIFT4-16P6,D'Andre Swift: Over 16.6 fantasy points,price moved +7c,29,36,7,0,10,10,False,,,
2026-10-03T15:06:04.581020+00:00,nfl,prop_ffpts,KXNFLFFPTS-26OCT04TENBAL-TENCTATE14-10,Carnell Tate: Over 10 fantasy points,price moved +44c,0,44,44,0,43,43,False,,,
2026-10-03T15:06:04.581020+00:00,nfl,prop_ffpts,KXNFLFFPTS-26OCT04DENSF-SFDSAMUEL19-9P2,Deebo Samuel Sr.: Over 9.2 fantasy points,price moved +63c,0,63,63,0,3,3,False,,,
2026-10-03T15:06:04.581020+00:00,nfl,prop_ffpts,KXNFLFFPTS-26OCT04DETCAR-CARDWALLER88-9P4,Darren Waller: Over 9.4 fantasy points,volume spike x14.2,38,38,0,54,768,714,False,,,
2026-10-03T20:06:16.225352+00:00,nfl,prop_passyds,KXNFLPASSYDS-26OCT04INDWAS-WASMMARIOTA8-200,Marcus Mariota: 200+ passing yards,price moved -7c,59,52,-7,2279,2932,653,False,,,
2026-10-03T20:06:16.225352+00:00,nfl,prop_passyds,KXNFLPASSYDS-26OCT04INDWAS-WASMMARIOTA8-300,Marcus Mariota: 300+ passing yards,price moved +8c,0,8,8,0,37,37,False,,,
2026-10-03T20:06:16.225352+00:00,nfl,prop_passyds,KXNFLPASSYDS-26OCT04INDWAS-INDDJONES17-275,Daniel Jones: 275+ passing yards,volume spike x13.6,21,22,1,171,2321,2150,False,,,
2026-10-03T20:06:16.225352+00:00,nfl,prop_passyds,KXNFLPASSYDS-26OCT04INDWAS-INDDJONES17-325,Daniel Jones: 325+ passing yards,volume spike x13.2,11,9,-2,131,1731,1600,False,,,
2026-10-03T20:06:16.225352+00:00,nfl,prop_passyds,KXNFLPASSYDS-26OCT04ARINYG-NYGJWINSTON19-150,Jameis Winston: 150+ passing yards,volume spike x3.6,82,83,1,946,3446,2500,False,,,
2026-10-03T20:06:16.225352+00:00,nfl,prop_passyds,KXNFLPASSYDS-26OCT04ARINYG-NYGJWINSTON19-250,Jameis Winston: 250+ passing yards,volume spike x8.1,28,28,0,12,97,85,False,,,
2026-10-03T20:06:16.225352+00:00,nfl,prop_passyds,KXNFLPASSYDS-26OCT04ARINYG-NYGJWINSTON19-275,Jameis Winston: 275+ passing yards,price moved +18c,0,18,18,0,267,267,False,,,
2026-10-03T20:06:16.225352+00:00,nfl,prop_passyds,KXNFLPASSYDS-26OCT04ARINYG-NYGJWINSTON19-300,Jameis Winston: 300+ passing yards,price moved +11c,0,11,11,0,222,222,False,,,
2026-10-03T20:06:16.225352+00:00,nfl,prop_passyds,KXNFLPASSYDS-26OCT04ARINYG-NYGJWINSTON19-325,Jameis Winston: 325+ passing yards,price moved +8c,0,8,8,0,152,152,False,,,
2026-10-03T20:06:16.225352+00:00,nfl,prop_passyds,KXNFLPASSYDS-26OCT04DALHOU-DALDPRESCOTT4-225,Dak Prescott: 225+ passing yards,volume spike x27.4,74,71,-3,30,822,792,False,,,
2026-10-03T20:06:16.225352+00:00,nfl,prop_passyds,KXNFLPASSYDS-26OCT04GBTB-GBJLOVE10-325,Jordan Love: 325+ passing yards,volume spike x3.6,14,14,0,39,140,101,False,,,
2026-10-03T20:06:16.225352+00:00,nfl,prop_passyds,KXNFLPASSYDS-26OCT04GBTB-GBJLOVE10-375,Jordan Love: 375+ passing yards,volume spike x6.2,7,6,-1,6,37,31,False,,,
2026-10-03T20:06:16.225352+00:00,nfl,prop_passyds,KXNFLPASSYDS-26OCT04JACCIN-CINJBURROW9-250,Joe Burrow: 250+ passing yards,volume spike x11.9,62,62,0,50,597,547,False,,,
2026-10-03T20:06:16.225352+00:00,nfl,prop_passyds,KXNFLPASSYDS-26OCT04JACCIN-JACTLAWRENCE16-175,Trevor Lawrence: 175+ passing yards,price moved +90c,0,90,90,0,5,5,False,,,
2026-10-03T20:06:16.225352+00:00,nfl,prop_passyds,KXNFLPASSYDS-26OCT04LARPHI-PHIJHURTS1-175,Jalen Hurts: 175+ passing yards,price moved +13c,45,58,13,241,295,54,False,,,
2026-10-03T20:06:16.225352+00:00,nfl,prop_passyds,KXNFLPASSYDS-26OCT04NEBUF-BUFJALLEN17-350,Josh Allen: 350+ passing yards,volume spike x3.6,9,9,0,20,73,53,False,,,
2026-10-03T20:06:16.225352+00:00,nfl,prop_passyds,KXNFLPASSYDS-26OCT04TENBAL-BALLJACKSON8-300,Lamar Jackson: 300+ passing yards,volume spike x8.2,12,13,1,5,41,36,False,,,
2026-10-03T20:06:16.225352+00:00,nfl,prop_passyds,KXNFLPASSYDS-26OCT04TENBAL-TENCWARD1-150,Cam Ward: 150+ passing yards,volume spike x4.7,71,72,1,430,2011,1581,False,,,
2026-10-03T20:06:16.225352+00:00,nfl,prop_passyds,KXNFLPASSYDS-26OCT04MIAMIN-MIAMWILLIS2-150,Malik Willis: 150+ passing yards,volume spike x5.6,64,63,-1,119,661,542,False,,,
2026-10-03T20:06:16.225352+00:00,nfl,prop_passyds,KXNFLPASSYDS-26OCT04DENSF-DENBNIX10-275,Bo Nix: 275+ passing yards,volume spike x201.0,22,23,1,1,201,200,False,,,
2026-10-03T20:06:16.225352+00:00,nfl,prop_passyds,KXNFLPASSYDS-26OCT04LACSEA-SEASDARNOLD14-250,Sam Darnold: 250+ passing yards,volume spike x4.2,41,41,0,74,308,234,False,,,
2026-10-03T20:06:16.225352+00:00,nfl,prop_passyds,KXNFLPASSYDS-26OCT04DETCAR-DETJGOFF16-200,Jared Goff: 200+ passing yards,price moved +83c,0,83,83,0,118,118,False,,,
2026-10-03T20:06:16.225352+00:00,nfl,prop_passyds,KXNFLPASSYDS-26OCT05ATLNO-NOTSHOUGH6-175,Tyler Shough: 175+ passing yards,price moved +88c,0,88,88,0,2,2,False,,,
2026-10-03T20:06:16.225352+00:00,nfl,prop_passyds,KXNFLPASSYDS-26OCT05ATLNO-NOTSHOUGH6-300,Tyler Shough: 300+ passing yards,volume spike x4.0,28,28,0,17,68,51,False,,,
2026-10-03T20:06:16.225352+00:00,nfl,prop_passtds,KXNFLPASSTDS-26OCT04INDWAS-INDDJONES17-1,Daniel Jones: 1+ passing touchdowns,volume spike x5.1,84,78,-6,216,1111,895,False,,,
2026-10-03T20:06:16.225352+00:00,nfl,prop_passtds,KXNFLPASSTDS-26OCT04ARINYG-NYGJWINSTON19-3,Jameis Winston: 3+ passing touchdowns,price moved +13c,0,13,13,0,23,23,False,,,
2026-10-03T20:06:16.225352+00:00,nfl,prop_passtds,KXNFLPASSTDS-26OCT04DALHOU-HOUCSTROUD7-1,C.J. Stroud: 1+ passing touchdowns,price moved +84c,0,84,84,0,1,1,False,,,
2026-10-03T20:06:16.225352+00:00,nfl,prop_passtds,KXNFLPASSTDS-26OCT04DALHOU-HOUCSTROUD7-3,C.J. Stroud: 3+ passing touchdowns,volume spike x4.9,21,22,1,11,54,43,False,,,
2026-10-03T20:06:16.225352+00:00,nfl,prop_passtds,KXNFLPASSTDS-26OCT04NYJCHI-CHITBAGENT17-3,Tyson Bagent: 3+ passing touchdowns,volume spike x17.5,13,16,3,2,35,33,False,,,
2026-10-03T20:06:16.225352+00:00,nfl,prop_passtds,KXNFLPASSTDS-26OCT04NYJCHI-NYJGSMITH7-2,Geno Smith: 2+ passing touchdowns,volume spike x5.0,38,37,-1,34,170,136,False,,,
2026-10-03T20:06:16.225352+00:00,nfl,prop_passtds,KXNFLPASSTDS-26OCT04MIAMIN-MIAMWILLIS2-2,Malik Willis: 2+ passing touchdowns,price moved +17c,0,17,17,0,83,83,False,,,
2026-10-03T20:06:16.225352+00:00,nfl,prop_passtds,KXNFLPASSTDS-26OCT04LACSEA-LACJHERBERT10-2,Justin Herbert: 2+ passing touchdowns,volume spike x10.3,27,28,1,73,753,680,False,,,
2026-10-03T20:06:16.225352+00:00,nfl,prop_passint,KXNFLPASSINT-26OCT04DALHOU-DALDPRESCOTT4-1,Dak Prescott: 1+ passing interceptions,volume spike x12.0,52,54,2,150,1806,1656,False,,,
2026-10-03T20:06:16.225352+00:00,nfl,prop_passint,KXNFLPASSINT-26OCT04DALHOU-DALDPRESCOTT4-2,Dak Prescott: 2+ passing interceptions,price moved +20c,0,20,20,0,1,1,False,,,
2026-10-03T20:06:16.225352+00:00,nfl,prop_passint,KXNFLPASSINT-26OCT04DALHOU-DALDPRESCOTT4-3,Dak Prescott: 3+ passing interceptions,volume spike x17.0,5,7,2,1,17,16,False,,,
2026-10-03T20:06:16.225352+00:00,nfl,prop_passint,KXNFLPASSINT-26OCT04GBTB-TBJDANIELS10-3,Jalon Daniels: 3+ passing interceptions,volume spike x1001.0,5,7,2,1,1001,1000,False,,,
2026-10-03T20:06:16.225352+00:00,nfl,prop_passint,KXNFLPASSINT-26OCT04TENBAL-TENCWARD1-2,Cam Ward: 2+ passing interceptions,price moved +17c,0,17,17,0,28,28,False,,,
2026-10-03T20:06:16.225352+00:00,nfl,prop_passint,KXNFLPASSINT-26OCT04MIAMIN-MINKMURRAY1-1,Kyler Murray: 1+ passing interceptions,volume spike x2862.0,42,44,2,1,2862,2861,False,,,
2026-10-03T20:06:16.225352+00:00,nfl,prop_passint,KXNFLPASSINT-26OCT04MIAMIN-MIAMWILLIS2-3,Malik Willis: 3+ passing interceptions,volume spike x42.0,6,10,4,1,42,41,False,,,
2026-10-03T20:06:16.225352+00:00,nfl,prop_passcomp,KXNFLPASSCOMP-26OCT04INDWAS-WASMMARIOTA8-15,Marcus Mariota: 15+ passing completions,price moved +7c,80,87,7,49,69,20,False,,,
2026-10-03T20:06:16.225352+00:00,nfl,prop_passcomp,KXNFLPASSCOMP-26OCT04INDWAS-WASMMARIOTA8-20,Marcus Mariota: 20+ passing completions,price moved +45c,0,45,45,0,83,83,False,,,
2026-10-03T20:06:16.225352+00:00,nfl,prop_passcomp,KXNFLPASSCOMP-26OCT04INDWAS-INDDJONES17-22,Daniel Jones: 22+ passing completions,price moved +37c,0,37,37,0,1,1,False,,,
2026-10-03T20:06:16.225352+00:00,nfl,prop_passcomp,KXNFLPASSCOMP-26OCT04ARINYG-NYGJWINSTON19-24,Jameis Winston: 24+ passing completions,volume spike x394.2,11,15,4,4,1577,1573,False,,,
2026-10-03T20:06:16.225352+00:00,nfl,prop_passcomp,KXNFLPASSCOMP-26OCT04GBTB-TBJDANIELS10-17,Jalon Daniels: 17+ passing completions,price moved +56c,0,56,56,0,173,173,False,,,
2026-10-03T20:06:16.225352+00:00,nfl,prop_passcomp,KXNFLPASSCOMP-26OCT04LARPHI-PHIJHURTS1-20,Jalen Hurts: 20+ passing completions,volume spike x6.5,36,42,6,2509,16348,13839,False,,,
2026-10-03T20:06:16.225352+00:00,nfl,prop_passcomp,KXNFLPASSCOMP-26OCT04LARPHI-LARMSTAFFORD9-17,Matthew Stafford: 17+ passing completions,price moved +81c,0,81,81,0,3,3,False,,,
2026-10-03T20:06:16.225352+00:00,nfl,prop_passcomp,KXNFLPASSCOMP-26OCT04LARPHI-LARMSTAFFORD9-22,Matthew Stafford: 22+ passing completions,price moved +49c,0,49,49,0,1,1,False,,,
2026-10-03T20:06:16.225352+00:00,nfl,prop_passcomp,KXNFLPASSCOMP-26OCT04LARPHI-LARMSTAFFORD9-27,Matthew Stafford: 27+ passing completions,price moved +26c,0,26,26,0,3,3,False,,,
2026-10-03T20:06:16.225352+00:00,nfl,prop_passcomp,KXNFLPASSCOMP-26OCT04NEBUF-BUFJALLEN17-25,Josh Allen: 25+ passing completions,price moved +21c,0,21,21,0,260,260,False,,,
2026-10-03T20:06:16.225352+00:00,nfl,prop_passcomp,KXNFLPASSCOMP-26OCT04NEBUF-NEDMAYE10-25,Drake Maye: 25+ passing completions,volume spike x3.4,14,19,5,117,402,285,False,,,
2026-10-03T20:06:16.225352+00:00,nfl,prop_passcomp,KXNFLPASSCOMP-26OCT04TENBAL-TENCWARD1-15,Cam Ward: 15+ passing completions,price moved +81c,0,81,81,0,3,3,False,,,
2026-10-03T20:06:16.225352+00:00,nfl,prop_passcomp,KXNFLPASSCOMP-26OCT04KCLV-KCPMAHOMES15-21,Patrick Mahomes: 21+ passing completions,volume spike x419.5,52,55,3,2,839,837,False,,,
2026-10-03T20:06:16.225352+00:00,nfl,prop_passcomp,KXNFLPASSCOMP-26OCT04LACSEA-SEASDARNOLD14-27,Sam Darnold: 27+ passing completions,price moved +34c,0,34,34,0,130,130,False,,,
2026-10-03T20:06:16.225352+00:00,nfl,prop_passcomp,KXNFLPASSCOMP-26OCT04LACSEA-LACJHERBERT10-14,Justin Herbert: 14+ passing completions,price moved +91c,0,91,91,0,1,1,False,,,
2026-10-03T20:06:16.225352+00:00,nfl,prop_passatt,KXNFLPASSATT-26OCT04INDWAS-WASMMARIOTA8-26,Marcus Mariota: 26+ passing attempts,volume spike x15.0,75,72,-3,7,105,98,False,,,
2026-10-03T20:06:16.225352+00:00,nfl,prop_passatt,KXNFLPASSATT-26OCT04INDWAS-WASMMARIOTA8-31,Marcus Mariota: 31+ passing attempts,price moved +51c,0,51,51,0,121,121,False,,,
2026-10-03T20:06:16.225352+00:00,nfl,prop_passatt,KXNFLPASSATT-26OCT04INDWAS-WASMMARIOTA8-36,Marcus Mariota: 36+ passing attempts,volume spike x165.3,20,25,5,3,496,493,False,,,
2026-10-03T20:06:16.225352+00:00,nfl,prop_passatt,KXNFLPASSATT-26OCT04ARINYG-ARIJBRISSETT7-40,Jacoby Brissett: 40+ passing attempts,price moved +25c,0,25,25,0,100,100,False,,,
2026-10-03T20:06:16.225352+00:00,nfl,prop_passatt,KXNFLPASSATT-26OCT04DALHOU-DALDPRESCOTT4-36,Dak Prescott: 36+ passing attempts,price moved +51c,0,51,51,0,14,14,False,,,
2026-10-03T20:06:16.225352+00:00,nfl,prop_passatt,KXNFLPASSATT-26OCT04NEBUF-NEDMAYE10-31,Drake Maye: 31+ passing attempts,price moved +52c,0,52,52,0,1,1,False,,,
2026-10-03T20:06:16.225352+00:00,nfl,prop_rshyds,KXNFLRSHYDS-26OCT04INDWAS-WASJCROSKEYMERRITT22-80,Jacory Croskey-Merritt: 80+ rushing yards,volume spike x29.0,29,30,1,43,1247,1204,False,,,
2026-10-03T20:06:16.225352+00:00,nfl,prop_rshyds,KXNFLRSHYDS-26OCT04INDWAS-WASJCROSKEYMERRITT22-90,Jacory Croskey-Merritt: 90+ rushing yards,volume spike x93.7,19,23,4,25,2343,2318,False,,,
2026-10-03T20:06:16.225352+00:00,nfl,prop_rshyds,KXNFLRSHYDS-26OCT04INDWAS-WASJCROSKEYMERRITT22-100,Jacory Croskey-Merritt: 100+ rushing yards,price moved +17c,0,17,17,0,2001,2001,False,,,
2026-10-03T20:06:16.225352+00:00,nfl,prop_rshyds,KXNFLRSHYDS-26OCT04INDWAS-WASMMARIOTA8-30,Marcus Mariota: 30+ rushing yards,volume spike x7.9,42,41,-1,342,2718,2376,False,,,
2026-10-03T20:06:16.225352+00:00,nfl,prop_rshyds,KXNFLRSHYDS-26OCT04INDWAS-INDDJONES17-30,Daniel Jones: 30+ rushing yards,volume spike x3.5,13,13,0,14,49,35,False,,,
2026-10-03T20:06:16.225352+00:00,nfl,prop_rshyds,KXNFLRSHYDS-26OCT04INDWAS-INDDJONES17-40,Daniel Jones: 40+ rushing yards,price moved +7c,0,7,7,0,49,49,False,,,
2026-10-03T20:06:16.225352+00:00,nfl,prop_rshyds,KXNFLRSHYDS-26OCT04INDWAS-INDJTAYLOR28-60,Jonathan Taylor: 60+ rushing yards,volume spike x8.8,79,79,0,63,557,494,False,,,
2026-10-03T20:06:16.225352+00:00,nfl,prop_rshyds,KXNFLRSHYDS-26OCT04INDWAS-INDJTAYLOR28-70,Jonathan Taylor: 70+ rushing yards,volume spike x7.5,71,71,0,106,791,685,False,,,
2026-10-03T20:06:16.225352+00:00,nfl,prop_rshyds,KXNFLRSHYDS-26OCT04INDWAS-INDSMCGOWAN20-15,Seth McGowan: 15+ rushing yards,price moved +24c,0,24,24,0,2,2,False,,,
2026-10-03T20:06:16.225352+00:00,nfl,prop_rshyds,KXNFLRSHYDS-26OCT04ARINYG-NYGNHARRIS23-20,Najee Harris: 20+ rushing yards,price moved +56c,0,56,56,0,1,1,False,,,
2026-10-03T20:06:16.225352+00:00,nfl,prop_rshyds,KXNFLRSHYDS-26OCT04ARINYG-ARIJBRISSETT7-10,Jacoby Brissett: 10+ rushing yards,volume spike x8.1,40,45,5,30,244,214,False,,,
2026-10-03T20:06:16.225352+00:00,nfl,prop_rshyds,KXNFLRSHYDS-26OCT04DALHOU-HOUWMARKS4-60,Woody Marks: 60+ rushing yards,volume spike x32.1,19,19,0,24,771,747,False,,,
2026-10-03T20:06:16.225352+00:00,nfl,prop_rshyds,KXNFLRSHYDS-26OCT04DALHOU-HOUDMONTGOMERY32-40,David Montgomery: 40+ rushing yards,volume spike x13.1,58,57,-1,125,1634,1509,False,,,
2026-10-03T20:06:16.225352+00:00,nfl,prop_rshyds,KXNFLRSHYDS-26OCT04DALHOU-HOUDMONTGOMERY32-60,David Montgomery: 60+ rushing yards,volume spike x3.7,31,31,0,796,2937,2141,False,,,
2026-10-03T20:06:16.225352+00:00,nfl,prop_rshyds,KXNFLRSHYDS-26OCT04DALHOU-HOUCSTROUD7-30,C.J. Stroud: 30+ rushing yards,volume spike x4.9,14,15,1,14,68,54,False,,,
2026-10-03T20:06:16.225352+00:00,nfl,prop_rshyds,KXNFLRSHYDS-26OCT04DALHOU-DALDPRESCOTT4-20,Dak Prescott: 20+ rushing yards,volume spike x5.4,24,24,0,144,774,630,False,,,
2026-10-03T20:06:16.225352+00:00,nfl,prop_rshyds,KXNFLRSHYDS-26OCT04DALHOU-DALJWILLIAMS33-90,Javonte Williams: 90+ rushing yards,volume spike x3.2,24,20,-4,11,35,24,False,,,
2026-10-03T20:06:16.225352+00:00,nfl,prop_rshyds,KXNFLRSHYDS-26OCT04GBTB-TBJDANIELS10-50,Jalon Daniels: 50+ rushing yards,volume spike x3.0,29,26,-3,57,171,114,False,,,
2026-10-03T20:06:16.225352+00:00,nfl,prop_rshyds,KXNFLRSHYDS-26OCT04GBTB-GBKJOHNSON26-40,Kaleb Johnson: 40+ rushing yards,volume spike x108.7,37,34,-3,94,10219,10125,False,,,
2026-10-03T20:06:16.225352+00:00,nfl,prop_rshyds,KXNFLRSHYDS-26OCT04GBTB-GBKJOHNSON26-50,Kaleb Johnson: 50+ rushing yards,volume spike x70.2,23,24,1,173,12143,11970,False,,,
2026-10-03T20:06:16.225352+00:00,nfl,prop_rshyds,KXNFLRSHYDS-26OCT04GBTB-GBKJOHNSON26-60,Kaleb Johnson: 60+ rushing yards,volume spike x36.0,15,16,1,144,5185,5041,False,,,
2026-10-03T20:06:16.225352+00:00,nfl,prop_rshyds,KXNFLRSHYDS-26OCT04GBTB-GBMLLOYD32-10,MarShawn Lloyd: 10+ rushing yards,price moved +82c,0,82,82,0,60,60,False,,,
2026-10-03T20:06:16.225352+00:00,nfl,prop_rshyds,KXNFLRSHYDS-26OCT04GBTB-GBMLLOYD32-15,MarShawn Lloyd: 15+ rushing yards,price moved +73c,0,73,73,0,258,258,False,,,
2026-10-03T20:06:16.225352+00:00,nfl,prop_rshyds,KXNFLRSHYDS-26OCT04GBTB-GBMLLOYD32-20,MarShawn Lloyd: 20+ rushing yards,volume spike x11.4,54,55,1,21,239,218,False,,,
2026-10-03T20:06:16.225352+00:00,nfl,prop_rshyds,KXNFLRSHYDS-26OCT04GBTB-TBKGAINWELL1-10,Kenny Gainwell: 10+ rushing yards,price moved +65c,0,65,65,0,173,173,False,,,
2026-10-03T20:06:16.225352+00:00,nfl,prop_rshyds,KXNFLRSHYDS-26OCT04JACCIN-JACBTUTEN33-30,Bhayshul Tuten: 30+ rushing yards,volume spike x25.1,83,81,-2,19,476,457,False,,,
2026-10-03T20:06:16.225352+00:00,nfl,prop_rshyds,KXNFLRSHYDS-26OCT04JACCIN-CINSPERINE34-10,Samaje Perine: 10+ rushing yards,price moved +65c,0,65,65,0,22,22,False,,,
2026-10-03T20:06:16.225352+00:00,nfl,prop_rshyds,KXNFLRSHYDS-26OCT04JACCIN-JACCRODRIGUEZ24-10,Chris Rodriguez Jr.: 10+ rushing yards,price moved -8c,77,69,-8,2,3,1,False,,,
2026-10-03T20:06:16.225352+00:00,nfl,prop_rshyds,KXNFLRSHYDS-26OCT04JACCIN-JACCRODRIGUEZ24-15,Chris Rodriguez Jr.: 15+ rushing yards,price moved +59c,0,59,59,0,1,1,False,,,
2026-10-03T20:06:16.225352+00:00,nfl,prop_rshyds,KXNFLRSHYDS-26OCT04LARPHI-PHISBARKLEY26-100,Saquon Barkley: 100+ rushing yards,price moved +23c,0,23,23,0,14,14,False,,,
2026-10-03T20:06:16.225352+00:00,nfl,prop_rshyds,KXNFLRSHYDS-26OCT04NEBUF-NERSTEVENSON38-15,Rhamondre Stevenson: 15+ rushing yards,price moved +84c,0,84,84,0,233,233,False,,,
2026-10-03T20:06:16.225352+00:00,nfl,prop_rshyds,KXNFLRSHYDS-26OCT04NEBUF-BUFJALLEN17-25,Josh Allen: 25+ rushing yards,volume spike x22.1,63,63,0,41,908,867,False,,,
2026-10-03T20:06:16.225352+00:00,nfl,prop_rshyds,KXNFLRSHYDS-26OCT04NEBUF-BUFJALLEN17-40,Josh Allen: 40+ rushing yards,volume spike x5.7,37,36,-1,309,1765,1456,False,,,
2026-10-03T20:06:16.225352+00:00,nfl,prop_rshyds,KXNFLRSHYDS-26OCT04NEBUF-BUFJALLEN17-80,Josh Allen: 80+ rushing yards,price moved +7c,0,7,7,0,1200,1200,False,,,
2026-10-03T20:06:16.225352+00:00,nfl,prop_rshyds,KXNFLRSHYDS-26OCT04NEBUF-NEDMAYE10-25,Drake Maye: 25+ rushing yards,volume spike x5.3,54,52,-2,10,53,43,False,,,
2026-10-03T20:06:16.225352+00:00,nfl,prop_rshyds,KXNFLRSHYDS-26OCT04NEBUF-NEDMAYE10-30,Drake Maye: 30+ rushing yards,price moved +8c,38,46,8,0,20,20,False,,,
2026-10-03T20:06:16.225352+00:00,nfl,prop_rshyds,KXNFLRSHYDS-26OCT04NYJCHI-CHIKMONANGAI25-20,Kyle Monangai: 20+ rushing yards,volume spike x5.8,81,81,0,123,710,587,False,,,
2026-10-03T20:06:16.225352+00:00,nfl,prop_rshyds,KXNFLRSHYDS-26OCT04NYJCHI-CHIKMONANGAI25-80,Kyle Monangai: 80+ rushing yards,price moved +10c,1,11,10,1950,2035,85,False,,,
2026-10-03T20:06:16.225352+00:00,nfl,prop_rshyds,KXNFLRSHYDS-26OCT04NYJCHI-CHIDSWIFT4-40,D'Andre Swift: 40+ rushing yards,volume spike x76.1,79,78,-1,8,609,601,False,,,
2026-10-03T20:06:16.225352+00:00,nfl,prop_rshyds,KXNFLRSHYDS-26OCT04TENBAL-BALDHENRY22-60,Derrick Henry: 60+ rushing yards,price moved +14c,69,83,14,399,762,363,False,,,
2026-10-03T20:06:16.225352+00:00,nfl,prop_rshyds,KXNFLRSHYDS-26OCT04TENBAL-BALDHENRY22-70,Derrick Henry: 70+ rushing yards,volume spike x3.1,71,76,5,109,341,232,False,,,
2026-10-03T20:06:16.225352+00:00,nfl,prop_rshyds,KXNFLRSHYDS-26OCT04TENBAL-BALLJACKSON8-15,Lamar Jackson: 15+ rushing yards,volume spike x8.5,84,82,-2,8,68,60,False,,,
2026-10-03T20:06:16.225352+00:00,nfl,prop_rshyds,KXNFLRSHYDS-26OCT04TENBAL-BALLJACKSON8-25,Lamar Jackson: 25+ rushing yards,price moved +65c,0,65,65,0,75,75,False,,,
2026-10-03T20:06:16.225352+00:00,nfl,prop_rshyds,KXNFLRSHYDS-26OCT04MIAMIN-MINAJONES33-50,Aaron Jones Sr.: 50+ rushing yards,volume spike x10.9,70,72,2,7,76,69,False,,,
2026-10-03T20:06:16.225352+00:00,nfl,prop_rshyds,KXNFLRSHYDS-26OCT04MIAMIN-MIAOGORDON0-20,Ollie Gordon II: 20+ rushing yards,volume spike x6.1,62,59,-3,19,115,96,False,,,
2026-10-03T20:06:16.225352+00:00,nfl,prop_rshyds,KXNFLRSHYDS-26OCT04DENSF-SFCMCCAFFREY23-50,Christian McCaffrey: 50+ rushing yards,volume spike x4.5,71,70,-1,25,112,87,False,,,
2026-10-03T20:06:16.225352+00:00,nfl,prop_rshyds,KXNFLRSHYDS-26OCT04DENSF-DENBNIX10-15,Bo Nix: 15+ rushing yards,price moved +58c,0,58,58,0,134,134,False,,,
2026-10-03T20:06:16.225352+00:00,nfl,prop_rshyds,KXNFLRSHYDS-26OCT04DENSF-DENBNIX10-25,Bo Nix: 25+ rushing yards,volume spike x3.8,36,32,-4,26,100,74,False,,,
2026-10-03T20:06:16.225352+00:00,nfl,prop_rshyds,KXNFLRSHYDS-26OCT04DENSF-DENRHARVEY12-20,RJ Harvey: 20+ rushing yards,volume spike x6.8,42,41,-1,4,27,23,False,,,
2026-10-03T20:06:16.225352+00:00,nfl,prop_rshyds,KXNFLRSHYDS-26OCT04KCLV-KCKWALKER9-150,Kenneth Walker III: 150+ rushing yards,price moved +11c,0,11,11,0,213,213,False,,,
2026-10-03T20:06:16.225352+00:00,nfl,prop_rshyds,KXNFLRSHYDS-26OCT04KCLV-KCEJOHNSON10-30,Emmett Johnson: 30+ rushing yards,volume spike x4.0,27,28,1,17,68,51,False,,,
2026-10-03T20:06:16.225352+00:00,nfl,prop_rshyds,KXNFLRSHYDS-26OCT04KCLV-KCEJOHNSON10-40,Emmett Johnson: 40+ rushing yards,volume spike x7.0,14,15,1,36,251,215,False,,,
2026-10-03T20:06:16.225352+00:00,nfl,prop_rshyds,KXNFLRSHYDS-26OCT04LACSEA-LACJHERBERT10-20,Justin Herbert: 20+ rushing yards,price moved +54c,0,54,54,0,6,6,False,,,
2026-10-03T20:06:16.225352+00:00,nfl,prop_rshyds,KXNFLRSHYDS-26OCT05ATLNO-NOTSHOUGH6-25,Tyler Shough: 25+ rushing yards,price moved +28c,0,28,28,0,1,1,False,,,
2026-10-03T20:06:16.225352+00:00,nfl,prop_rshatt,KXNFLRSHATT-26OCT04INDWAS-WASJCROSKEYMERRITT22-17,Jacory Croskey-Merritt: 17+ rushing attempts,volume spike x58.6,37,37,0,5,293,288,False,,,
2026-10-03T20:06:16.225352+00:00,nfl,prop_rshatt,KXNFLRSHATT-26OCT04INDWAS-INDDJONES17-7,Daniel Jones: 7+ rushing attempts,price moved +7c,0,7,7,0,1,1,False,,,
2026-10-03T20:06:16.225352+00:00,nfl,prop_rshatt,KXNFLRSHATT-26OCT04DALHOU-HOUWMARKS4-10,Woody Marks: 10+ rushing attempts,volume spike x30.0,47,44,-3,3,90,87,False,,,
2026-10-03T20:06:16.225352+00:00,nfl,prop_rshatt,KXNFLRSHATT-26OCT04DALHOU-HOUDMONTGOMERY32-9,David Montgomery: 9+ rushing attempts,price moved +79c,0,79,79,0,212,212,False,,,
2026-10-03T20:06:16.225352+00:00,nfl,prop_rshatt,KXNFLRSHATT-26OCT04DALHOU-HOUDMONTGOMERY32-12,David Montgomery: 12+ rushing attempts,volume spike x27.0,54,56,2,82,2217,2135,False,,,
2026-10-03T20:06:16.225352+00:00,nfl,prop_rshatt,KXNFLRSHATT-26OCT04DALHOU-HOUDMONTGOMERY32-15,David Montgomery: 15+ rushing attempts,volume spike x16.0,29,30,1,38,609,571,False,,,
2026-10-03T20:06:16.225352+00:00,nfl,prop_rshatt,KXNFLRSHATT-26OCT04DALHOU-DALJWILLIAMS33-13,Javonte Williams: 13+ rushing attempts,price moved +75c,0,75,75,0,46,46,False,,,
2026-10-03T20:06:16.225352+00:00,nfl,prop_rshatt,KXNFLRSHATT-26OCT04DALHOU-DALJWILLIAMS33-16,Javonte Williams: 16+ rushing attempts,price moved +47c,0,47,47,0,1749,1749,False,,,
2026-10-03T20:06:16.225352+00:00,nfl,prop_rshatt,KXNFLRSHATT-26OCT04GBTB-TBJDANIELS10-10,Jalon Daniels: 10+ rushing attempts,volume spike x137.0,22,22,0,2,274,272,False,,,
2026-10-03T20:06:16.225352+00:00,nfl,prop_rshatt,KXNFLRSHATT-26OCT04GBTB-TBBIRVING7-14,Bucky Irving: 14+ rushing attempts,price moved +56c,0,56,56,0,295,295,False,,,
2026-10-03T20:06:16.225352+00:00,nfl,prop_rshatt,KXNFLRSHATT-26OCT04GBTB-TBBIRVING7-17,Bucky Irving: 17+ rushing attempts,price moved +31c,0,31,31,0,252,252,False,,,
2026-10-03T20:06:16.225352+00:00,nfl,prop_rshatt,KXNFLRSHATT-26OCT04LARPHI-LARBCORUM24-7,Blake Corum: 7+ rushing attempts,price moved +77c,0,77,77,0,9,9,False,,,
2026-10-03T20:06:16.225352+00:00,nfl,prop_rshatt,KXNFLRSHATT-26OCT04NYJCHI-CHIDSWIFT4-14,D'Andre Swift: 14+ rushing attempts,volume spike x9.3,64,63,-1,14,130,116,False,,,
2026-10-03T20:06:16.225352+00:00,nfl,prop_rshatt,KXNFLRSHATT-26OCT04TENBAL-BALLJACKSON8-4,Lamar Jackson: 4+ rushing attempts,price moved +81c,0,81,81,0,49,49,False,,,
2026-10-03T20:06:16.225352+00:00,nfl,prop_rshatt,KXNFLRSHATT-26OCT04TENBAL-BALLJACKSON8-10,Lamar Jackson: 10+ rushing attempts,volume spike x24.5,11,13,2,2,49,47,False,,,
2026-10-03T20:06:16.225352+00:00,nfl,prop_rshatt,KXNFLRSHATT-26OCT04MIAMIN-MINAJONES33-21,Aaron Jones Sr.: 21+ rushing attempts,price moved +18c,0,18,18,0,1,1,False,,,
2026-10-03T20:06:16.225352+00:00,nfl,prop_rshatt,KXNFLRSHATT-26OCT04MIAMIN-MIAOGORDON0-10,Ollie Gordon II: 10+ rushing attempts,volume spike x28.4,25,21,-4,7,199,192,False,,,
2026-10-03T20:06:16.225352+00:00,nfl,prop_rshatt,KXNFLRSHATT-26OCT04KCLV-KCKWALKER9-19,Kenneth Walker III: 19+ rushing attempts,volume spike x4.9,47,46,-1,128,630,502,False,,,
2026-10-03T20:06:16.225352+00:00,nfl,prop_rshatt,KXNFLRSHATT-26OCT05ATLNO-ATLBROBINSON7-20,Bijan Robinson: 20+ rushing attempts,price moved +47c,0,47,47,0,91,91,False,,,
2026-10-03T20:06:16.225352+00:00,nfl,prop_longrsh,KXNFLLONGRSH-26OCT04GBTB-GBKJOHNSON26-10,Kaleb Johnson: longest rush over 9.5 yards,price moved +16c,23,39,16,2052,2092,40,False,,,
2026-10-03T20:06:16.225352+00:00,nfl,prop_longrsh,KXNFLLONGRSH-26OCT04KCLV-KCKWALKER9-18,Kenneth Walker III: longest rush over 17.5 yards,price moved +56c,0,56,56,0,3,3,False,,,
2026-10-03T20:06:16.225352+00:00,nfl,prop_longrsh,KXNFLLONGRSH-26OCT04DETCAR-DETJGIBBS0-21,Jahmyr Gibbs: longest rush over 20.5 yards,price moved +53c,0,53,53,0,54,54,False,,,
2026-10-03T20:06:16.225352+00:00,nfl,prop_longrsh,KXNFLLONGRSH-26OCT05ATLNO-ATLBROBINSON7-18,Bijan Robinson: longest rush over 17.5 yards,price moved +56c,0,56,56,0,95,95,False,,,
2026-10-03T20:06:16.225352+00:00,nfl,prop_recyds,KXNFLRECYDS-26OCT04INDWAS-WASTMCLAURIN17-25,Terry McLaurin: 25+ receiving yards,volume spike x9.0,70,73,3,289,2597,2308,False,,,
2026-10-03T20:06:16.225352+00:00,nfl,prop_recyds,KXNFLRECYDS-26OCT04INDWAS-WASTMCLAURIN17-40,Terry McLaurin: 40+ receiving yards,price moved -11c,64,53,-11,106,792,686,False,,,
2026-10-03T20:06:16.225352+00:00,nfl,prop_recyds,KXNFLRECYDS-26OCT04INDWAS-WASTMCLAURIN17-40,Terry McLaurin: 40+ receiving yards,volume spike x7.5,64,53,-11,106,792,686,False,,,
2026-10-03T20:06:16.225352+00:00,nfl,prop_recyds,KXNFLRECYDS-26OCT04INDWAS-WASTMCLAURIN17-55,Terry McLaurin: 55+ receiving yards,price moved +25c,17,42,25,1104,1234,130,False,,,
2026-10-03T20:06:16.225352+00:00,nfl,prop_recyds,KXNFLRECYDS-26OCT04INDWAS-WASTMCLAURIN17-70,Terry McLaurin: 70+ receiving yards,price moved -10c,27,17,-10,674,1322,648,False,,,
2026-10-03T20:06:16.225352+00:00,nfl,prop_recyds,KXNFLRECYDS-26OCT04INDWAS-INDJDOWNS2-50,Josh Downs: 50+ receiving yards,price moved +7c,64,71,7,90,93,3,False,,,
2026-10-03T20:06:16.225352+00:00,nfl,prop_recyds,KXNFLRECYDS-26OCT04INDWAS-INDJTAYLOR28-15,Jonathan Taylor: 15+ receiving yards,volume spike x6.0,60,61,1,361,2159,1798,False,,,
2026-10-03T20:06:16.225352+00:00,nfl,prop_recyds,KXNFLRECYDS-26OCT04INDWAS-INDJTAYLOR28-40,Jonathan Taylor: 40+ receiving yards,volume spike x6.4,16,19,3,705,4537,3832,False,,,
2026-10-03T20:06:16.225352+00:00,nfl,prop_recyds,KXNFLRECYDS-26OCT04INDWAS-INDJTAYLOR28-50,Jonathan Taylor: 50+ receiving yards,volume spike x11.8,8,11,3,295,3468,3173,False,,,
2026-10-03T20:06:16.225352+00:00,nfl,prop_recyds,KXNFLRECYDS-26OCT04INDWAS-INDJTAYLOR28-60,Jonathan Taylor: 60+ receiving yards,volume spike x28.2,9,7,-2,104,2929,2825,False,,,
2026-10-03T20:06:16.225352+00:00,nfl,prop_recyds,KXNFLRECYDS-26OCT04INDWAS-INDTWARREN84-80,Tyler Warren: 80+ receiving yards,volume spike x10.5,23,24,1,140,1470,1330,False,,,
2026-10-03T20:06:16.225352+00:00,nfl,prop_recyds,KXNFLRECYDS-26OCT04INDWAS-INDTWARREN84-100,Tyler Warren: 100+ receiving yards,volume spike x8.3,8,12,4,169,1411,1242,False,,,
2026-10-03T20:06:16.225352+00:00,nfl,prop_recyds,KXNFLRECYDS-26OCT04INDWAS-INDTWARREN84-110,Tyler Warren: 110+ receiving yards,volume spike x31.9,7,8,1,40,1278,1238,False,,,
2026-10-03T20:06:16.225352+00:00,nfl,prop_recyds,KXNFLRECYDS-26OCT04INDWAS-WASSDIGGS3-40,Stefon Diggs: 40+ receiving yards,price moved +7c,61,68,7,7096,7245,149,False,,,
2026-10-03T20:06:16.225352+00:00,nfl,prop_recyds,KXNFLRECYDS-26OCT04INDWAS-WASAWILLIAMS14-15,Antonio Williams: 15+ receiving yards,price moved +7c,63,70,7,7991,8073,82,False,,,
2026-10-03T20:06:16.225352+00:00,nfl,prop_recyds,KXNFLRECYDS-26OCT04INDWAS-WASAWILLIAMS14-25,Antonio Williams: 25+ receiving yards,price moved +10c,48,58,10,6743,7516,773,False,,,
2026-10-03T20:06:16.225352+00:00,nfl,prop_recyds,KXNFLRECYDS-26OCT04INDWAS-WASAWILLIAMS14-40,Antonio Williams: 40+ receiving yards,price moved +21c,27,48,21,5574,5912,338,False,,,
2026-10-03T20:06:16.225352+00:00,nfl,prop_recyds,KXNFLRECYDS-26OCT04INDWAS-WASAWILLIAMS14-50,Antonio Williams: 50+ receiving yards,price moved +19c,22,41,19,1870,1923,53,False,,,
2026-10-03T20:06:16.225352+00:00,nfl,prop_recyds,KXNFLRECYDS-26OCT04INDWAS-WASAWILLIAMS14-60,Antonio Williams: 60+ receiving yards,price moved +7c,13,20,7,2956,2971,15,False,,,
2026-10-03T20:06:16.225352+00:00,nfl,prop_recyds,KXNFLRECYDS-26OCT04INDWAS-INDLTREADWELL13-25,Laquon Treadwell: 25+ receiving yards,price moved +12c,37,49,12,1165,3885,2720,False,,,
2026-10-03T20:06:16.225352+00:00,nfl,prop_recyds,KXNFLRECYDS-26OCT04INDWAS-INDLTREADWELL13-25,Laquon Treadwell: 25+ receiving yards,volume spike x3.3,37,49,12,1165,3885,2720,False,,,
2026-10-03T20:06:16.225352+00:00,nfl,prop_recyds,KXNFLRECYDS-26OCT04INDWAS-INDLTREADWELL13-40,Laquon Treadwell: 40+ receiving yards,price moved +12c,18,30,12,301,2994,2693,False,,,
2026-10-03T20:06:16.225352+00:00,nfl,prop_recyds,KXNFLRECYDS-26OCT04INDWAS-INDLTREADWELL13-40,Laquon Treadwell: 40+ receiving yards,volume spike x9.9,18,30,12,301,2994,2693,False,,,
2026-10-03T20:06:16.225352+00:00,nfl,prop_recyds,KXNFLRECYDS-26OCT04INDWAS-INDLTREADWELL13-50,Laquon Treadwell: 50+ receiving yards,price moved +9c,12,21,9,19,1694,1675,False,,,
2026-10-03T20:06:16.225352+00:00,nfl,prop_recyds,KXNFLRECYDS-26OCT04INDWAS-INDLTREADWELL13-50,Laquon Treadwell: 50+ receiving yards,volume spike x89.2,12,21,9,19,1694,1675,False,,,
2026-10-03T20:06:16.225352+00:00,nfl,prop_recyds,KXNFLRECYDS-26OCT04INDWAS-INDLTREADWELL13-60,Laquon Treadwell: 60+ receiving yards,price moved +8c,8,16,8,3436,6141,2705,False,,,
2026-10-03T20:06:16.225352+00:00,nfl,prop_recyds,KXNFLRECYDS-26OCT04INDWAS-INDDSLAYTON11-25,Darius Slayton: 25+ receiving yards,volume spike x9.0,33,33,0,367,3295,2928,False,,,
2026-10-03T20:06:16.225352+00:00,nfl,prop_recyds,KXNFLRECYDS-26OCT04INDWAS-INDDSLAYTON11-40,Darius Slayton: 40+ receiving yards,volume spike x3.4,18,19,1,810,2722,1912,False,,,
2026-10-03T20:06:16.225352+00:00,nfl,prop_recyds,KXNFLRECYDS-26OCT04INDWAS-INDDSLAYTON11-50,Darius Slayton: 50+ receiving yards,volume spike x4.9,12,14,2,983,4808,3825,False,,,
2026-10-03T20:06:16.225352+00:00,nfl,prop_recyds,KXNFLRECYDS-26OCT04INDWAS-INDDSLAYTON11-60,Darius Slayton: 60+ receiving yards,volume spike x13.0,9,9,0,104,1356,1252,False,,,
2026-10-03T20:06:16.225352+00:00,nfl,prop_recyds,KXNFLRECYDS-26OCT04INDWAS-INDDSLAYTON11-70,Darius Slayton: 70+ receiving yards,volume spike x10.3,4,6,2,202,2080,1878,False,,,
2026-10-03T20:06:16.225352+00:00,nfl,prop_recyds,KXNFLRECYDS-26OCT04ARINYG-NYGILIKELY9-15,Isaiah Likely: 15+ receiving yards,price moved +86c,0,86,86,0,5,5,False,,,
2026-10-03T20:06:16.225352+00:00,nfl,prop_recyds,KXNFLRECYDS-26OCT04ARINYG-NYGILIKELY9-25,Isaiah Likely: 25+ receiving yards,price moved +73c,0,73,73,0,5,5,False,,,
2026-10-03T20:06:16.225352+00:00,nfl,prop_recyds,KXNFLRECYDS-26OCT04ARINYG-NYGMNABERS1-25,Malik Nabers: 25+ receiving yards,price moved +82c,0,82,82,0,30,30,False,,,
2026-10-03T20:06:16.225352+00:00,nfl,prop_recyds,KXNFLRECYDS-26OCT04ARINYG-NYGCSKATTEBO44-15,Cam Skattebo: 15+ receiving yards,volume spike x17.8,57,57,0,17,303,286,False,,,
2026-10-03T20:06:16.225352+00:00,nfl,prop_recyds,KXNFLRECYDS-26OCT04ARINYG-ARIKBOURNE17-15,Kendrick Bourne: 15+ receiving yards,price moved +63c,0,63,63,0,2,2,False,,,
2026-10-03T20:06:16.225352+00:00,nfl,prop_recyds,KXNFLRECYDS-26OCT04DALHOU-DALJFERGUSON87-15,Jake Ferguson: 15+ receiving yards,price moved +69c,0,69,69,0,6,6,False,,,
2026-10-03T20:06:16.225352+00:00,nfl,prop_recyds,KXNFLRECYDS-26OCT04DALHOU-DALJFERGUSON87-50,Jake Ferguson: 50+ receiving yards,price moved +15c,0,15,15,0,31,31,False,,,
2026-10-03T20:06:16.225352+00:00,nfl,prop_recyds,KXNFLRECYDS-26OCT04DALHOU-DALCLAMB88-60,CeeDee Lamb: 60+ receiving yards,volume spike x20.7,65,66,1,75,1556,1481,False,,,
2026-10-03T20:06:16.225352+00:00,nfl,prop_recyds,KXNFLRECYDS-26OCT04DALHOU-DALJWILLIAMS33-15,Javonte Williams: 15+ receiving yards,volume spike x5.2,45,46,1,48,248,200,False,,,
2026-10-03T20:06:16.225352+00:00,nfl,prop_recyds,KXNFLRECYDS-26OCT04DALHOU-DALJWILLIAMS33-25,Javonte Williams: 25+ receiving yards,volume spike x13.5,21,25,4,16,216,200,False,,,
2026-10-03T20:06:16.225352+00:00,nfl,prop_recyds,KXNFLRECYDS-26OCT04DALHOU-HOUJNOEL13-15,Jaylin Noel: 15+ receiving yards,price moved +45c,0,45,45,0,23,23,False,,,
2026-10-03T20:06:16.225352+00:00,nfl,prop_recyds,KXNFLRECYDS-26OCT04GBTB-TBEEGBUKA2-15,Emeka Egbuka: 15+ receiving yards,price moved +82c,0,82,82,0,3,3,False,,,
2026-10-03T20:06:16.225352+00:00,nfl,prop_recyds,KXNFLRECYDS-26OCT04GBTB-TBCGODWIN14-15,Chris Godwin Jr.: 15+ receiving yards,price moved +72c,0,72,72,0,3,3,False,,,
2026-10-03T20:06:16.225352+00:00,nfl,prop_recyds,KXNFLRECYDS-26OCT04GBTB-TBCOTTON88-15,Cade Otton: 15+ receiving yards,price moved +73c,0,73,73,0,3,3,False,,,
2026-10-03T20:06:16.225352+00:00,nfl,prop_recyds,KXNFLRECYDS-26OCT04GBTB-GBCWATSON9-110,Christian Watson: 110+ receiving yards,price moved +18c,0,18,18,0,5,5,False,,,
2026-10-03T20:06:16.225352+00:00,nfl,prop_recyds,KXNFLRECYDS-26OCT04GBTB-GBCWATSON9-130,Christian Watson: 130+ receiving yards,price moved +10c,0,10,10,0,9,9,False,,,
2026-10-03T20:06:16.225352+00:00,nfl,prop_recyds,KXNFLRECYDS-26OCT04JACCIN-JACPWASHINGTON11-130,Parker Washington: 130+ receiving yards,price moved +14c,0,14,14,0,3,3,False,,,
2026-10-03T20:06:16.225352+00:00,nfl,prop_recyds,KXNFLRECYDS-26OCT04JACCIN-CINDMEYERS81-50,Dohnte Meyers: 50+ receiving yards,price moved +12c,0,12,12,0,3,3,False,,,
2026-10-03T20:06:16.225352+00:00,nfl,prop_recyds,KXNFLRECYDS-26OCT04JACCIN-CINDSAMPLE89-15,Drew Sample: 15+ receiving yards,volume spike x12.9,23,25,2,8,103,95,False,,,
2026-10-03T20:06:16.225352+00:00,nfl,prop_recyds,KXNFLRECYDS-26OCT04JACCIN-JACBSTRANGE85-15,Brenton Strange: 15+ receiving yards,volume spike x51.0,81,79,-2,1,51,50,False,,,
2026-10-03T20:06:16.225352+00:00,nfl,prop_recyds,KXNFLRECYDS-26OCT04JACCIN-JACTHUNTER12-15,Travis Hunter: 15+ receiving yards,volume spike x35.2,23,21,-2,19,669,650,False,,,
2026-10-03T20:06:16.225352+00:00,nfl,prop_recyds,KXNFLRECYDS-26OCT04LARPHI-PHIDWICKS13-15,Dontayvion Wicks: 15+ receiving yards,price moved +88c,0,88,88,0,49,49,False,,,
2026-10-03T20:06:16.225352+00:00,nfl,prop_recyds,KXNFLRECYDS-26OCT04LARPHI-PHIDWICKS13-100,Dontayvion Wicks: 100+ receiving yards,volume spike x16.8,12,17,5,36,603,567,False,,,
2026-10-03T20:06:16.225352+00:00,nfl,prop_recyds,KXNFLRECYDS-26OCT04LARPHI-LARDADAMS17-130,Davante Adams: 130+ receiving yards,price moved +11c,0,11,11,0,17,17,False,,,
2026-10-03T20:06:16.225352+00:00,nfl,prop_recyds,KXNFLRECYDS-26OCT04LARPHI-LARPNACUA12-50,Puka Nacua: 50+ receiving yards,price moved +69c,0,69,69,0,70,70,False,,,
2026-10-03T20:06:16.225352+00:00,nfl,prop_recyds,KXNFLRECYDS-26OCT04LARPHI-LARPNACUA12-60,Puka Nacua: 60+ receiving yards,price moved -12c,66,54,-12,19,112,93,False,,,
2026-10-03T20:06:16.225352+00:00,nfl,prop_recyds,KXNFLRECYDS-26OCT04LARPHI-LARPNACUA12-60,Puka Nacua: 60+ receiving yards,volume spike x5.9,66,54,-12,19,112,93,False,,,
2026-10-03T20:06:16.225352+00:00,nfl,prop_recyds,KXNFLRECYDS-26OCT04LARPHI-LARPNACUA12-100,Puka Nacua: 100+ receiving yards,price moved -7c,29,22,-7,857,1079,222,False,,,
2026-10-03T20:06:16.225352+00:00,nfl,prop_recyds,KXNFLRECYDS-26OCT04LARPHI-LARPNACUA12-110,Puka Nacua: 110+ receiving yards,price moved +17c,0,17,17,0,200,200,False,,,
2026-10-03T20:06:16.225352+00:00,nfl,prop_recyds,KXNFLRECYDS-26OCT04LARPHI-LARPNACUA12-120,Puka Nacua: 120+ receiving yards,price moved +13c,0,13,13,0,200,200,False,,,
2026-10-03T20:06:16.225352+00:00,nfl,prop_recyds,KXNFLRECYDS-26OCT04LARPHI-LARPNACUA12-130,Puka Nacua: 130+ receiving yards,price moved +9c,0,9,9,0,200,200,False,,,
2026-10-03T20:06:16.225352+00:00,nfl,prop_recyds,KXNFLRECYDS-26OCT04NEBUF-BUFKCOLEMAN0-40,Keon Coleman: 40+ receiving yards,volume spike x4.7,13,14,1,191,893,702,False,,,
2026-10-03T20:06:16.225352+00:00,nfl,prop_recyds,KXNFLRECYDS-26OCT04NEBUF-BUFKCOLEMAN0-50,Keon Coleman: 50+ receiving yards,volume spike x332.8,6,9,3,5,1664,1659,False,,,
2026-10-03T20:06:16.225352+00:00,nfl,prop_recyds,KXNFLRECYDS-26OCT04NEBUF-NEDDOUGLAS3-80,DeMario Douglas: 80+ receiving yards,price moved +8c,0,8,8,0,51,51,False,,,
2026-10-03T20:06:16.225352+00:00,nfl,prop_recyds,KXNFLRECYDS-26OCT04NEBUF-NEMHOLLINS13-25,Mack Hollins: 25+ receiving yards,price moved +70c,0,70,70,0,2,2,False,,,
2026-10-03T20:06:16.225352+00:00,nfl,prop_recyds,KXNFLRECYDS-26OCT04NEBUF-NEKWILLIAMS18-25,Kyle Williams: 25+ receiving yards,volume spike x5.7,24,27,3,13,74,61,False,,,
2026-10-03T20:06:16.225352+00:00,nfl,prop_recyds,KXNFLRECYDS-26OCT04NYJCHI-CHICKMET85-40,Cole Kmet: 40+ receiving yards,volume spike x19.0,6,10,4,1,19,18,False,,,
2026-10-03T20:06:16.225352+00:00,nfl,prop_recyds,KXNFLRECYDS-26OCT04NYJCHI-CHIKRAYMOND14-50,Kalif Raymond: 50+ receiving yards,volume spike x25.6,28,28,0,112,2870,2758,False,,,
2026-10-03T20:06:16.225352+00:00,nfl,prop_recyds,KXNFLRECYDS-26OCT04NYJCHI-CHIKRAYMOND14-60,Kalif Raymond: 60+ receiving yards,volume spike x39.3,17,18,1,70,2751,2681,False,,,
2026-10-03T20:06:16.225352+00:00,nfl,prop_recyds,KXNFLRECYDS-26OCT04NYJCHI-CHIKRAYMOND14-70,Kalif Raymond: 70+ receiving yards,volume spike x11.2,13,12,-1,79,881,802,False,,,
2026-10-03T20:06:16.225352+00:00,nfl,prop_recyds,KXNFLRECYDS-26OCT04NYJCHI-NYJIDAVIS32-10,Isaiah Davis: 10+ receiving yards,volume spike x4.3,47,51,4,69,296,227,False,,,
2026-10-03T20:06:16.225352+00:00,nfl,prop_recyds,KXNFLRECYDS-26OCT04TENBAL-TENWROBINSON4-15,Wan'Dale Robinson: 15+ receiving yards,price moved +81c,0,81,81,0,4,4,False,,,
2026-10-03T20:06:16.225352+00:00,nfl,prop_recyds,KXNFLRECYDS-26OCT04TENBAL-TENWROBINSON4-25,Wan'Dale Robinson: 25+ receiving yards,price moved +64c,0,64,64,0,1,1,False,,,
2026-10-03T20:06:16.225352+00:00,nfl,prop_recyds,KXNFLRECYDS-26OCT04TENBAL-TENWROBINSON4-60,Wan'Dale Robinson: 60+ receiving yards,price moved +25c,0,25,25,0,18,18,False,,,
2026-10-03T20:06:16.225352+00:00,nfl,prop_recyds,KXNFLRECYDS-26OCT04TENBAL-TENCTATE14-15,Carnell Tate: 15+ receiving yards,price moved +83c,0,83,83,0,1,1,False,,,
2026-10-03T20:06:16.225352+00:00,nfl,prop_recyds,KXNFLRECYDS-26OCT04TENBAL-TENCTATE14-60,Carnell Tate: 60+ receiving yards,volume spike x3.3,31,33,2,50,166,116,False,,,
2026-10-03T20:06:16.225352+00:00,nfl,prop_recyds,KXNFLRECYDS-26OCT04TENBAL-TENCRIDLEY0-25,Calvin Ridley: 25+ receiving yards,volume spike x3.4,14,12,-2,653,2201,1548,False,,,
2026-10-03T20:06:16.225352+00:00,nfl,prop_recyds,KXNFLRECYDS-26OCT04MIAMIN-MINJJENNINGS14-25,Jauan Jennings: 25+ receiving yards,volume spike x5.4,54,55,1,199,1073,874,False,,,
2026-10-03T20:06:16.225352+00:00,nfl,prop_recyds,KXNFLRECYDS-26OCT04MIAMIN-MINJJENNINGS14-60,Jauan Jennings: 60+ receiving yards,price moved +15c,0,15,15,0,63,63,False,,,
2026-10-03T20:06:16.225352+00:00,nfl,prop_recyds,KXNFLRECYDS-26OCT04MIAMIN-MINJJENNINGS14-70,Jauan Jennings: 70+ receiving yards,price moved +10c,0,10,10,0,47,47,False,,,
2026-10-03T20:06:16.225352+00:00,nfl,prop_recyds,KXNFLRECYDS-26OCT04MIAMIN-MIACBELL18-15,Chris Bell: 15+ receiving yards,price moved +74c,0,74,74,0,2,2,False,,,
2026-10-03T20:06:16.225352+00:00,nfl,prop_recyds,KXNFLRECYDS-26OCT04MIAMIN-MIACBELL18-50,Chris Bell: 50+ receiving yards,price moved +33c,0,33,33,0,5,5,False,,,
2026-10-03T20:06:16.225352+00:00,nfl,prop_recyds,KXNFLRECYDS-26OCT04MIAMIN-MIACBELL18-60,Chris Bell: 60+ receiving yards,price moved +22c,0,22,22,0,10,10,False,,,
2026-10-03T20:06:16.225352+00:00,nfl,prop_recyds,KXNFLRECYDS-26OCT04MIAMIN-MIACBELL18-70,Chris Bell: 70+ receiving yards,price moved +18c,0,18,18,0,13,13,False,,,
2026-10-03T20:06:16.225352+00:00,nfl,prop_recyds,KXNFLRECYDS-26OCT04DENSF-DENCSUTTON14-25,Courtland Sutton: 25+ receiving yards,price moved +56c,0,56,56,0,37,37,False,,,
2026-10-03T20:06:16.225352+00:00,nfl,prop_recyds,KXNFLRECYDS-26OCT04DENSF-DENEENGRAM1-15,Evan Engram: 15+ receiving yards,volume spike x8.6,57,57,0,86,738,652,False,,,
2026-10-03T20:06:16.225352+00:00,nfl,prop_recyds,KXNFLRECYDS-26OCT04KCLV-KCTKELCE87-50,Travis Kelce: 50+ receiving yards,volume spike x5.8,48,47,-1,517,2992,2475,False,,,
2026-10-03T20:06:16.225352+00:00,nfl,prop_recyds,KXNFLRECYDS-26OCT04KCLV-KCKWALKER9-60,Kenneth Walker III: 60+ receiving yards,price moved +8c,0,8,8,0,234,234,False,,,
2026-10-03T20:06:16.225352+00:00,nfl,prop_recyds,KXNFLRECYDS-26OCT04KCLV-LVBBOWERS89-110,Brock Bowers: 110+ receiving yards,volume spike x96.0,19,20,1,1,96,95,False,,,
2026-10-03T20:06:16.225352+00:00,nfl,prop_recyds,KXNFLRECYDS-26OCT04LACSEA-SEAJSMITHNJIGBA11-190,Jaxon Smith-Njigba: 190+ receiving yards,volume spike x3.8,5,6,1,281,1063,782,False,,,
2026-10-03T20:06:16.225352+00:00,nfl,prop_recyds,KXNFLRECYDS-26OCT04LACSEA-LACQJOHNSTON1-15,Quentin Johnston: 15+ receiving yards,price moved +76c,0,76,76,0,4,4,False,,,
2026-10-03T20:06:16.225352+00:00,nfl,prop_recyds,KXNFLRECYDS-26OCT04LACSEA-LACQJOHNSTON1-60,Quentin Johnston: 60+ receiving yards,price moved -7c,29,22,-7,131,765,634,False,,,
2026-10-03T20:06:16.225352+00:00,nfl,prop_recyds,KXNFLRECYDS-26OCT04LACSEA-LACQJOHNSTON1-60,Quentin Johnston: 60+ receiving yards,volume spike x5.8,29,22,-7,131,765,634,False,,,
2026-10-03T20:06:16.225352+00:00,nfl,prop_recyds,KXNFLRECYDS-26OCT04LACSEA-LACLMCCONKEY15-15,Ladd McConkey: 15+ receiving yards,price moved +83c,0,83,83,0,2,2,False,,,
2026-10-03T20:06:16.225352+00:00,nfl,prop_recyds,KXNFLRECYDS-26OCT04LACSEA-LACTHARRIS9-25,Tre' Harris: 25+ receiving yards,price moved +30c,37,67,30,93,173,80,False,,,
2026-10-03T20:06:16.225352+00:00,nfl,prop_recyds,KXNFLRECYDS-26OCT04LACSEA-LACTHARRIS9-80,Tre' Harris: 80+ receiving yards,price moved +13c,0,13,13,0,19,19,False,,,
2026-10-03T20:06:16.225352+00:00,nfl,prop_recyds,KXNFLRECYDS-26OCT04LACSEA-LACTHARRIS9-90,Tre' Harris: 90+ receiving yards,price moved +10c,0,10,10,0,25,25,False,,,
2026-10-03T20:06:16.225352+00:00,nfl,prop_rec,KXNFLREC-26OCT04INDWAS-WASSDIGGS3-5,Stefon Diggs: 5+ receptions,price moved +8c,46,54,8,6874,10083,3209,False,,,
2026-10-03T20:06:16.225352+00:00,nfl,prop_rec,KXNFLREC-26OCT04INDWAS-WASSDIGGS3-9,Stefon Diggs: 9+ receptions,volume spike x4.1,8,8,0,23,95,72,False,,,
2026-10-03T20:06:16.225352+00:00,nfl,prop_rec,KXNFLREC-26OCT04INDWAS-WASSDIGGS3-10,Stefon Diggs: 10+ receptions,volume spike x4.2,10,10,0,19,79,60,False,,,
2026-10-03T20:06:16.225352+00:00,nfl,prop_rec,KXNFLREC-26OCT04INDWAS-WASTMCLAURIN17-2,Terry McLaurin: 2+ receptions,price moved -11c,92,81,-11,2,117,115,False,,,
2026-10-03T20:06:16.225352+00:00,nfl,prop_rec,KXNFLREC-26OCT04INDWAS-WASTMCLAURIN17-2,Terry McLaurin: 2+ receptions,volume spike x58.5,92,81,-11,2,117,115,False,,,
2026-10-03T20:06:16.225352+00:00,nfl,prop_rec,KXNFLREC-26OCT04INDWAS-WASTMCLAURIN17-3,Terry McLaurin: 3+ receptions,price moved -15c,82,67,-15,1,116,115,False,,,
2026-10-03T20:06:16.225352+00:00,nfl,prop_rec,KXNFLREC-26OCT04INDWAS-WASTMCLAURIN17-3,Terry McLaurin: 3+ receptions,volume spike x116.0,82,67,-15,1,116,115,False,,,
2026-10-03T20:06:16.225352+00:00,nfl,prop_rec,KXNFLREC-26OCT04INDWAS-WASAWILLIAMS14-3,Antonio Williams: 3+ receptions,price moved +13c,36,49,13,5191,5645,454,False,,,
2026-10-03T20:06:16.225352+00:00,nfl,prop_rec,KXNFLREC-26OCT04INDWAS-WASAWILLIAMS14-4,Antonio Williams: 4+ receptions,price moved +10c,22,32,10,4287,4639,352,False,,,
2026-10-03T20:06:16.225352+00:00,nfl,prop_rec,KXNFLREC-26OCT04INDWAS-INDJDOWNS2-3,Josh Downs: 3+ receptions,price moved +14c,81,95,14,1014,1222,208,False,,,
2026-10-03T20:06:16.225352+00:00,nfl,prop_rec,KXNFLREC-26OCT04INDWAS-INDJDOWNS2-5,Josh Downs: 5+ receptions,price moved +15c,66,81,15,1341,1898,557,False,,,
2026-10-03T20:06:16.225352+00:00,nfl,prop_rec,KXNFLREC-26OCT04INDWAS-INDJDOWNS2-6,Josh Downs: 6+ receptions,price moved +12c,56,68,12,8641,9395,754,False,,,
2026-10-03T20:06:16.225352+00:00,nfl,prop_rec,KXNFLREC-26OCT04INDWAS-INDJDOWNS2-9,Josh Downs: 9+ receptions,price moved +13c,13,26,13,53,116,63,False,,,
2026-10-03T20:06:16.225352+00:00,nfl,prop_rec,KXNFLREC-26OCT04INDWAS-INDJDOWNS2-11,Josh Downs: 11+ receptions,volume spike x4.9,6,7,1,62,302,240,False,,,
2026-10-03T20:06:16.225352+00:00,nfl,prop_rec,KXNFLREC-26OCT04INDWAS-INDJDOWNS2-12,Josh Downs: 12+ receptions,volume spike x4.1,3,4,1,50,204,154,False,,,
2026-10-03T20:06:16.225352+00:00,nfl,prop_rec,KXNFLREC-26OCT04INDWAS-INDJTAYLOR28-3,Jonathan Taylor: 3+ receptions,volume spike x464.0,54,53,-1,4,1856,1852,False,,,
2026-10-03T20:06:16.225352+00:00,nfl,prop_rec,KXNFLREC-26OCT04INDWAS-INDTWARREN84-9,Tyler Warren: 9+ receptions,price moved +18c,0,18,18,0,12,12,False,,,
2026-10-03T20:06:16.225352+00:00,nfl,prop_rec,KXNFLREC-26OCT04INDWAS-INDTWARREN84-10,Tyler Warren: 10+ receptions,price moved +11c,0,11,11,0,8,8,False,,,
2026-10-03T20:06:16.225352+00:00,nfl,prop_rec,KXNFLREC-26OCT04INDWAS-INDTWARREN84-11,Tyler Warren: 11+ receptions,price moved +8c,0,8,8,0,11,11,False,,,
2026-10-03T20:06:16.225352+00:00,nfl,prop_rec,KXNFLREC-26OCT04INDWAS-INDDSLAYTON11-2,Darius Slayton: 2+ receptions,volume spike x3.3,34,35,1,996,3292,2296,False,,,
2026-10-03T20:06:16.225352+00:00,nfl,prop_rec,KXNFLREC-26OCT04INDWAS-INDDSLAYTON11-3,Darius Slayton: 3+ receptions,volume spike x9.8,15,15,0,355,3482,3127,False,,,
2026-10-03T20:06:16.225352+00:00,nfl,prop_rec,KXNFLREC-26OCT04INDWAS-INDDSLAYTON11-4,Darius Slayton: 4+ receptions,volume spike x5.1,7,6,-1,492,2492,2000,False,,,
2026-10-03T20:06:16.225352+00:00,nfl,prop_rec,KXNFLREC-26OCT04INDWAS-INDLTREADWELL13-3,Laquon Treadwell: 3+ receptions,price moved +11c,16,27,11,253,4358,4105,False,,,
2026-10-03T20:06:16.225352+00:00,nfl,prop_rec,KXNFLREC-26OCT04INDWAS-INDLTREADWELL13-3,Laquon Treadwell: 3+ receptions,volume spike x17.2,16,27,11,253,4358,4105,False,,,
2026-10-03T20:06:16.225352+00:00,nfl,prop_rec,KXNFLREC-26OCT04INDWAS-INDLTREADWELL13-4,Laquon Treadwell: 4+ receptions,volume spike x6.8,9,15,6,345,2350,2005,False,,,
2026-10-03T20:06:16.225352+00:00,nfl,prop_rec,KXNFLREC-26OCT04INDWAS-INDLTREADWELL13-5,Laquon Treadwell: 5+ receptions,volume spike x5.8,5,9,4,564,3263,2699,False,,,
2026-10-03T20:06:16.225352+00:00,nfl,prop_rec,KXNFLREC-26OCT04ARINYG-NYGMNABERS1-6,Malik Nabers: 6+ receptions,price moved +34c,0,34,34,0,2,2,False,,,
2026-10-03T20:06:16.225352+00:00,nfl,prop_rec,KXNFLREC-26OCT04ARINYG-NYGCSKATTEBO44-4,Cam Skattebo: 4+ receptions,price moved +28c,0,28,28,0,0,0,False,,,
2026-10-03T20:06:16.225352+00:00,nfl,prop_rec,KXNFLREC-26OCT04ARINYG-ARIJLOVE4-2,Jeremiyah Love: 2+ receptions,volume spike x73.0,81,80,-1,1,73,72,False,,,
2026-10-03T20:06:16.225352+00:00,nfl,prop_rec,KXNFLREC-26OCT04ARINYG-ARITMCBRIDE85-9,Trey McBride: 9+ receptions,price moved +27c,0,27,27,0,0,0,False,,,
2026-10-03T20:06:16.225352+00:00,nfl,prop_rec,KXNFLREC-26OCT04DALHOU-HOUKBOUTTE14-2,Kayshon Boutte: 2+ receptions,price moved +62c,0,62,62,0,1,1,False,,,
2026-10-03T20:06:16.225352+00:00,nfl,prop_rec,KXNFLREC-26OCT04DALHOU-HOUDMONTGOMERY32-2,David Montgomery: 2+ receptions,volume spike x123.0,53,53,0,18,2214,2196,False,,,
2026-10-03T20:06:16.225352+00:00,nfl,prop_rec,KXNFLREC-26OCT04DALHOU-HOUDMONTGOMERY32-4,David Montgomery: 4+ receptions,price moved +14c,0,14,14,0,1,1,False,,,
2026-10-03T20:06:16.225352+00:00,nfl,prop_rec,KXNFLREC-26OCT04DALHOU-HOUNCOLLINS12-6,Nico Collins: 6+ receptions,price moved +45c,0,45,45,0,10,10,False,,,
2026-10-03T20:06:16.225352+00:00,nfl,prop_rec,KXNFLREC-26OCT04DALHOU-HOUNCOLLINS12-8,Nico Collins: 8+ receptions,price moved +20c,0,20,20,0,1,1,False,,,
2026-10-03T20:06:16.225352+00:00,nfl,prop_rec,KXNFLREC-26OCT04JACCIN-CINTHIGGINS5-6,Tee Higgins: 6+ receptions,price moved +30c,0,30,30,0,0,0,False,,,
2026-10-03T20:06:16.225352+00:00,nfl,prop_rec,KXNFLREC-26OCT04JACCIN-JACJMEYERS3-5,Jakobi Meyers: 5+ receptions,price moved +31c,0,31,31,0,0,0,False,,,
2026-10-03T20:06:16.225352+00:00,nfl,prop_rec,KXNFLREC-26OCT04LARPHI-LARDADAMS17-4,Davante Adams: 4+ receptions,price moved +72c,0,72,72,0,5,5,False,,,
2026-10-03T20:06:16.225352+00:00,nfl,prop_rec,KXNFLREC-26OCT04NEBUF-BUFJCOOK4-3,James Cook III: 3+ receptions,volume spike x34.9,25,25,0,7,244,237,False,,,
2026-10-03T20:06:16.225352+00:00,nfl,prop_rec,KXNFLREC-26OCT04NEBUF-BUFJCOOK4-4,James Cook III: 4+ receptions,price moved +12c,0,12,12,0,200,200,False,,,
2026-10-03T20:06:16.225352+00:00,nfl,prop_rec,KXNFLREC-26OCT04NEBUF-BUFDMOORE2-5,DJ Moore: 5+ receptions,volume spike x9.7,41,40,-1,14,136,122,False,,,
2026-10-03T20:06:16.225352+00:00,nfl,prop_rec,KXNFLREC-26OCT04NEBUF-NEKWILLIAMS18-2,Kyle Williams: 2+ receptions,price moved +28c,0,28,28,0,606,606,False,,,
2026-10-03T20:06:16.225352+00:00,nfl,prop_rec,KXNFLREC-26OCT04NEBUF-NEKWILLIAMS18-3,Kyle Williams: 3+ receptions,price moved +11c,0,11,11,0,1105,1105,False,,,
2026-10-03T20:06:16.225352+00:00,nfl,prop_rec,KXNFLREC-26OCT04NYJCHI-CHICKMET85-3,Cole Kmet: 3+ receptions,price moved +13c,0,13,13,0,23,23,False,,,
2026-10-03T20:06:16.225352+00:00,nfl,prop_rec,KXNFLREC-26OCT04NYJCHI-NYJIDAVIS32-3,Isaiah Davis: 3+ receptions,price moved +7c,17,24,7,84,93,9,False,,,
2026-10-03T20:06:16.225352+00:00,nfl,prop_rec,KXNFLREC-26OCT04TENBAL-BALMANDREWS89-5,Mark Andrews: 5+ receptions,volume spike x7.3,34,36,2,3,22,19,False,,,
2026-10-03T20:06:16.225352+00:00,nfl,prop_rec,KXNFLREC-26OCT04TENBAL-TENWROBINSON4-2,Wan'Dale Robinson: 2+ receptions,price moved +89c,0,89,89,0,1,1,False,,,
2026-10-03T20:06:16.225352+00:00,nfl,prop_rec,KXNFLREC-26OCT04TENBAL-TENWROBINSON4-6,Wan'Dale Robinson: 6+ receptions,volume spike x8.1,27,21,-6,7,57,50,False,,,
2026-10-03T20:06:16.225352+00:00,nfl,prop_rec,KXNFLREC-26OCT04TENBAL-BALZFLOWERS4-3,Zay Flowers: 3+ receptions,volume spike x53.2,84,84,0,17,905,888,False,,,
2026-10-03T20:06:16.225352+00:00,nfl,prop_rec,KXNFLREC-26OCT04DENSF-SFCMCCAFFREY23-4,Christian McCaffrey: 4+ receptions,volume spike x138.0,72,72,0,1,138,137,False,,,
2026-10-03T20:06:16.225352+00:00,nfl,prop_rec,KXNFLREC-26OCT04KCLV-LVAJEANTY2-5,Ashton Jeanty: 5+ receptions,price moved +27c,0,27,27,0,1761,1761,False,,,
2026-10-03T20:06:16.225352+00:00,nfl,prop_rec,KXNFLREC-26OCT04KCLV-LVAJEANTY2-6,Ashton Jeanty: 6+ receptions,volume spike x121.7,14,14,0,14,1704,1690,False,,,
2026-10-03T20:06:16.225352+00:00,nfl,prop_rec,KXNFLREC-26OCT04KCLV-LVAJEANTY2-7,Ashton Jeanty: 7+ receptions,volume spike x1981.0,7,8,1,1,1981,1980,False,,,
2026-10-03T20:06:16.225352+00:00,nfl,prop_rec,KXNFLREC-26OCT04KCLV-LVMMAYER87-3,Michael Mayer: 3+ receptions,volume spike x3.7,53,53,0,1029,3830,2801,False,,,
2026-10-03T20:06:16.225352+00:00,nfl,prop_rec,KXNFLREC-26OCT04LACSEA-SEAJSMITHNJIGBA11-9,Jaxon Smith-Njigba: 9+ receptions,volume spike x3.5,30,31,1,31,108,77,False,,,
2026-10-03T20:06:16.225352+00:00,nfl,prop_rec,KXNFLREC-26OCT04DETCAR-DETSLAPORTA87-3,Sam LaPorta: 3+ receptions,price moved +83c,0,83,83,0,119,119,False,,,
2026-10-03T20:06:16.225352+00:00,nfl,prop_rec,KXNFLREC-26OCT05ATLNO-NOJJOHNSON83-5,Juwan Johnson: 5+ receptions,price moved +32c,0,32,32,0,2,2,False,,,
2026-10-03T20:06:16.225352+00:00,nfl,prop_rec,KXNFLREC-26OCT05ATLNO-NOAKAMARA41-4,Alvin Kamara: 4+ receptions,volume spike x6.8,40,40,0,4,27,23,False,,,
2026-10-03T20:06:16.225352+00:00,nfl,prop_rec,KXNFLREC-26OCT05ATLNO-NOCOLAVE12-7,Chris Olave: 7+ receptions,price moved +56c,0,56,56,0,39,39,False,,,
2026-10-03T20:06:16.225352+00:00,nfl,prop_longrec,KXNFLLONGREC-26OCT04GBTB-TBCGODWIN14-15,Chris Godwin Jr.: longest reception over 14.5 yards,price moved +46c,0,46,46,0,3,3,False,,,
2026-10-03T20:06:16.225352+00:00,nfl,prop_longrec,KXNFLLONGREC-26OCT04JACCIN-CINMGESICKI88-16,Mike Gesicki: longest reception over 15.5 yards,price moved +48c,0,48,48,0,3,3,False,,,
2026-10-03T20:06:16.225352+00:00,nfl,prop_longrec,KXNFLLONGREC-26OCT04JACCIN-CINSPERINE34-8,Samaje Perine: longest reception over 7.5 yards,price moved +47c,0,47,47,0,3,3,False,,,
2026-10-03T20:06:16.225352+00:00,nfl,prop_longrec,KXNFLLONGREC-26OCT04LARPHI-PHIJMUNDT83-10,Johnny Mundt: longest reception over 9.5 yards,price moved +50c,0,50,50,0,1,1,False,,,
2026-10-03T20:06:16.225352+00:00,nfl,prop_longrec,KXNFLLONGREC-26OCT04LARPHI-LARPNACUA12-25,Puka Nacua: longest reception over 24.5 yards,price moved +48c,0,48,48,0,200,200,False,,,
2026-10-03T20:06:16.225352+00:00,nfl,prop_longrec,KXNFLLONGREC-26OCT04NEBUF-BUFJCOOK4-9,James Cook III: longest reception over 8.5 yards,price moved +51c,0,51,51,0,18,18,False,,,
2026-10-03T20:06:16.225352+00:00,nfl,prop_longrec,KXNFLLONGREC-26OCT04NEBUF-BUFDMOORE2-22,DJ Moore: longest reception over 21.5 yards,price moved +46c,0,46,46,0,3,3,False,,,
2026-10-03T20:06:16.225352+00:00,nfl,prop_longrec,KXNFLLONGREC-26OCT04NYJCHI-NYJBALLEN0-9,Braelon Allen: longest reception over 8.5 yards,price moved +48c,0,48,48,0,3,3,False,,,
2026-10-03T20:06:16.225352+00:00,nfl,prop_longrec,KXNFLLONGREC-26OCT04TENBAL-BALMANDREWS89-16,Mark Andrews: longest reception over 15.5 yards,price moved +48c,0,48,48,0,3,3,False,,,
2026-10-03T20:06:16.225352+00:00,nfl,prop_longrec,KXNFLLONGREC-26OCT04MIAMIN-MINJADDISON3-25,Jordan Addison: longest reception over 24.5 yards,price moved +52c,0,52,52,0,22,22,False,,,
2026-10-03T20:06:16.225352+00:00,nfl,prop_longrec,KXNFLLONGREC-26OCT04DENSF-SFKJUSZCZYK44-8,Kyle Juszczyk: longest reception over 7.5 yards,price moved +46c,0,46,46,0,3,3,False,,,
2026-10-03T20:06:16.225352+00:00,nfl,prop_longrec,KXNFLLONGREC-26OCT04DENSF-DENJWADDLE17-21,Jaylen Waddle: longest reception over 20.5 yards,price moved +50c,0,50,50,0,3,3,False,,,
2026-10-03T20:06:16.225352+00:00,nfl,prop_longrec,KXNFLLONGREC-26OCT04KCLV-LVJNAILOR9-13,Jalen Nailor: longest reception over 12.5 yards,price moved -7c,54,47,-7,16,19,3,False,,,
2026-10-03T20:06:16.225352+00:00,nfl,prop_longrec,KXNFLLONGREC-26OCT04DETCAR-DETASTBROWN14-23,Amon-Ra St. Brown: longest reception over 22.5 yards,price moved +53c,0,53,53,0,85,85,False,,,
2026-10-03T20:06:16.225352+00:00,nfl,prop_rryds,KXNFLRRYDS-26OCT04DALHOU-HOUDMONTGOMERY32-60,David Montgomery: 60+ rushing and receiving yards combined,volume spike x16.0,51,52,1,2,32,30,False,,,
2026-10-03T20:06:16.225352+00:00,nfl,prop_rryds,KXNFLRRYDS-26OCT04DALHOU-HOUDMONTGOMERY32-85,David Montgomery: 85+ rushing and receiving yards combined,volume spike x4.5,25,21,-4,11,50,39,False,,,
2026-10-03T20:06:16.225352+00:00,nfl,prop_rryds,KXNFLRRYDS-26OCT04GBTB-TBBIRVING7-70,Bucky Irving: 70+ rushing and receiving yards combined,price moved +55c,0,55,55,0,1,1,False,,,
2026-10-03T20:06:16.225352+00:00,nfl,prop_rryds,KXNFLRRYDS-26OCT04LARPHI-PHISBARKLEY26-115,Saquon Barkley: 115+ rushing and receiving yards combined,price moved -9c,39,30,-9,107,113,6,False,,,
2026-10-03T20:06:16.225352+00:00,nfl,prop_rryds,KXNFLRRYDS-26OCT04NYJCHI-NYJIDAVIS32-90,Isaiah Davis: 90+ rushing and receiving yards combined,price moved +7c,0,7,7,0,40,40,False,,,
2026-10-03T20:06:16.225352+00:00,nfl,prop_rryds,KXNFLRRYDS-26OCT04TENBAL-BALDHENRY22-135,Derrick Henry: 135+ rushing and receiving yards combined,price moved +17c,34,51,17,68,93,25,False,,,
2026-10-03T20:06:16.225352+00:00,nfl,prop_rryds,KXNFLRRYDS-26OCT04MIAMIN-MIAJWRIGHT5-65,Jaylen Wright: 65+ rushing and receiving yards combined,price moved +8c,17,25,8,38,41,3,False,,,
2026-10-03T20:06:16.225352+00:00,nfl,prop_rryds,KXNFLRRYDS-26OCT04MIAMIN-MIAOGORDON0-80,Ollie Gordon II: 80+ rushing and receiving yards combined,price moved +9c,0,9,9,0,8,8,False,,,
2026-10-03T20:06:16.225352+00:00,nfl,prop_rryds,KXNFLRRYDS-26OCT04DENSF-DENRHARVEY12-90,RJ Harvey: 90+ rushing and receiving yards combined,price moved +9c,0,9,9,0,185,185,False,,,
2026-10-03T20:06:16.225352+00:00,nfl,prop_rryds,KXNFLRRYDS-26OCT04KCLV-KCEJOHNSON10-55,Emmett Johnson: 55+ rushing and receiving yards combined,volume spike x67.7,15,17,2,3,203,200,False,,,
2026-10-03T20:06:16.225352+00:00,nfl,prop_rryds,KXNFLRRYDS-26OCT04KCLV-KCEJOHNSON10-80,Emmett Johnson: 80+ rushing and receiving yards combined,price moved +7c,0,7,7,0,134,134,False,,,
2026-10-03T20:06:16.225352+00:00,nfl,prop_rryds,KXNFLRRYDS-26OCT04LACSEA-LACKMITCHELL34-30,Keaton Mitchell: 30+ rushing and receiving yards combined,volume spike x4.6,48,54,6,26,119,93,False,,,
2026-10-03T20:06:16.225352+00:00,nfl,prop_rryds,KXNFLRRYDS-26OCT04DETCAR-CARCHUBBARD30-115,Chuba Hubbard: 115+ rushing and receiving yards combined,price moved +30c,0,30,30,0,15,15,False,,,
2026-10-03T20:06:16.225352+00:00,nfl,prop_rryds,KXNFLRRYDS-26OCT05ATLNO-ATLBROBINSON7-130,Bijan Robinson: 130+ rushing and receiving yards combined,price moved +53c,0,53,53,0,491,491,False,,,
2026-10-03T20:06:16.225352+00:00,nfl,prop_rryds,KXNFLRRYDS-26OCT05ATLNO-ATLBROBINSON7-155,Bijan Robinson: 155+ rushing and receiving yards combined,price moved +32c,0,32,32,0,1,1,False,,,
2026-10-03T20:06:16.225352+00:00,nfl,prop_td,KXNFLTD-26OCT04INDWAS-INDJDOWNS2-2,Josh Downs: 2+ touchdowns,volume spike x35.7,6,6,0,156,5564,5408,False,,,
2026-10-03T20:06:16.225352+00:00,nfl,prop_td,KXNFLTD-26OCT04INDWAS-WASAEKELER30-2,Austin Ekeler: 2+ touchdowns,volume spike x4.9,1,1,0,300,1480,1180,False,,,
2026-10-03T20:06:16.225352+00:00,nfl,prop_td,KXNFLTD-26OCT04INDWAS-INDADULIN16-1,Ashton Dulin: 1+ touchdowns,price moved +7c,0,7,7,0,6384,6384,False,,,
2026-10-03T20:06:16.225352+00:00,nfl,prop_td,KXNFLTD-26OCT04ARINYG-NYGNYGDST-1,NY Giants D/ST: 1+ touchdowns,price moved +14c,0,14,14,0,6,6,False,,,
2026-10-03T20:06:16.225352+00:00,nfl,prop_td,KXNFLTD-26OCT04ARINYG-ARIEHIGGINS84-1,Elijah Higgins: 1+ touchdowns,volume spike x110.0,6,6,0,1,110,109,False,,,
2026-10-03T20:06:16.225352+00:00,nfl,prop_td,KXNFLTD-26OCT04DALHOU-HOUDSCHULTZ86-2,Dalton Schultz: 2+ touchdowns,volume spike x5.2,5,4,-1,142,744,602,False,,,
2026-10-03T20:06:16.225352+00:00,nfl,prop_td,KXNFLTD-26OCT04DALHOU-HOUNCOLLINS12-2,Nico Collins: 2+ touchdowns,volume spike x4.9,8,8,0,648,3158,2510,False,,,
2026-10-03T20:06:16.225352+00:00,nfl,prop_td,KXNFLTD-26OCT04GBTB-GBJSMITH18-1,Jonnu Smith: 1+ touchdowns,volume spike x4.9,10,10,0,445,2176,1731,False,,,
2026-10-03T20:06:16.225352+00:00,nfl,prop_td,KXNFLTD-26OCT04NYJCHI-NYJNYJDST-1,NY Jets D/ST: 1+ touchdowns,volume spike x6.3,12,14,2,27,169,142,False,,,
2026-10-03T20:06:16.225352+00:00,nfl,prop_td,KXNFLTD-26OCT04TENBAL-TENEAYOMANOR5-2,Elic Ayomanor: 2+ touchdowns,volume spike x3.3,1,1,0,150,498,348,False,,,
2026-10-03T20:06:16.225352+00:00,nfl,prop_td,KXNFLTD-26OCT04TENBAL-TENCDIKE17-1,Chimere Dike: 1+ touchdowns,volume spike x5.2,6,6,0,2338,12105,9767,False,,,
2026-10-03T20:06:16.225352+00:00,nfl,prop_td,KXNFLTD-26OCT04MIAMIN-MIAMIADST-1,MIA Dolphins D/ST: 1+ touchdowns,price moved +13c,0,13,13,0,18,18,False,,,
2026-10-03T20:06:16.225352+00:00,nfl,prop_td,KXNFLTD-26OCT04DENSF-DENJDOBBINS27-2,J.K. Dobbins: 2+ touchdowns,price moved +10c,0,10,10,0,56,56,False,,,
2026-10-03T20:06:16.225352+00:00,nfl,prop_td,KXNFLTD-26OCT04DENSF-DENMMIMS19-1,Marvin Mims Jr.: 1+ touchdowns,volume spike x3.1,9,9,0,206,636,430,False,,,
2026-10-03T20:06:16.225352+00:00,nfl,prop_td,KXNFLTD-26OCT04DENSF-SFBCOOKS84-2,Brandin Cooks: 2+ touchdowns,volume spike x10.3,3,2,-1,10,103,93,False,,,
2026-10-03T20:06:16.225352+00:00,nfl,prop_td,KXNFLTD-26OCT04LACSEA-SEAESAUBERT81-1,Eric Saubert: 1+ touchdowns,price moved +8c,0,8,8,0,620,620,False,,,
2026-10-03T20:06:16.225352+00:00,nfl,prop_td,KXNFLTD-26OCT05ATLNO-ATLDLONDON5-2,Drake London: 2+ touchdowns,price moved +9c,0,9,9,0,10,10,False,,,
2026-10-03T20:06:16.225352+00:00,nfl,prop_firsttd,KXNFLFIRSTTD-26OCT04INDWAS-INDINDDST,IND Colts D/ST: 1st Touchdown,volume spike x4.5,3,3,0,204,928,724,False,,,
2026-10-03T20:06:16.225352+00:00,nfl,prop_firsttd,KXNFLFIRSTTD-26OCT04ARINYG-NYGMNABERS1,Malik Nabers: 1st Touchdown,volume spike x3.0,7,7,0,183,554,371,False,,,
2026-10-03T20:06:16.225352+00:00,nfl,prop_firsttd,KXNFLFIRSTTD-26OCT04DALHOU-HOUDSCHULTZ86,Dalton Schultz: 1st Touchdown,volume spike x4.4,6,6,0,293,1300,1007,False,,,
2026-10-03T20:06:16.225352+00:00,nfl,prop_firsttd,KXNFLFIRSTTD-26OCT04DALHOU-HOUNCOLLINS12,Nico Collins: 1st Touchdown,volume spike x5.3,8,9,1,132,706,574,False,,,
2026-10-03T20:06:16.225352+00:00,nfl,prop_firsttd,KXNFLFIRSTTD-26OCT04JACCIN-JACJCAMERON19,Josh Cameron: 1st Touchdown,volume spike x9.1,2,2,0,115,1050,935,False,,,
2026-10-03T20:06:16.225352+00:00,nfl,prop_firsttd,KXNFLFIRSTTD-26OCT04TENBAL-BALCMOORE17,Chris Moore: 1st Touchdown,volume spike x13.1,4,3,-1,18,236,218,False,,,
2026-10-03T20:06:16.225352+00:00,nfl,prop_firsttd,KXNFLFIRSTTD-26OCT04TENBAL-TENTPOLLARD20,Tony Pollard: 1st Touchdown,volume spike x6.3,7,7,0,11,69,58,False,,,
2026-10-03T20:06:16.225352+00:00,nfl,prop_firsttd,KXNFLFIRSTTD-26OCT04TENBAL-TENWROBINSON4,Wan'Dale Robinson: 1st Touchdown,volume spike x69.7,4,3,-1,15,1045,1030,False,,,
2026-10-03T20:06:16.225352+00:00,nfl,prop_firsttd,KXNFLFIRSTTD-26OCT05ATLNO-ATLBROBINSON7,Bijan Robinson: 1st Touchdown,volume spike x3.6,22,21,-1,503,1798,1295,False,,,
2026-10-03T20:06:16.225352+00:00,nfl,prop_ffpts,KXNFLFFPTS-26OCT04INDWAS-WASSDIGGS3-11P1,Stefon Diggs: Over 11.1 fantasy points,volume spike x5.1,50,51,1,219,1123,904,False,,,
2026-10-03T20:06:16.225352+00:00,nfl,prop_ffpts,KXNFLFFPTS-26OCT04INDWAS-INDSSHRADER3-9P4,Spencer Shrader: Over 9.4 fantasy points,price moved -7c,50,43,-7,42,44,2,False,,,
2026-10-03T20:06:16.225352+00:00,nfl,prop_ffpts,KXNFLFFPTS-26OCT04ARINYG-ARITMCBRIDE85-17P6,Trey McBride: Over 17.6 fantasy points,price moved +52c,0,52,52,0,708,708,False,,,
2026-10-03T20:06:16.225352+00:00,nfl,prop_ffpts,KXNFLFFPTS-26OCT04ARINYG-ARIMWILSON14-14P6,Michael Wilson: Over 14.6 fantasy points,price moved +44c,0,44,44,0,32,32,False,,,
2026-10-03T20:06:16.225352+00:00,nfl,prop_ffpts,KXNFLFFPTS-26OCT04DALHOU-HOUWMARKS4-8P7,Woody Marks: Over 8.7 fantasy points,price moved +50c,0,50,50,0,0,0,False,,,
2026-10-03T20:06:16.225352+00:00,nfl,prop_ffpts,KXNFLFFPTS-26OCT04DALHOU-DALJFERGUSON87-9,Jake Ferguson: Over 9 fantasy points,price moved +40c,0,40,40,0,0,0,False,,,
2026-10-03T20:06:16.225352+00:00,nfl,prop_ffpts,KXNFLFFPTS-26OCT04GBTB-TBJDANIELS10-12P9,Jalon Daniels: Over 12.9 fantasy points,price moved +63c,0,63,63,0,208,208,False,,,
2026-10-03T20:06:16.225352+00:00,nfl,prop_ffpts,KXNFLFFPTS-26OCT04JACCIN-CINJCHASE1-18P6,Ja'Marr Chase: Over 18.6 fantasy points,price moved +54c,0,54,54,0,179,179,False,,,
2026-10-03T20:06:16.225352+00:00,nfl,prop_ffpts,KXNFLFFPTS-26OCT04NEBUF-BUFJALLEN17-23P1,Josh Allen: Over 23.1 fantasy points,volume spike x3.8,52,53,1,239,904,665,False,,,
2026-10-03T20:06:16.225352+00:00,nfl,prop_ffpts,KXNFLFFPTS-26OCT04MIAMIN-MINJADDISON3-10P8,Jordan Addison: Over 10.8 fantasy points,price moved +9c,58,67,9,1335,1408,73,False,,,
2026-10-03T20:06:16.225352+00:00,nfl,prop_ffpts,KXNFLFFPTS-26OCT04DENSF-SFEPINEIRO18-8P3,Eddy Pineiro: Over 8.3 fantasy points,price moved +59c,0,59,59,0,36,36,False,,,
2026-10-03T20:06:16.225352+00:00,nfl,prop_ffpts,KXNFLFFPTS-26OCT04DENSF-SFBPURDY13-20,Brock Purdy: Over 20 fantasy points,price moved -15c,48,33,-15,890,893,3,False,,,
2026-10-03T20:06:16.225352+00:00,nfl,prop_ffpts,KXNFLFFPTS-26OCT04DENSF-DENJWADDLE17-12P6,Jaylen Waddle: Over 12.6 fantasy points,price moved +59c,0,59,59,0,41,41,False,,,
2026-10-03T20:06:16.225352+00:00,nfl,prop_ffpts,KXNFLFFPTS-26OCT04KCLV-LVBBOWERS89-15P3,Brock Bowers: Over 15.3 fantasy points,price moved -8c,68,60,-8,1,714,713,False,,,
2026-10-03T20:06:16.225352+00:00,nfl,prop_ffpts,KXNFLFFPTS-26OCT04KCLV-LVBBOWERS89-15P3,Brock Bowers: Over 15.3 fantasy points,volume spike x714.0,68,60,-8,1,714,713,False,,,
2026-10-03T20:06:16.225352+00:00,nfl,prop_ffpts,KXNFLFFPTS-26OCT04LACSEA-SEAJSMITHNJIGBA11-22P2,Jaxon Smith-Njigba: Over 22.2 fantasy points,price moved +18c,24,42,18,67,154,87,False,,,
2026-10-03T20:06:16.225352+00:00,nfl,prop_ffpts,KXNFLFFPTS-26OCT04DETCAR-CARCHUBBARD30-16P2,Chuba Hubbard: Over 16.2 fantasy points,price moved +54c,0,54,54,0,35,35,False,,,
2026-10-03T20:06:16.225352+00:00,nfl,prop_ffpts,KXNFLFFPTS-26OCT04DETCAR-CARBYOUNG9-18P8,Bryce Young: Over 18.8 fantasy points,price moved +46c,0,46,46,0,2,2,False,,,
2026-10-03T20:06:16.225352+00:00,nfl,prop_ffpts,KXNFLFFPTS-26OCT05ATLNO-NOJJOHNSON83-11P9,Juwan Johnson: Over 11.9 fantasy points,price moved +42c,0,42,42,0,12,12,False,,,
2026-10-03T20:06:16.225352+00:00,nfl,prop_ffpts,KXNFLFFPTS-26OCT05ATLNO-ATLMPENIX9-14P7,Michael Penix Jr.: Over 14.7 fantasy points,volume spike x18.0,57,56,-1,1,18,17,False,,,
2026-10-04T02:38:35.927810+00:00,nfl,prop_passyds,KXNFLPASSYDS-26OCT04INDWAS-WASMMARIOTA8-250,Marcus Mariota: 250+ passing yards,volume spike x67.6,25,26,1,38,2567,2529,False,,,
2026-10-04T02:38:35.927810+00:00,nfl,prop_passyds,KXNFLPASSYDS-26OCT04INDWAS-INDDJONES17-150,Daniel Jones: 150+ passing yards,volume spike x19.9,88,88,0,62,1233,1171,False,,,
2026-10-04T02:38:35.927810+00:00,nfl,prop_passyds,KXNFLPASSYDS-26OCT04INDWAS-INDDJONES17-200,Daniel Jones: 200+ passing yards,volume spike x7.2,68,65,-3,52,374,322,False,,,
2026-10-04T02:38:35.927810+00:00,nfl,prop_passyds,KXNFLPASSYDS-26OCT04ARINYG-NYGJWINSTON19-225,Jameis Winston: 225+ passing yards,volume spike x4.2,40,41,1,24,101,77,False,,,
2026-10-04T02:38:35.927810+00:00,nfl,prop_passyds,KXNFLPASSYDS-26OCT04ARINYG-ARIJBRISSETT7-225,Jacoby Brissett: 225+ passing yards,volume spike x5.4,55,52,-3,488,2611,2123,False,,,
2026-10-04T02:38:35.927810+00:00,nfl,prop_passyds,KXNFLPASSYDS-26OCT04DALHOU-DALDPRESCOTT4-400,Dak Prescott: 400+ passing yards,volume spike x3.8,4,5,1,168,636,468,False,,,
2026-10-04T02:38:35.927810+00:00,nfl,prop_passyds,KXNFLPASSYDS-26OCT04GBTB-TBJDANIELS10-150,Jalon Daniels: 150+ passing yards,price moved +64c,0,64,64,0,114,114,False,,,
2026-10-04T02:38:35.927810+00:00,nfl,prop_passyds,KXNFLPASSYDS-26OCT04GBTB-GBJLOVE10-150,Jordan Love: 150+ passing yards,volume spike x3.6,91,90,-1,24,87,63,False,,,
2026-10-04T02:38:35.927810+00:00,nfl,prop_passyds,KXNFLPASSYDS-26OCT04GBTB-GBJLOVE10-375,Jordan Love: 375+ passing yards,volume spike x11.7,6,6,0,37,433,396,False,,,
2026-10-04T02:38:35.927810+00:00,nfl,prop_passyds,KXNFLPASSYDS-26OCT04NEBUF-NEDMAYE10-350,Drake Maye: 350+ passing yards,volume spike x3.1,8,8,0,57,176,119,False,,,
2026-10-04T02:38:35.927810+00:00,nfl,prop_passyds,KXNFLPASSYDS-26OCT04TENBAL-TENCWARD1-125,Cam Ward: 125+ passing yards,price moved -7c,83,76,-7,171,197,26,False,,,
2026-10-04T02:38:35.927810+00:00,nfl,prop_passyds,KXNFLPASSYDS-26OCT04MIAMIN-MINKMURRAY1-150,Kyler Murray: 150+ passing yards,volume spike x445.5,81,81,0,4,1782,1778,False,,,
2026-10-04T02:38:35.927810+00:00,nfl,prop_passyds,KXNFLPASSYDS-26OCT04DENSF-DENBNIX10-300,Bo Nix: 300+ passing yards,price moved +15c,0,15,15,0,62,62,False,,,
2026-10-04T02:38:35.927810+00:00,nfl,prop_passyds,KXNFLPASSYDS-26OCT04DETCAR-CARBYOUNG9-175,Bryce Young: 175+ passing yards,volume spike x118.0,83,83,0,1,118,117,False,,,
2026-10-04T02:38:35.927810+00:00,nfl,prop_passyds,KXNFLPASSYDS-26OCT04DETCAR-DETJGOFF16-350,Jared Goff: 350+ passing yards,price moved +11c,0,11,11,0,56,56,False,,,
2026-10-04T02:38:35.927810+00:00,nfl,prop_passtds,KXNFLPASSTDS-26OCT04LACSEA-SEASDARNOLD14-1,Sam Darnold: 1+ passing touchdowns,price moved +86c,0,86,86,0,0,0,False,,,
2026-10-04T02:38:35.927810+00:00,nfl,prop_passint,KXNFLPASSINT-26OCT04INDWAS-WASMMARIOTA8-2,Marcus Mariota: 2+ passing interceptions,volume spike x6.3,19,15,-4,52,330,278,False,,,
2026-10-04T02:38:35.927810+00:00,nfl,prop_passint,KXNFLPASSINT-26OCT04ARINYG-NYGJWINSTON19-3,Jameis Winston: 3+ passing interceptions,price moved +10c,0,10,10,0,18,18,False,,,
2026-10-04T02:38:35.927810+00:00,nfl,prop_passint,KXNFLPASSINT-26OCT04DALHOU-DALDPRESCOTT4-2,Dak Prescott: 2+ passing interceptions,volume spike x26.0,20,19,-1,1,26,25,False,,,
2026-10-04T02:38:35.927810+00:00,nfl,prop_passint,KXNFLPASSINT-26OCT04NYJCHI-CHITBAGENT17-2,Tyson Bagent: 2+ passing interceptions,volume spike x12.8,15,14,-1,25,321,296,False,,,
2026-10-04T02:38:35.927810+00:00,nfl,prop_passint,KXNFLPASSINT-26OCT04NYJCHI-CHITBAGENT17-3,Tyson Bagent: 3+ passing interceptions,price moved +7c,0,7,7,0,576,576,False,,,
2026-10-04T02:38:35.927810+00:00,nfl,prop_passint,KXNFLPASSINT-26OCT04MIAMIN-MIAMWILLIS2-1,Malik Willis: 1+ passing interceptions,volume spike x4.9,58,57,-1,290,1416,1126,False,,,
2026-10-04T02:38:35.927810+00:00,nfl,prop_passint,KXNFLPASSINT-26OCT04KCLV-KCPMAHOMES15-3,Patrick Mahomes: 3+ passing interceptions,price moved +7c,0,7,7,0,134,134,False,,,
2026-10-04T02:38:35.927810+00:00,nfl,prop_passint,KXNFLPASSINT-26OCT04DETCAR-CARBYOUNG9-1,Bryce Young: 1+ passing interceptions,volume spike x3.4,53,51,-2,122,419,297,False,,,
2026-10-04T02:38:35.927810+00:00,nfl,prop_passint,KXNFLPASSINT-26OCT05ATLNO-NOTSHOUGH6-1,Tyler Shough: 1+ passing interceptions,price moved +47c,0,47,47,0,10,10,False,,,
2026-10-04T02:38:35.927810+00:00,nfl,prop_passcomp,KXNFLPASSCOMP-26OCT04DALHOU-DALDPRESCOTT4-20,Dak Prescott: 20+ passing completions,price moved +80c,0,80,80,0,26,26,False,,,
2026-10-04T02:38:35.927810+00:00,nfl,prop_passcomp,KXNFLPASSCOMP-26OCT04DALHOU-DALDPRESCOTT4-25,Dak Prescott: 25+ passing completions,volume spike x25.0,49,46,-3,6,150,144,False,,,
2026-10-04T02:38:35.927810+00:00,nfl,prop_passcomp,KXNFLPASSCOMP-26OCT04JACCIN-JACTLAWRENCE16-22,Trevor Lawrence: 22+ passing completions,price moved +49c,0,49,49,0,9,9,False,,,
2026-10-04T02:38:35.927810+00:00,nfl,prop_passcomp,KXNFLPASSCOMP-26OCT04NYJCHI-CHITBAGENT17-20,Tyson Bagent: 20+ passing completions,price moved +45c,0,45,45,0,14,14,False,,,
2026-10-04T02:38:35.927810+00:00,nfl,prop_passcomp,KXNFLPASSCOMP-26OCT04TENBAL-BALLJACKSON8-24,Lamar Jackson: 24+ passing completions,volume spike x66.3,8,12,4,3,199,196,False,,,
2026-10-04T02:38:35.927810+00:00,nfl,prop_passcomp,KXNFLPASSCOMP-26OCT04KCLV-KCPMAHOMES15-26,Patrick Mahomes: 26+ passing completions,volume spike x339.6,18,15,-3,5,1698,1693,False,,,
2026-10-04T02:38:35.927810+00:00,nfl,prop_passcomp,KXNFLPASSCOMP-26OCT04LACSEA-SEASDARNOLD14-22,Sam Darnold: 22+ passing completions,price moved +45c,0,45,45,0,1064,1064,False,,,
2026-10-04T02:38:35.927810+00:00,nfl,prop_passcomp,KXNFLPASSCOMP-26OCT04LACSEA-SEASDARNOLD14-27,Sam Darnold: 27+ passing completions,price moved -19c,34,15,-19,130,130,0,False,,,
2026-10-04T02:38:35.927810+00:00,nfl,prop_passcomp,KXNFLPASSCOMP-26OCT04LACSEA-LACJHERBERT10-14,Justin Herbert: 14+ passing completions,volume spike x33.0,91,86,-5,1,33,32,False,,,
2026-10-04T02:38:35.927810+00:00,nfl,prop_passcomp,KXNFLPASSCOMP-26OCT04DETCAR-CARBYOUNG9-22,Bryce Young: 22+ passing completions,price moved +49c,0,49,49,0,29,29,False,,,
2026-10-04T02:38:35.927810+00:00,nfl,prop_passcomp,KXNFLPASSCOMP-26OCT04DETCAR-DETJGOFF16-19,Jared Goff: 19+ passing completions,price moved +79c,0,79,79,0,1,1,False,,,
2026-10-04T02:38:35.927810+00:00,nfl,prop_passatt,KXNFLPASSATT-26OCT04INDWAS-INDDJONES17-32,Daniel Jones: 32+ passing attempts,volume spike x7.2,50,48,-2,9,65,56,False,,,
2026-10-04T02:38:35.927810+00:00,nfl,prop_passatt,KXNFLPASSATT-26OCT04ARINYG-NYGJWINSTON19-31,Jameis Winston: 31+ passing attempts,price moved +45c,0,45,45,0,8,8,False,,,
2026-10-04T02:38:35.927810+00:00,nfl,prop_passatt,KXNFLPASSATT-26OCT04DALHOU-HOUCSTROUD7-28,C.J. Stroud: 28+ passing attempts,price moved +72c,0,72,72,0,22,22,False,,,
2026-10-04T02:38:35.927810+00:00,nfl,prop_passatt,KXNFLPASSATT-26OCT04DALHOU-HOUCSTROUD7-33,C.J. Stroud: 33+ passing attempts,price moved -10c,53,43,-10,1133,7799,6666,False,,,
2026-10-04T02:38:35.927810+00:00,nfl,prop_passatt,KXNFLPASSATT-26OCT04DALHOU-HOUCSTROUD7-33,C.J. Stroud: 33+ passing attempts,volume spike x6.9,53,43,-10,1133,7799,6666,False,,,
2026-10-04T02:38:35.927810+00:00,nfl,prop_passatt,KXNFLPASSATT-26OCT04GBTB-TBJDANIELS10-23,Jalon Daniels: 23+ passing attempts,price moved +77c,0,77,77,0,12,12,False,,,
2026-10-04T02:38:35.927810+00:00,nfl,prop_passatt,KXNFLPASSATT-26OCT04GBTB-GBJLOVE10-31,Jordan Love: 31+ passing attempts,price moved +70c,0,70,70,0,14,14,False,,,
2026-10-04T02:38:35.927810+00:00,nfl,prop_passatt,KXNFLPASSATT-26OCT04JACCIN-JACTLAWRENCE16-30,Trevor Lawrence: 30+ passing attempts,price moved +75c,0,75,75,0,1,1,False,,,
2026-10-04T02:38:35.927810+00:00,nfl,prop_passatt,KXNFLPASSATT-26OCT04LARPHI-LARMSTAFFORD9-35,Matthew Stafford: 35+ passing attempts,price moved +52c,0,52,52,0,33,33,False,,,
2026-10-04T02:38:35.927810+00:00,nfl,prop_passatt,KXNFLPASSATT-26OCT04NEBUF-NEDMAYE10-31,Drake Maye: 31+ passing attempts,volume spike x51.0,52,52,0,1,51,50,False,,,
2026-10-04T02:38:35.927810+00:00,nfl,prop_passatt,KXNFLPASSATT-26OCT04MIAMIN-MIAMWILLIS2-24,Malik Willis: 24+ passing attempts,price moved +76c,0,76,76,0,8,8,False,,,
2026-10-04T02:38:35.927810+00:00,nfl,prop_passatt,KXNFLPASSATT-26OCT04MIAMIN-MIAMWILLIS2-29,Malik Willis: 29+ passing attempts,price moved +48c,0,48,48,0,8,8,False,,,
2026-10-04T02:38:35.927810+00:00,nfl,prop_passatt,KXNFLPASSATT-26OCT04DENSF-DENBNIX10-30,Bo Nix: 30+ passing attempts,price moved +79c,0,79,79,0,31,31,False,,,
2026-10-04T02:38:35.927810+00:00,nfl,prop_passatt,KXNFLPASSATT-26OCT04KCLV-KCPMAHOMES15-28,Patrick Mahomes: 28+ passing attempts,price moved +78c,0,78,78,0,0,0,False,,,
2026-10-04T02:38:35.927810+00:00,nfl,prop_passatt,KXNFLPASSATT-26OCT04LACSEA-SEASDARNOLD14-31,Sam Darnold: 31+ passing attempts,price moved +45c,0,45,45,0,2295,2295,False,,,
2026-10-04T02:38:35.927810+00:00,nfl,prop_passatt,KXNFLPASSATT-26OCT04LACSEA-LACJHERBERT10-30,Justin Herbert: 30+ passing attempts,volume spike x312.1,53,55,2,8,2497,2489,False,,,
2026-10-04T02:38:35.927810+00:00,nfl,prop_passatt,KXNFLPASSATT-26OCT04LACSEA-LACJHERBERT10-35,Justin Herbert: 35+ passing attempts,volume spike x32.0,22,22,0,1,32,31,False,,,
2026-10-04T02:38:35.927810+00:00,nfl,prop_passatt,KXNFLPASSATT-26OCT04DETCAR-DETJGOFF16-35,Jared Goff: 35+ passing attempts,volume spike x4.7,47,43,-4,332,1548,1216,False,,,
2026-10-04T02:38:35.927810+00:00,nfl,prop_rshyds,KXNFLRSHYDS-26OCT04INDWAS-WASJCROSKEYMERRITT22-70,Jacory Croskey-Merritt: 70+ rushing yards,volume spike x4.4,40,39,-1,72,320,248,False,,,
2026-10-04T02:38:35.927810+00:00,nfl,prop_rshyds,KXNFLRSHYDS-26OCT04INDWAS-INDJTAYLOR28-100,Jonathan Taylor: 100+ rushing yards,volume spike x6.2,41,40,-1,370,2282,1912,False,,,
2026-10-04T02:38:35.927810+00:00,nfl,prop_rshyds,KXNFLRSHYDS-26OCT04INDWAS-INDJTAYLOR28-140,Jonathan Taylor: 140+ rushing yards,price moved +16c,0,16,16,0,14,14,False,,,
2026-10-04T02:38:35.927810+00:00,nfl,prop_rshyds,KXNFLRSHYDS-26OCT04INDWAS-INDJTAYLOR28-150,Jonathan Taylor: 150+ rushing yards,volume spike x15.5,12,12,0,2,31,29,False,,,
2026-10-04T02:38:35.927810+00:00,nfl,prop_rshyds,KXNFLRSHYDS-26OCT04ARINYG-NYGCSKATTEBO44-60,Cam Skattebo: 60+ rushing yards,volume spike x9.4,54,52,-2,221,2068,1847,False,,,
2026-10-04T02:38:35.927810+00:00,nfl,prop_rshyds,KXNFLRSHYDS-26OCT04ARINYG-ARIJLOVE4-40,Jeremiyah Love: 40+ rushing yards,volume spike x27.0,81,81,0,1,27,26,False,,,
2026-10-04T02:38:35.927810+00:00,nfl,prop_rshyds,KXNFLRSHYDS-26OCT04ARINYG-NYGNHARRIS23-15,Najee Harris: 15+ rushing yards,price moved +67c,0,67,67,0,5,5,False,,,
2026-10-04T02:38:35.927810+00:00,nfl,prop_rshyds,KXNFLRSHYDS-26OCT04DALHOU-HOUCSTROUD7-40,C.J. Stroud: 40+ rushing yards,price moved +9c,0,9,9,0,10,10,False,,,
2026-10-04T02:38:35.927810+00:00,nfl,prop_rshyds,KXNFLRSHYDS-26OCT04DALHOU-DALDPRESCOTT4-10,Dak Prescott: 10+ rushing yards,volume spike x5.1,51,51,0,483,2467,1984,False,,,
2026-10-04T02:38:35.927810+00:00,nfl,prop_rshyds,KXNFLRSHYDS-26OCT04GBTB-GBMLLOYD32-10,MarShawn Lloyd: 10+ rushing yards,volume spike x3.0,82,81,-1,60,181,121,False,,,
2026-10-04T02:38:35.927810+00:00,nfl,prop_rshyds,KXNFLRSHYDS-26OCT04GBTB-GBMLLOYD32-50,MarShawn Lloyd: 50+ rushing yards,price moved +15c,0,15,15,0,17,17,False,,,
2026-10-04T02:38:35.927810+00:00,nfl,prop_rshyds,KXNFLRSHYDS-26OCT04GBTB-GBMLLOYD32-60,MarShawn Lloyd: 60+ rushing yards,price moved +10c,0,10,10,0,24,24,False,,,
2026-10-04T02:38:35.927810+00:00,nfl,prop_rshyds,KXNFLRSHYDS-26OCT04GBTB-GBMLLOYD32-70,MarShawn Lloyd: 70+ rushing yards,price moved +7c,0,7,7,0,36,36,False,,,
2026-10-04T02:38:35.927810+00:00,nfl,prop_rshyds,KXNFLRSHYDS-26OCT04JACCIN-JACCRODRIGUEZ24-10,Chris Rodriguez Jr.: 10+ rushing yards,price moved +7c,69,76,7,3,6,3,False,,,
2026-10-04T02:38:35.927810+00:00,nfl,prop_rshyds,KXNFLRSHYDS-26OCT04LARPHI-PHISBARKLEY26-100,Saquon Barkley: 100+ rushing yards,volume spike x16.4,23,22,-1,14,229,215,False,,,
2026-10-04T02:38:35.927810+00:00,nfl,prop_rshyds,KXNFLRSHYDS-26OCT04LARPHI-PHISBARKLEY26-120,Saquon Barkley: 120+ rushing yards,volume spike x3.3,11,12,1,85,281,196,False,,,
2026-10-04T02:38:35.927810+00:00,nfl,prop_rshyds,KXNFLRSHYDS-26OCT04LARPHI-PHIJHURTS1-30,Jalen Hurts: 30+ rushing yards,volume spike x11.7,45,42,-3,155,1813,1658,False,,,
2026-10-04T02:38:35.927810+00:00,nfl,prop_rshyds,KXNFLRSHYDS-26OCT04LARPHI-PHIJHURTS1-40,Jalen Hurts: 40+ rushing yards,volume spike x4.0,28,27,-1,24,96,72,False,,,
2026-10-04T02:38:35.927810+00:00,nfl,prop_rshyds,KXNFLRSHYDS-26OCT04LARPHI-PHIJHURTS1-50,Jalen Hurts: 50+ rushing yards,volume spike x27.2,12,17,5,8,218,210,False,,,
2026-10-04T02:38:35.927810+00:00,nfl,prop_rshyds,KXNFLRSHYDS-26OCT04LARPHI-LARBCORUM24-25,Blake Corum: 25+ rushing yards,price moved +75c,0,75,75,0,5,5,False,,,
2026-10-04T02:38:35.927810+00:00,nfl,prop_rshyds,KXNFLRSHYDS-26OCT04LARPHI-LARBCORUM24-30,Blake Corum: 30+ rushing yards,price moved +67c,0,67,67,0,3,3,False,,,
2026-10-04T02:38:35.927810+00:00,nfl,prop_rshyds,KXNFLRSHYDS-26OCT04LARPHI-LARKWILLIAMS23-30,Kyren Williams: 30+ rushing yards,volume spike x7.4,86,83,-3,11,81,70,False,,,
2026-10-04T02:38:35.927810+00:00,nfl,prop_rshyds,KXNFLRSHYDS-26OCT04LARPHI-LARKWILLIAMS23-100,Kyren Williams: 100+ rushing yards,volume spike x3.0,14,14,0,50,151,101,False,,,
2026-10-04T02:38:35.927810+00:00,nfl,prop_rshyds,KXNFLRSHYDS-26OCT04LARPHI-LARMSTAFFORD9-15,Matthew Stafford: 15+ rushing yards,price moved +12c,0,12,12,0,39,39,False,,,
2026-10-04T02:38:35.927810+00:00,nfl,prop_rshyds,KXNFLRSHYDS-26OCT04NEBUF-BUFJCOOK4-100,James Cook III: 100+ rushing yards,volume spike x3.1,37,37,0,437,1350,913,False,,,
2026-10-04T02:38:35.927810+00:00,nfl,prop_rshyds,KXNFLRSHYDS-26OCT04NEBUF-BUFJCOOK4-110,James Cook III: 110+ rushing yards,volume spike x26.0,28,30,2,75,1950,1875,False,,,
2026-10-04T02:38:35.927810+00:00,nfl,prop_rshyds,KXNFLRSHYDS-26OCT04NEBUF-NETHENDERSON32-100,TreVeyon Henderson: 100+ rushing yards,volume spike x5.1,7,6,-1,67,345,278,False,,,
2026-10-04T02:38:35.927810+00:00,nfl,prop_rshyds,KXNFLRSHYDS-26OCT04NEBUF-NERSTEVENSON38-20,Rhamondre Stevenson: 20+ rushing yards,price moved +75c,0,75,75,0,5,5,False,,,
2026-10-04T02:38:35.927810+00:00,nfl,prop_rshyds,KXNFLRSHYDS-26OCT04NEBUF-NERSTEVENSON38-50,Rhamondre Stevenson: 50+ rushing yards,volume spike x4.8,23,26,3,21,101,80,False,,,
2026-10-04T02:38:35.927810+00:00,nfl,prop_rshyds,KXNFLRSHYDS-26OCT04NEBUF-BUFJALLEN17-70,Josh Allen: 70+ rushing yards,volume spike x16.0,10,10,0,80,1282,1202,False,,,
2026-10-04T02:38:35.927810+00:00,nfl,prop_rshyds,KXNFLRSHYDS-26OCT04NEBUF-NEDMAYE10-15,Drake Maye: 15+ rushing yards,price moved +78c,0,78,78,0,2,2,False,,,
2026-10-04T02:38:35.927810+00:00,nfl,prop_rshyds,KXNFLRSHYDS-26OCT04NEBUF-NEDMAYE10-40,Drake Maye: 40+ rushing yards,volume spike x92.0,25,26,1,2,184,182,False,,,
2026-10-04T02:38:35.927810+00:00,nfl,prop_rshyds,KXNFLRSHYDS-26OCT04NEBUF-BUFTJOHNSON26-10,Ty Johnson: 10+ rushing yards,price moved +32c,0,32,32,0,1,1,False,,,
2026-10-04T02:38:35.927810+00:00,nfl,prop_rshyds,KXNFLRSHYDS-26OCT04NYJCHI-CHIKMONANGAI25-25,Kyle Monangai: 25+ rushing yards,price moved +74c,0,74,74,0,6,6,False,,,
2026-10-04T02:38:35.927810+00:00,nfl,prop_rshyds,KXNFLRSHYDS-26OCT04NYJCHI-CHIKMONANGAI25-100,Kyle Monangai: 100+ rushing yards,volume spike x5.9,6,6,0,78,460,382,False,,,
2026-10-04T02:38:35.927810+00:00,nfl,prop_rshyds,KXNFLRSHYDS-26OCT04NYJCHI-NYJBALLEN0-50,Braelon Allen: 50+ rushing yards,volume spike x5.3,60,58,-2,476,2523,2047,False,,,
2026-10-04T02:38:35.927810+00:00,nfl,prop_rshyds,KXNFLRSHYDS-26OCT04NYJCHI-NYJBALLEN0-70,Braelon Allen: 70+ rushing yards,volume spike x11.5,32,33,1,91,1042,951,False,,,
2026-10-04T02:38:35.927810+00:00,nfl,prop_rshyds,KXNFLRSHYDS-26OCT04NYJCHI-NYJBALLEN0-80,Braelon Allen: 80+ rushing yards,volume spike x61.0,25,24,-1,20,1221,1201,False,,,
2026-10-04T02:38:35.927810+00:00,nfl,prop_rshyds,KXNFLRSHYDS-26OCT04NYJCHI-NYJBALLEN0-90,Braelon Allen: 90+ rushing yards,price moved +17c,0,17,17,0,3000,3000,False,,,
2026-10-04T02:38:35.927810+00:00,nfl,prop_rshyds,KXNFLRSHYDS-26OCT04NYJCHI-NYJBALLEN0-100,Braelon Allen: 100+ rushing yards,volume spike x2001.0,8,12,4,1,2001,2000,False,,,
2026-10-04T02:38:35.927810+00:00,nfl,prop_rshyds,KXNFLRSHYDS-26OCT04NYJCHI-NYJBALLEN0-110,Braelon Allen: 110+ rushing yards,price moved +10c,0,10,10,0,3134,3134,False,,,
2026-10-04T02:38:35.927810+00:00,nfl,prop_rshyds,KXNFLRSHYDS-26OCT04NYJCHI-CHITBAGENT17-10,Tyson Bagent: 10+ rushing yards,price moved +63c,0,63,63,0,1,1,False,,,
2026-10-04T02:38:35.927810+00:00,nfl,prop_rshyds,KXNFLRSHYDS-26OCT04NYJCHI-NYJGSMITH7-15,Geno Smith: 15+ rushing yards,price moved +36c,0,36,36,0,0,0,False,,,
2026-10-04T02:38:35.927810+00:00,nfl,prop_rshyds,KXNFLRSHYDS-26OCT04NYJCHI-NYJGSMITH7-25,Geno Smith: 25+ rushing yards,price moved +19c,0,19,19,0,500,500,False,,,
2026-10-04T02:38:35.927810+00:00,nfl,prop_rshyds,KXNFLRSHYDS-26OCT04TENBAL-BALLJACKSON8-80,Lamar Jackson: 80+ rushing yards,price moved +7c,0,7,7,0,50,50,False,,,
2026-10-04T02:38:35.927810+00:00,nfl,prop_rshyds,KXNFLRSHYDS-26OCT04TENBAL-TENTPOLLARD20-25,Tony Pollard: 25+ rushing yards,price moved +84c,0,84,84,0,10,10,False,,,
2026-10-04T02:38:35.927810+00:00,nfl,prop_rshyds,KXNFLRSHYDS-26OCT04TENBAL-BALJHILL43-25,Justice Hill: 25+ rushing yards,price moved +33c,0,33,33,0,57,57,False,,,
2026-10-04T02:38:35.927810+00:00,nfl,prop_rshyds,KXNFLRSHYDS-26OCT04TENBAL-BALJHILL43-30,Justice Hill: 30+ rushing yards,price moved +21c,0,21,21,0,33,33,False,,,
2026-10-04T02:38:35.927810+00:00,nfl,prop_rshyds,KXNFLRSHYDS-26OCT04MIAMIN-MIAMWASHINGTON6-10,Malik Washington: 10+ rushing yards,volume spike x13.9,26,26,0,45,627,582,False,,,
2026-10-04T02:38:35.927810+00:00,nfl,prop_rshyds,KXNFLRSHYDS-26OCT04MIAMIN-MIAMWASHINGTON6-15,Malik Washington: 15+ rushing yards,price moved +17c,0,17,17,0,288,288,False,,,
2026-10-04T02:38:35.927810+00:00,nfl,prop_rshyds,KXNFLRSHYDS-26OCT04MIAMIN-MIAMWASHINGTON6-20,Malik Washington: 20+ rushing yards,volume spike x109.2,10,10,0,9,983,974,False,,,
2026-10-04T02:38:35.927810+00:00,nfl,prop_rshyds,KXNFLRSHYDS-26OCT04DENSF-DENJDOBBINS27-100,J.K. Dobbins: 100+ rushing yards,volume spike x9.0,17,17,0,7,63,56,False,,,
2026-10-04T02:38:35.927810+00:00,nfl,prop_rshyds,KXNFLRSHYDS-26OCT04DENSF-DENBNIX10-40,Bo Nix: 40+ rushing yards,volume spike x11.0,8,10,2,4,44,40,False,,,
2026-10-04T02:38:35.927810+00:00,nfl,prop_rshyds,KXNFLRSHYDS-26OCT04DENSF-DENRHARVEY12-40,RJ Harvey: 40+ rushing yards,volume spike x11.8,10,13,3,6,71,65,False,,,
2026-10-04T02:38:35.927810+00:00,nfl,prop_rshyds,KXNFLRSHYDS-26OCT04KCLV-KCKWALKER9-110,Kenneth Walker III: 110+ rushing yards,volume spike x25.3,31,30,-1,3,76,73,False,,,
2026-10-04T02:38:35.927810+00:00,nfl,prop_rshyds,KXNFLRSHYDS-26OCT04KCLV-LVMWASHINGTON4-25,Mike Washington Jr.: 25+ rushing yards,volume spike x4.7,34,34,0,146,686,540,False,,,
2026-10-04T02:38:35.927810+00:00,nfl,prop_rshyds,KXNFLRSHYDS-26OCT04KCLV-LVMWASHINGTON4-50,Mike Washington Jr.: 50+ rushing yards,volume spike x7.0,12,11,-1,71,499,428,False,,,
2026-10-04T02:38:35.927810+00:00,nfl,prop_rshyds,KXNFLRSHYDS-26OCT04LACSEA-SEAEWILSON23-30,Emanuel Wilson: 30+ rushing yards,volume spike x3.4,74,79,5,358,1208,850,False,,,
2026-10-04T02:38:35.927810+00:00,nfl,prop_rshyds,KXNFLRSHYDS-26OCT04LACSEA-SEAEWILSON23-50,Emanuel Wilson: 50+ rushing yards,price moved -7c,56,49,-7,8341,9013,672,False,,,
2026-10-04T02:38:35.927810+00:00,nfl,prop_rshyds,KXNFLRSHYDS-26OCT04LACSEA-LACOHAMPTON8-60,Omarion Hampton: 60+ rushing yards,price moved +31c,0,31,31,0,0,0,False,,,
2026-10-04T02:38:35.927810+00:00,nfl,prop_rshyds,KXNFLRSHYDS-26OCT04LACSEA-LACJHERBERT10-20,Justin Herbert: 20+ rushing yards,volume spike x8.7,54,53,-1,6,52,46,False,,,
2026-10-04T02:38:35.927810+00:00,nfl,prop_rshyds,KXNFLRSHYDS-26OCT04LACSEA-LACJHERBERT10-25,Justin Herbert: 25+ rushing yards,price moved +39c,0,39,39,0,23,23,False,,,
2026-10-04T02:38:35.927810+00:00,nfl,prop_rshyds,KXNFLRSHYDS-26OCT04LACSEA-LACKMITCHELL34-10,Keaton Mitchell: 10+ rushing yards,price moved +66c,0,66,66,0,1,1,False,,,
2026-10-04T02:38:35.927810+00:00,nfl,prop_rshyds,KXNFLRSHYDS-26OCT04LACSEA-LACKMITCHELL34-15,Keaton Mitchell: 15+ rushing yards,price moved +61c,0,61,61,0,23,23,False,,,
2026-10-04T02:38:35.927810+00:00,nfl,prop_rshyds,KXNFLRSHYDS-26OCT04LACSEA-LACKMITCHELL34-25,Keaton Mitchell: 25+ rushing yards,price moved +39c,0,39,39,0,50,50,False,,,
2026-10-04T02:38:35.927810+00:00,nfl,prop_rshyds,KXNFLRSHYDS-26OCT04LACSEA-LACKMITCHELL34-40,Keaton Mitchell: 40+ rushing yards,price moved +14c,0,14,14,0,33,33,False,,,
2026-10-04T02:38:35.927810+00:00,nfl,prop_rshyds,KXNFLRSHYDS-26OCT04DETCAR-DETJGIBBS0-120,Jahmyr Gibbs: 120+ rushing yards,volume spike x3.2,31,34,3,546,1758,1212,False,,,
2026-10-04T02:38:35.927810+00:00,nfl,prop_rshyds,KXNFLRSHYDS-26OCT04DETCAR-DETJGOFF16-15,Jared Goff: 15+ rushing yards,price moved +12c,0,12,12,0,8,8,False,,,
2026-10-04T02:38:35.927810+00:00,nfl,prop_rshyds,KXNFLRSHYDS-26OCT04DETCAR-DETSVAKI33-40,Sione Vaki: 40+ rushing yards,volume spike x8.2,8,9,1,25,206,181,False,,,
2026-10-04T02:38:35.927810+00:00,nfl,prop_rshyds,KXNFLRSHYDS-26OCT05ATLNO-NOKMILLER5-25,Kendre Miller: 25+ rushing yards,price moved +54c,0,54,54,0,62,62,False,,,
2026-10-04T02:38:35.927810+00:00,nfl,prop_rshyds,KXNFLRSHYDS-26OCT05ATLNO-ATLMPENIX9-15,Michael Penix Jr.: 15+ rushing yards,price moved +23c,0,23,23,0,40,40,False,,,
2026-10-04T02:38:35.927810+00:00,nfl,prop_rshatt,KXNFLRSHATT-26OCT04INDWAS-INDJTAYLOR28-17,Jonathan Taylor: 17+ rushing attempts,volume spike x126.0,76,79,3,1,126,125,False,,,
2026-10-04T02:38:35.927810+00:00,nfl,prop_rshatt,KXNFLRSHATT-26OCT04DALHOU-HOUWMARKS4-7,Woody Marks: 7+ rushing attempts,price moved +77c,0,77,77,0,41,41,False,,,
2026-10-04T02:38:35.927810+00:00,nfl,prop_rshatt,KXNFLRSHATT-26OCT04DALHOU-HOUWMARKS4-10,Woody Marks: 10+ rushing attempts,volume spike x3.2,44,44,0,90,290,200,False,,,
2026-10-04T02:38:35.927810+00:00,nfl,prop_rshatt,KXNFLRSHATT-26OCT04DALHOU-HOUWMARKS4-13,Woody Marks: 13+ rushing attempts,price moved +22c,0,22,22,0,43,43,False,,,
2026-10-04T02:38:35.927810+00:00,nfl,prop_rshatt,KXNFLRSHATT-26OCT04DALHOU-HOUCSTROUD7-1,C.J. Stroud: 1+ rushing attempts,price moved +93c,0,93,93,0,3,3,False,,,
2026-10-04T02:38:35.927810+00:00,nfl,prop_rshatt,KXNFLRSHATT-26OCT04JACCIN-CINCBROWN30-20,Chase Brown: 20+ rushing attempts,price moved +20c,0,20,20,0,1,1,False,,,
2026-10-04T02:38:35.927810+00:00,nfl,prop_rshatt,KXNFLRSHATT-26OCT04JACCIN-JACTLAWRENCE16-1,Trevor Lawrence: 1+ rushing attempts,price moved +95c,0,95,95,0,49,49,False,,,
2026-10-04T02:38:35.927810+00:00,nfl,prop_rshatt,KXNFLRSHATT-26OCT04JACCIN-JACTLAWRENCE16-7,Trevor Lawrence: 7+ rushing attempts,volume spike x101.0,7,11,4,2,202,200,False,,,
2026-10-04T02:38:35.927810+00:00,nfl,prop_rshatt,KXNFLRSHATT-26OCT04LARPHI-LARKWILLIAMS23-14,Kyren Williams: 14+ rushing attempts,volume spike x80.7,50,52,2,9,726,717,False,,,
2026-10-04T02:38:35.927810+00:00,nfl,prop_rshatt,KXNFLRSHATT-26OCT04NEBUF-NETHENDERSON32-8,TreVeyon Henderson: 8+ rushing attempts,volume spike x32.0,70,70,0,1,32,31,False,,,
2026-10-04T02:38:35.927810+00:00,nfl,prop_rshatt,KXNFLRSHATT-26OCT04NEBUF-NETHENDERSON32-11,TreVeyon Henderson: 11+ rushing attempts,price moved +37c,0,37,37,0,154,154,False,,,
2026-10-04T02:38:35.927810+00:00,nfl,prop_rshatt,KXNFLRSHATT-26OCT04NEBUF-NEDMAYE10-3,Drake Maye: 3+ rushing attempts,price moved +87c,0,87,87,0,71,71,False,,,
2026-10-04T02:38:35.927810+00:00,nfl,prop_rshatt,KXNFLRSHATT-26OCT04NYJCHI-CHIKMONANGAI25-13,Kyle Monangai: 13+ rushing attempts,price moved +22c,0,22,22,0,43,43,False,,,
2026-10-04T02:38:35.927810+00:00,nfl,prop_rshatt,KXNFLRSHATT-26OCT04TENBAL-BALLJACKSON8-4,Lamar Jackson: 4+ rushing attempts,volume spike x10.8,81,82,1,49,530,481,False,,,
2026-10-04T02:38:35.927810+00:00,nfl,prop_rshatt,KXNFLRSHATT-26OCT04TENBAL-BALLJACKSON8-7,Lamar Jackson: 7+ rushing attempts,price moved +7c,45,52,7,749,1074,325,False,,,
2026-10-04T02:38:35.927810+00:00,nfl,prop_rshatt,KXNFLRSHATT-26OCT04TENBAL-BALLJACKSON8-10,Lamar Jackson: 10+ rushing attempts,volume spike x12.9,13,11,-2,49,632,583,False,,,
2026-10-04T02:38:35.927810+00:00,nfl,prop_rshatt,KXNFLRSHATT-26OCT04TENBAL-TENTPOLLARD20-11,Tony Pollard: 11+ rushing attempts,price moved +89c,0,89,89,0,226,226,False,,,
2026-10-04T02:38:35.927810+00:00,nfl,prop_rshatt,KXNFLRSHATT-26OCT04TENBAL-TENTPOLLARD20-17,Tony Pollard: 17+ rushing attempts,price moved +24c,0,24,24,0,197,197,False,,,
2026-10-04T02:38:35.927810+00:00,nfl,prop_rshatt,KXNFLRSHATT-26OCT04MIAMIN-MINAJONES33-21,Aaron Jones Sr.: 21+ rushing attempts,volume spike x40.0,18,24,6,1,40,39,False,,,
2026-10-04T02:38:35.927810+00:00,nfl,prop_rshatt,KXNFLRSHATT-26OCT04MIAMIN-MINKMURRAY1-5,Kyler Murray: 5+ rushing attempts,price moved +55c,0,55,55,0,87,87,False,,,
2026-10-04T02:38:35.927810+00:00,nfl,prop_rshatt,KXNFLRSHATT-26OCT04MIAMIN-MIAMWILLIS2-7,Malik Willis: 7+ rushing attempts,price moved +45c,0,45,45,0,44,44,False,,,
2026-10-04T02:38:35.927810+00:00,nfl,prop_rshatt,KXNFLRSHATT-26OCT04KCLV-LVAJEANTY2-15,Ashton Jeanty: 15+ rushing attempts,price moved +65c,0,65,65,0,376,376,False,,,
2026-10-04T02:38:35.927810+00:00,nfl,prop_rshatt,KXNFLRSHATT-26OCT04KCLV-LVAJEANTY2-21,Ashton Jeanty: 21+ rushing attempts,price moved +24c,0,24,24,0,198,198,False,,,
2026-10-04T02:38:35.927810+00:00,nfl,prop_rshatt,KXNFLRSHATT-26OCT04KCLV-LVMWASHINGTON4-2,Mike Washington Jr.: 2+ rushing attempts,price moved +89c,0,89,89,0,49,49,False,,,
2026-10-04T02:38:35.927810+00:00,nfl,prop_rshatt,KXNFLRSHATT-26OCT04LACSEA-LACJHERBERT10-8,Justin Herbert: 8+ rushing attempts,price moved +15c,0,15,15,0,63,63,False,,,
2026-10-04T02:38:35.927810+00:00,nfl,prop_rshatt,KXNFLRSHATT-26OCT04DETCAR-DETJGIBBS0-20,Jahmyr Gibbs: 20+ rushing attempts,price moved +7c,50,57,7,2129,11992,9863,False,,,
2026-10-04T02:38:35.927810+00:00,nfl,prop_rshatt,KXNFLRSHATT-26OCT04DETCAR-DETJGIBBS0-20,Jahmyr Gibbs: 20+ rushing attempts,volume spike x5.6,50,57,7,2129,11992,9863,False,,,
2026-10-04T02:38:35.927810+00:00,nfl,prop_rshatt,KXNFLRSHATT-26OCT04DETCAR-DETJGIBBS0-23,Jahmyr Gibbs: 23+ rushing attempts,price moved +9c,32,41,9,30,902,872,False,,,
2026-10-04T02:38:35.927810+00:00,nfl,prop_rshatt,KXNFLRSHATT-26OCT04DETCAR-DETJGIBBS0-23,Jahmyr Gibbs: 23+ rushing attempts,volume spike x30.1,32,41,9,30,902,872,False,,,
2026-10-04T02:38:35.927810+00:00,nfl,prop_rshatt,KXNFLRSHATT-26OCT05ATLNO-NOAKAMARA41-12,Alvin Kamara: 12+ rushing attempts,price moved +46c,0,46,46,0,8,8,False,,,
2026-10-04T02:38:35.927810+00:00,nfl,prop_longrsh,KXNFLLONGRSH-26OCT04INDWAS-WASJCROSKEYMERRITT22-14,Jacory Croskey-Merritt: longest rush over 13.5 yards,price moved +58c,0,58,58,0,199,199,False,,,
2026-10-04T02:38:35.927810+00:00,nfl,prop_longrsh,KXNFLLONGRSH-26OCT04LARPHI-PHITBIGSBY8-7,Tank Bigsby: longest rush over 6.5 yards,volume spike x3.5,45,45,0,38,132,94,False,,,
2026-10-04T02:38:35.927810+00:00,nfl,prop_longrsh,KXNFLLONGRSH-26OCT04LARPHI-PHIJHURTS1-13,Jalen Hurts: longest rush over 12.5 yards,price moved +52c,0,52,52,0,18,18,False,,,
2026-10-04T02:38:35.927810+00:00,nfl,prop_longrsh,KXNFLLONGRSH-26OCT04NYJCHI-CHIKMONANGAI25-13,Kyle Monangai: longest rush over 12.5 yards,price moved +50c,0,50,50,0,1,1,False,,,
2026-10-04T02:38:35.927810+00:00,nfl,prop_longrsh,KXNFLLONGRSH-26OCT04NYJCHI-NYJGSMITH7-10,Geno Smith: longest rush over 9.5 yards,price moved +43c,0,43,43,0,42,42,False,,,
2026-10-04T02:38:35.927810+00:00,nfl,prop_recyds,KXNFLRECYDS-26OCT04INDWAS-INDJDOWNS2-130,Josh Downs: 130+ receiving yards,price moved +9c,0,9,9,0,5,5,False,,,
2026-10-04T02:38:35.927810+00:00,nfl,prop_recyds,KXNFLRECYDS-26OCT04INDWAS-WASSDIGGS3-70,Stefon Diggs: 70+ receiving yards,price moved +7c,29,36,7,228,802,574,False,,,
2026-10-04T02:38:35.927810+00:00,nfl,prop_recyds,KXNFLRECYDS-26OCT04INDWAS-WASSDIGGS3-70,Stefon Diggs: 70+ receiving yards,volume spike x3.5,29,36,7,228,802,574,False,,,
2026-10-04T02:38:35.927810+00:00,nfl,prop_recyds,KXNFLRECYDS-26OCT04INDWAS-WASSDIGGS3-80,Stefon Diggs: 80+ receiving yards,volume spike x7.6,20,22,2,100,764,664,False,,,
2026-10-04T02:38:35.927810+00:00,nfl,prop_recyds,KXNFLRECYDS-26OCT04INDWAS-WASSDIGGS3-90,Stefon Diggs: 90+ receiving yards,volume spike x31.5,16,18,2,29,914,885,False,,,
2026-10-04T02:38:35.927810+00:00,nfl,prop_recyds,KXNFLRECYDS-26OCT04INDWAS-WASSDIGGS3-100,Stefon Diggs: 100+ receiving yards,volume spike x3.5,10,12,2,205,715,510,False,,,
2026-10-04T02:38:35.927810+00:00,nfl,prop_recyds,KXNFLRECYDS-26OCT04INDWAS-WASAWILLIAMS14-40,Antonio Williams: 40+ receiving yards,price moved -19c,48,29,-19,5912,7034,1122,False,,,
2026-10-04T02:38:35.927810+00:00,nfl,prop_recyds,KXNFLRECYDS-26OCT04INDWAS-WASAWILLIAMS14-50,Antonio Williams: 50+ receiving yards,price moved -20c,41,21,-20,1923,2748,825,False,,,
2026-10-04T02:38:35.927810+00:00,nfl,prop_recyds,KXNFLRECYDS-26OCT04INDWAS-WASAWILLIAMS14-60,Antonio Williams: 60+ receiving yards,price moved -7c,20,13,-7,2971,3583,612,False,,,
2026-10-04T02:38:35.927810+00:00,nfl,prop_recyds,KXNFLRECYDS-26OCT04INDWAS-WASAWILLIAMS14-70,Antonio Williams: 70+ receiving yards,volume spike x5.1,15,9,-6,794,4045,3251,False,,,
2026-10-04T02:38:35.927810+00:00,nfl,prop_recyds,KXNFLRECYDS-26OCT04ARINYG-ARIMHARRISON18-25,Marvin Harrison Jr.: 25+ receiving yards,volume spike x4.6,63,64,1,42,194,152,False,,,
2026-10-04T02:38:35.927810+00:00,nfl,prop_recyds,KXNFLRECYDS-26OCT04ARINYG-NYGMFIELDS88-50,Malachi Fields: 50+ receiving yards,volume spike x8.8,22,19,-3,32,281,249,False,,,
2026-10-04T02:38:35.927810+00:00,nfl,prop_recyds,KXNFLRECYDS-26OCT04ARINYG-NYGMFIELDS88-70,Malachi Fields: 70+ receiving yards,volume spike x104.0,7,8,1,1,104,103,False,,,
2026-10-04T02:38:35.927810+00:00,nfl,prop_recyds,KXNFLRECYDS-26OCT04ARINYG-NYGILIKELY9-40,Isaiah Likely: 40+ receiving yards,volume spike x4.8,52,54,2,1609,7754,6145,False,,,
2026-10-04T02:38:35.927810+00:00,nfl,prop_recyds,KXNFLRECYDS-26OCT04ARINYG-NYGILIKELY9-60,Isaiah Likely: 60+ receiving yards,volume spike x54.3,27,30,3,3,163,160,False,,,
2026-10-04T02:38:35.927810+00:00,nfl,prop_recyds,KXNFLRECYDS-26OCT04DALHOU-HOUDSCHULTZ86-90,Dalton Schultz: 90+ receiving yards,price moved +9c,0,9,9,0,20,20,False,,,
2026-10-04T02:38:35.927810+00:00,nfl,prop_recyds,KXNFLRECYDS-26OCT04DALHOU-DALJFERGUSON87-40,Jake Ferguson: 40+ receiving yards,volume spike x9.1,24,25,1,58,525,467,False,,,
2026-10-04T02:38:35.927810+00:00,nfl,prop_recyds,KXNFLRECYDS-26OCT04DALHOU-DALRFLOURNOY19-40,Ryan Flournoy: 40+ receiving yards,price moved +7c,33,40,7,187,189,2,False,,,
2026-10-04T02:38:35.927810+00:00,nfl,prop_recyds,KXNFLRECYDS-26OCT04DALHOU-DALGPICKENS3-100,George Pickens: 100+ receiving yards,price moved +23c,0,23,23,0,181,181,False,,,
2026-10-04T02:38:35.927810+00:00,nfl,prop_recyds,KXNFLRECYDS-26OCT04DALHOU-DALGPICKENS3-140,George Pickens: 140+ receiving yards,price moved +7c,0,7,7,0,23,23,False,,,
2026-10-04T02:38:35.927810+00:00,nfl,prop_recyds,KXNFLRECYDS-26OCT04DALHOU-DALJWILLIAMS33-40,Javonte Williams: 40+ receiving yards,volume spike x377.0,8,9,1,1,377,376,False,,,
2026-10-04T02:38:35.927810+00:00,nfl,prop_recyds,KXNFLRECYDS-26OCT04DALHOU-HOUKBOUTTE14-40,Kayshon Boutte: 40+ receiving yards,volume spike x6.4,29,29,0,185,1185,1000,False,,,
2026-10-04T02:38:35.927810+00:00,nfl,prop_recyds,KXNFLRECYDS-26OCT04DALHOU-HOUKBOUTTE14-50,Kayshon Boutte: 50+ receiving yards,volume spike x4.9,21,21,0,254,1255,1001,False,,,
2026-10-04T02:38:35.927810+00:00,nfl,prop_recyds,KXNFLRECYDS-26OCT04DALHOU-HOUKBOUTTE14-60,Kayshon Boutte: 60+ receiving yards,volume spike x4.0,10,14,4,337,1338,1001,False,,,
2026-10-04T02:38:35.927810+00:00,nfl,prop_recyds,KXNFLRECYDS-26OCT04DALHOU-HOUKBOUTTE14-70,Kayshon Boutte: 70+ receiving yards,price moved +10c,0,10,10,0,2399,2399,False,,,
2026-10-04T02:38:35.927810+00:00,nfl,prop_recyds,KXNFLRECYDS-26OCT04DALHOU-HOUNCOLLINS12-60,Nico Collins: 60+ receiving yards,price moved -12c,62,50,-12,15,92,77,False,,,
2026-10-04T02:38:35.927810+00:00,nfl,prop_recyds,KXNFLRECYDS-26OCT04DALHOU-HOUNCOLLINS12-60,Nico Collins: 60+ receiving yards,volume spike x6.1,62,50,-12,15,92,77,False,,,
2026-10-04T02:38:35.927810+00:00,nfl,prop_recyds,KXNFLRECYDS-26OCT04DALHOU-HOUNCOLLINS12-80,Nico Collins: 80+ receiving yards,price moved +42c,0,42,42,0,2,2,False,,,
2026-10-04T02:38:35.927810+00:00,nfl,prop_recyds,KXNFLRECYDS-26OCT04GBTB-TBEEGBUKA2-60,Emeka Egbuka: 60+ receiving yards,volume spike x16.3,27,27,0,18,294,276,False,,,
2026-10-04T02:38:35.927810+00:00,nfl,prop_recyds,KXNFLRECYDS-26OCT04GBTB-TBEEGBUKA2-70,Emeka Egbuka: 70+ receiving yards,volume spike x4.8,18,20,2,26,126,100,False,,,
2026-10-04T02:38:35.927810+00:00,nfl,prop_recyds,KXNFLRECYDS-26OCT04GBTB-GBTKRAFT85-80,Tucker Kraft: 80+ receiving yards,volume spike x20.4,13,14,1,36,736,700,False,,,
2026-10-04T02:38:35.927810+00:00,nfl,prop_recyds,KXNFLRECYDS-26OCT04GBTB-GBCWATSON9-110,Christian Watson: 110+ receiving yards,volume spike x4.4,18,17,-1,5,22,17,False,,,
2026-10-04T02:38:35.927810+00:00,nfl,prop_recyds,KXNFLRECYDS-26OCT04GBTB-GBCWATSON9-120,Christian Watson: 120+ receiving yards,volume spike x3.8,13,12,-1,36,136,100,False,,,
2026-10-04T02:38:35.927810+00:00,nfl,prop_recyds,KXNFLRECYDS-26OCT04JACCIN-CINJCHASE1-150,Ja'Marr Chase: 150+ receiving yards,volume spike x23.1,11,10,-1,500,11567,11067,False,,,
2026-10-04T02:38:35.927810+00:00,nfl,prop_recyds,KXNFLRECYDS-26OCT04JACCIN-JACJMEYERS3-60,Jakobi Meyers: 60+ receiving yards,volume spike x190.7,25,28,3,58,11058,11000,False,,,
2026-10-04T02:38:35.927810+00:00,nfl,prop_recyds,KXNFLRECYDS-26OCT04JACCIN-JACJMEYERS3-70,Jakobi Meyers: 70+ receiving yards,price moved +20c,0,20,20,0,11596,11596,False,,,
2026-10-04T02:38:35.927810+00:00,nfl,prop_recyds,KXNFLRECYDS-26OCT04JACCIN-JACPWASHINGTON11-130,Parker Washington: 130+ receiving yards,volume spike x25.0,14,13,-1,3,75,72,False,,,
2026-10-04T02:38:35.927810+00:00,nfl,prop_recyds,KXNFLRECYDS-26OCT04JACCIN-JACBSTRANGE85-80,Brenton Strange: 80+ receiving yards,price moved +11c,0,11,11,0,38,38,False,,,
2026-10-04T02:38:35.927810+00:00,nfl,prop_recyds,KXNFLRECYDS-26OCT04JACCIN-JACBTHOMAS7-15,Brian Thomas Jr.: 15+ receiving yards,price moved +71c,0,71,71,0,1,1,False,,,
2026-10-04T02:38:35.927810+00:00,nfl,prop_recyds,KXNFLRECYDS-26OCT04JACCIN-JACBTHOMAS7-50,Brian Thomas Jr.: 50+ receiving yards,volume spike x56.6,24,24,0,424,24001,23577,False,,,
2026-10-04T02:38:35.927810+00:00,nfl,prop_recyds,KXNFLRECYDS-26OCT04JACCIN-JACBTHOMAS7-60,Brian Thomas Jr.: 60+ receiving yards,price moved +16c,0,16,16,0,11500,11500,False,,,
2026-10-04T02:38:35.927810+00:00,nfl,prop_recyds,KXNFLRECYDS-26OCT04JACCIN-JACBTUTEN33-25,Bhayshul Tuten: 25+ receiving yards,volume spike x27.4,16,21,5,8,219,211,False,,,
2026-10-04T02:38:35.927810+00:00,nfl,prop_recyds,KXNFLRECYDS-26OCT04JACCIN-JACBTUTEN33-40,Bhayshul Tuten: 40+ receiving yards,price moved +9c,0,9,9,0,142,142,False,,,
2026-10-04T02:38:35.927810+00:00,nfl,prop_recyds,KXNFLRECYDS-26OCT04LARPHI-PHIDCOOPER80-15,Darius Cooper: 15+ receiving yards,price moved +7c,55,62,7,3043,4684,1641,False,,,
2026-10-04T02:38:35.927810+00:00,nfl,prop_recyds,KXNFLRECYDS-26OCT04LARPHI-LARPNACUA12-40,Puka Nacua: 40+ receiving yards,price moved -7c,81,74,-7,1,9,8,False,,,
2026-10-04T02:38:35.927810+00:00,nfl,prop_recyds,KXNFLRECYDS-26OCT04LARPHI-LARPNACUA12-60,Puka Nacua: 60+ receiving yards,volume spike x12.6,54,57,3,112,1407,1295,False,,,
2026-10-04T02:38:35.927810+00:00,nfl,prop_recyds,KXNFLRECYDS-26OCT04LARPHI-LARPNACUA12-80,Puka Nacua: 80+ receiving yards,volume spike x8.1,37,37,0,297,2413,2116,False,,,
2026-10-04T02:38:35.927810+00:00,nfl,prop_recyds,KXNFLRECYDS-26OCT04LARPHI-LARPNACUA12-90,Puka Nacua: 90+ receiving yards,price moved +29c,0,29,29,0,1212,1212,False,,,
2026-10-04T02:38:35.927810+00:00,nfl,prop_recyds,KXNFLRECYDS-26OCT04LARPHI-LARPNACUA12-110,Puka Nacua: 110+ receiving yards,volume spike x12.0,17,17,0,200,2404,2204,False,,,
2026-10-04T02:38:35.927810+00:00,nfl,prop_recyds,KXNFLRECYDS-26OCT04NEBUF-BUFDKINCAID86-25,Dalton Kincaid: 25+ receiving yards,price moved +83c,0,83,83,0,10,10,False,,,
2026-10-04T02:38:35.927810+00:00,nfl,prop_recyds,KXNFLRECYDS-26OCT04NEBUF-BUFKSHAKIR10-15,Khalil Shakir: 15+ receiving yards,price moved +83c,0,83,83,0,10,10,False,,,
2026-10-04T02:38:35.927810+00:00,nfl,prop_recyds,KXNFLRECYDS-26OCT04NEBUF-BUFTJOHNSON26-15,Ty Johnson: 15+ receiving yards,volume spike x13.8,40,45,5,86,1184,1098,False,,,
2026-10-04T02:38:35.927810+00:00,nfl,prop_recyds,KXNFLRECYDS-26OCT04NEBUF-NERDOUBS87-15,Romeo Doubs: 15+ receiving yards,price moved +80c,0,80,80,0,6,6,False,,,
2026-10-04T02:38:35.927810+00:00,nfl,prop_recyds,KXNFLRECYDS-26OCT04NEBUF-NERDOUBS87-25,Romeo Doubs: 25+ receiving yards,price moved +71c,0,71,71,0,5,5,False,,,
2026-10-04T02:38:35.927810+00:00,nfl,prop_recyds,KXNFLRECYDS-26OCT04NEBUF-NETHENDERSON32-15,TreVeyon Henderson: 15+ receiving yards,volume spike x5.3,31,33,2,592,3153,2561,False,,,
2026-10-04T02:38:35.927810+00:00,nfl,prop_recyds,KXNFLRECYDS-26OCT04NEBUF-NETHENDERSON32-25,TreVeyon Henderson: 25+ receiving yards,volume spike x3.4,16,17,1,788,2684,1896,False,,,
2026-10-04T02:38:35.927810+00:00,nfl,prop_recyds,KXNFLRECYDS-26OCT04NEBUF-NEHHENRY85-15,Hunter Henry: 15+ receiving yards,price moved +80c,0,80,80,0,1,1,False,,,
2026-10-04T02:38:35.927810+00:00,nfl,prop_recyds,KXNFLRECYDS-26OCT04NEBUF-NEHHENRY85-25,Hunter Henry: 25+ receiving yards,price moved +62c,0,62,62,0,7,7,False,,,
2026-10-04T02:38:35.927810+00:00,nfl,prop_recyds,KXNFLRECYDS-26OCT04NEBUF-NEMHOLLINS13-25,Mack Hollins: 25+ receiving yards,volume spike x17.0,70,76,6,2,34,32,False,,,
2026-10-04T02:38:35.927810+00:00,nfl,prop_recyds,KXNFLRECYDS-26OCT04NEBUF-NEMHOLLINS13-45,Mack Hollins: 45+ receiving yards,volume spike x4.7,48,48,0,439,2064,1625,False,,,
2026-10-04T02:38:35.927810+00:00,nfl,prop_recyds,KXNFLRECYDS-26OCT04NEBUF-NEKWILLIAMS18-25,Kyle Williams: 25+ receiving yards,volume spike x33.0,27,30,3,74,2443,2369,False,,,
2026-10-04T02:38:35.927810+00:00,nfl,prop_recyds,KXNFLRECYDS-26OCT04NEBUF-NEKWILLIAMS18-50,Kyle Williams: 50+ receiving yards,price moved +10c,0,10,10,0,3000,3000,False,,,
2026-10-04T02:38:35.927810+00:00,nfl,prop_recyds,KXNFLRECYDS-26OCT04NEBUF-NEKWILLIAMS18-60,Kyle Williams: 60+ receiving yards,volume spike x4.1,6,7,1,435,1768,1333,False,,,
2026-10-04T02:38:35.927810+00:00,nfl,prop_recyds,KXNFLRECYDS-26OCT04NYJCHI-CHILBURDEN10-25,Luther Burden III: 25+ receiving yards,price moved +80c,0,80,80,0,11,11,False,,,
2026-10-04T02:38:35.927810+00:00,nfl,prop_recyds,KXNFLRECYDS-26OCT04NYJCHI-CHICKMET85-25,Cole Kmet: 25+ receiving yards,volume spike x4.2,20,21,1,35,147,112,False,,,
2026-10-04T02:38:35.927810+00:00,nfl,prop_recyds,KXNFLRECYDS-26OCT04NYJCHI-CHICLOVELAND84-60,Colston Loveland: 60+ receiving yards,price moved +18c,0,18,18,0,2,2,False,,,
2026-10-04T02:38:35.927810+00:00,nfl,prop_recyds,KXNFLRECYDS-26OCT04NYJCHI-CHICLOVELAND84-70,Colston Loveland: 70+ receiving yards,volume spike x10.0,14,13,-1,4,40,36,False,,,
2026-10-04T02:38:35.927810+00:00,nfl,prop_recyds,KXNFLRECYDS-26OCT04NYJCHI-CHIRODUNZE15-15,Rome Odunze: 15+ receiving yards,price moved +78c,0,78,78,0,11,11,False,,,
2026-10-04T02:38:35.927810+00:00,nfl,prop_recyds,KXNFLRECYDS-26OCT04NYJCHI-CHIRODUNZE15-50,Rome Odunze: 50+ receiving yards,volume spike x4.2,24,30,6,5,21,16,False,,,
2026-10-04T02:38:35.927810+00:00,nfl,prop_recyds,KXNFLRECYDS-26OCT04NYJCHI-CHIRODUNZE15-90,Rome Odunze: 90+ receiving yards,price moved +8c,0,8,8,0,117,117,False,,,
2026-10-04T02:38:35.927810+00:00,nfl,prop_recyds,KXNFLRECYDS-26OCT04NYJCHI-CHIKRAYMOND14-15,Kalif Raymond: 15+ receiving yards,price moved +78c,0,78,78,0,12,12,False,,,
2026-10-04T02:38:35.927810+00:00,nfl,prop_recyds,KXNFLRECYDS-26OCT04NYJCHI-NYJBALLEN0-25,Braelon Allen: 25+ receiving yards,volume spike x9.5,25,24,-1,388,3688,3300,False,,,
2026-10-04T02:38:35.927810+00:00,nfl,prop_recyds,KXNFLRECYDS-26OCT04NYJCHI-NYJBALLEN0-40,Braelon Allen: 40+ receiving yards,price moved +10c,0,10,10,0,2475,2475,False,,,
2026-10-04T02:38:35.927810+00:00,nfl,prop_recyds,KXNFLRECYDS-26OCT04NYJCHI-NYJIDAVIS32-10,Isaiah Davis: 10+ receiving yards,volume spike x13.0,51,49,-2,296,3838,3542,False,,,
2026-10-04T02:38:35.927810+00:00,nfl,prop_recyds,KXNFLRECYDS-26OCT04NYJCHI-NYJIDAVIS32-15,Isaiah Davis: 15+ receiving yards,volume spike x145.7,34,36,2,3,437,434,False,,,
2026-10-04T02:38:35.927810+00:00,nfl,prop_recyds,KXNFLRECYDS-26OCT04TENBAL-BALZFLOWERS4-120,Zay Flowers: 120+ receiving yards,volume spike x12.4,17,17,0,5,62,57,False,,,
2026-10-04T02:38:35.927810+00:00,nfl,prop_recyds,KXNFLRECYDS-26OCT04TENBAL-TENGHELM84-40,Gunnar Helm: 40+ receiving yards,price moved +16c,0,16,16,0,1,1,False,,,
2026-10-04T02:38:35.927810+00:00,nfl,prop_recyds,KXNFLRECYDS-26OCT04TENBAL-TENCTATE14-25,Carnell Tate: 25+ receiving yards,price moved +73c,0,73,73,0,5,5,False,,,
2026-10-04T02:38:35.927810+00:00,nfl,prop_recyds,KXNFLRECYDS-26OCT04TENBAL-TENCRIDLEY0-15,Calvin Ridley: 15+ receiving yards,volume spike x5.3,28,28,0,466,2483,2017,False,,,
2026-10-04T02:38:35.927810+00:00,nfl,prop_recyds,KXNFLRECYDS-26OCT04TENBAL-TENCRIDLEY0-40,Calvin Ridley: 40+ receiving yards,price moved +8c,0,8,8,0,400,400,False,,,
2026-10-04T02:38:35.927810+00:00,nfl,prop_recyds,KXNFLRECYDS-26OCT04TENBAL-BALJHILL43-25,Justice Hill: 25+ receiving yards,price moved +21c,0,21,21,0,5,5,False,,,
2026-10-04T02:38:35.927810+00:00,nfl,prop_recyds,KXNFLRECYDS-26OCT04MIAMIN-MIAJWRIGHT5-40,Jaylen Wright: 40+ receiving yards,volume spike x5.2,6,4,-2,31,161,130,False,,,
2026-10-04T02:38:35.927810+00:00,nfl,prop_recyds,KXNFLRECYDS-26OCT04MIAMIN-MINJADDISON3-90,Jordan Addison: 90+ receiving yards,volume spike x4.2,28,27,-1,6,25,19,False,,,
2026-10-04T02:38:35.927810+00:00,nfl,prop_recyds,KXNFLRECYDS-26OCT04MIAMIN-MINTHOCKENSON87-50,T.J. Hockenson: 50+ receiving yards,volume spike x35.5,35,35,0,2,71,69,False,,,
2026-10-04T02:38:35.927810+00:00,nfl,prop_recyds,KXNFLRECYDS-26OCT04MIAMIN-MIARMILLER84-15,Ryan Miller: 15+ receiving yards,volume spike x13.0,27,31,4,11,143,132,False,,,
2026-10-04T02:38:35.927810+00:00,nfl,prop_recyds,KXNFLRECYDS-26OCT04MIAMIN-MIARMILLER84-25,Ryan Miller: 25+ receiving yards,price moved +7c,12,19,7,3,40,37,False,,,
2026-10-04T02:38:35.927810+00:00,nfl,prop_recyds,KXNFLRECYDS-26OCT04MIAMIN-MIARMILLER84-25,Ryan Miller: 25+ receiving yards,volume spike x13.3,12,19,7,3,40,37,False,,,
2026-10-04T02:38:35.927810+00:00,nfl,prop_recyds,KXNFLRECYDS-26OCT04MIAMIN-MINJJENNINGS14-40,Jauan Jennings: 40+ receiving yards,volume spike x22.5,32,32,0,100,2249,2149,False,,,
2026-10-04T02:38:35.927810+00:00,nfl,prop_recyds,KXNFLRECYDS-26OCT04MIAMIN-MINJJENNINGS14-50,Jauan Jennings: 50+ receiving yards,price moved +23c,0,23,23,0,1763,1763,False,,,
2026-10-04T02:38:35.927810+00:00,nfl,prop_recyds,KXNFLRECYDS-26OCT04MIAMIN-MINJJENNINGS14-60,Jauan Jennings: 60+ receiving yards,volume spike x37.0,15,14,-1,63,2330,2267,False,,,
2026-10-04T02:38:35.927810+00:00,nfl,prop_recyds,KXNFLRECYDS-26OCT04MIAMIN-MINJJENNINGS14-70,Jauan Jennings: 70+ receiving yards,volume spike x27.2,10,11,1,47,1280,1233,False,,,
2026-10-04T02:38:35.927810+00:00,nfl,prop_recyds,KXNFLRECYDS-26OCT04MIAMIN-MIACBELL18-25,Chris Bell: 25+ receiving yards,volume spike x5.9,61,61,0,193,1147,954,False,,,
2026-10-04T02:38:35.927810+00:00,nfl,prop_recyds,KXNFLRECYDS-26OCT04MIAMIN-MIACBELL18-50,Chris Bell: 50+ receiving yards,volume spike x8.0,33,31,-2,5,40,35,False,,,
2026-10-04T02:38:35.927810+00:00,nfl,prop_recyds,KXNFLRECYDS-26OCT04MIAMIN-MIACBELL18-60,Chris Bell: 60+ receiving yards,volume spike x23.4,22,22,0,10,234,224,False,,,
2026-10-04T02:38:35.927810+00:00,nfl,prop_recyds,KXNFLRECYDS-26OCT04MIAMIN-MIACBELL18-80,Chris Bell: 80+ receiving yards,price moved +12c,0,12,12,0,287,287,False,,,
2026-10-04T02:38:35.927810+00:00,nfl,prop_recyds,KXNFLRECYDS-26OCT04DENSF-SFGKITTLE85-120,George Kittle: 120+ receiving yards,price moved +13c,0,13,13,0,1000,1000,False,,,
2026-10-04T02:38:35.927810+00:00,nfl,prop_recyds,KXNFLRECYDS-26OCT04DENSF-SFCMCCAFFREY23-15,Christian McCaffrey: 15+ receiving yards,volume spike x4.6,83,83,0,150,691,541,False,,,
2026-10-04T02:38:35.927810+00:00,nfl,prop_recyds,KXNFLRECYDS-26OCT04KCLV-KCTTHORNTON2-40,Tyquan Thornton: 40+ receiving yards,price moved +30c,0,30,30,0,15,15,False,,,
2026-10-04T02:38:35.927810+00:00,nfl,prop_recyds,KXNFLRECYDS-26OCT04KCLV-KCTTHORNTON2-70,Tyquan Thornton: 70+ receiving yards,price moved +10c,0,10,10,0,1,1,False,,,
2026-10-04T02:38:35.927810+00:00,nfl,prop_recyds,KXNFLRECYDS-26OCT04KCLV-LVBBOWERS89-60,Brock Bowers: 60+ receiving yards,volume spike x4.5,62,65,3,17,77,60,False,,,
2026-10-04T02:38:35.927810+00:00,nfl,prop_recyds,KXNFLRECYDS-26OCT04KCLV-LVJNAILOR9-25,Jalen Nailor: 25+ receiving yards,volume spike x21.0,40,41,1,26,546,520,False,,,
2026-10-04T02:38:35.927810+00:00,nfl,prop_recyds,KXNFLRECYDS-26OCT04KCLV-LVCWHITE82-15,Cody White: 15+ receiving yards,price moved +8c,28,36,8,2,28,26,False,,,
2026-10-04T02:38:35.927810+00:00,nfl,prop_recyds,KXNFLRECYDS-26OCT04KCLV-LVCWHITE82-15,Cody White: 15+ receiving yards,volume spike x14.0,28,36,8,2,28,26,False,,,
2026-10-04T02:38:35.927810+00:00,nfl,prop_recyds,KXNFLRECYDS-26OCT04LACSEA-LACLMCCONKEY15-40,Ladd McConkey: 40+ receiving yards,volume spike x14.4,59,59,0,165,2374,2209,False,,,
2026-10-04T02:38:35.927810+00:00,nfl,prop_recyds,KXNFLRECYDS-26OCT04LACSEA-LACLMCCONKEY15-60,Ladd McConkey: 60+ receiving yards,price moved +37c,0,37,37,0,1014,1014,False,,,
2026-10-04T02:38:35.927810+00:00,nfl,prop_recyds,KXNFLRECYDS-26OCT04LACSEA-LACLMCCONKEY15-70,Ladd McConkey: 70+ receiving yards,volume spike x165.9,24,28,4,16,2654,2638,False,,,
2026-10-04T02:38:35.927810+00:00,nfl,prop_recyds,KXNFLRECYDS-26OCT04LACSEA-LACLMCCONKEY15-80,Ladd McConkey: 80+ receiving yards,price moved +20c,0,20,20,0,2001,2001,False,,,
2026-10-04T02:38:35.927810+00:00,nfl,prop_recyds,KXNFLRECYDS-26OCT04LACSEA-LACLMCCONKEY15-90,Ladd McConkey: 90+ receiving yards,volume spike x215.3,10,15,5,14,3014,3000,False,,,
2026-10-04T02:38:35.927810+00:00,nfl,prop_recyds,KXNFLRECYDS-26OCT04LACSEA-LACLMCCONKEY15-100,Ladd McConkey: 100+ receiving yards,volume spike x140.3,12,11,-1,17,2385,2368,False,,,
2026-10-04T02:38:35.927810+00:00,nfl,prop_recyds,KXNFLRECYDS-26OCT04LACSEA-LACLMCCONKEY15-110,Ladd McConkey: 110+ receiving yards,volume spike x145.4,13,8,-5,16,2327,2311,False,,,
2026-10-04T02:38:35.927810+00:00,nfl,prop_recyds,KXNFLRECYDS-26OCT04LACSEA-SEARSHAHEED22-15,Rashid Shaheed: 15+ receiving yards,price moved +62c,0,62,62,0,11,11,False,,,
2026-10-04T02:38:35.927810+00:00,nfl,prop_recyds,KXNFLRECYDS-26OCT04LACSEA-SEARSHAHEED22-25,Rashid Shaheed: 25+ receiving yards,price moved +49c,0,49,49,0,39,39,False,,,
2026-10-04T02:38:35.927810+00:00,nfl,prop_recyds,KXNFLRECYDS-26OCT04LACSEA-LACOGADSDEN86-15,Oronde Gadsden: 15+ receiving yards,price moved +69c,0,69,69,0,5,5,False,,,
2026-10-04T02:38:35.927810+00:00,nfl,prop_recyds,KXNFLRECYDS-26OCT04LACSEA-LACTHARRIS9-15,Tre' Harris: 15+ receiving yards,price moved +76c,0,76,76,0,1,1,False,,,
2026-10-04T02:38:35.927810+00:00,nfl,prop_recyds,KXNFLRECYDS-26OCT04LACSEA-SEAGHOLANI36-25,George Holani: 25+ receiving yards,volume spike x501.0,16,21,5,2,1002,1000,False,,,
2026-10-04T02:38:35.927810+00:00,nfl,prop_recyds,KXNFLRECYDS-26OCT04LACSEA-SEAGHOLANI36-40,George Holani: 40+ receiving yards,price moved +9c,0,9,9,0,1105,1105,False,,,
2026-10-04T02:38:35.927810+00:00,nfl,prop_recyds,KXNFLRECYDS-26OCT04LACSEA-LACOHAMPTON8-25,Omarion Hampton: 25+ receiving yards,price moved +13c,0,13,13,0,264,264,False,,,
2026-10-04T02:38:35.927810+00:00,nfl,prop_recyds,KXNFLRECYDS-26OCT04DETCAR-CARCHUBBARD30-40,Chuba Hubbard: 40+ receiving yards,price moved +18c,0,18,18,0,62,62,False,,,
2026-10-04T02:38:35.927810+00:00,nfl,prop_recyds,KXNFLRECYDS-26OCT04DETCAR-CARTMCMILLAN4-40,Tetairoa McMillan: 40+ receiving yards,price moved +78c,0,78,78,0,25,25,False,,,
2026-10-04T02:38:35.927810+00:00,nfl,prop_recyds,KXNFLRECYDS-26OCT04DETCAR-DETJGIBBS0-25,Jahmyr Gibbs: 25+ receiving yards,volume spike x7.5,72,71,-1,6,45,39,False,,,
2026-10-04T02:38:35.927810+00:00,nfl,prop_recyds,KXNFLRECYDS-26OCT04DETCAR-DETSLAPORTA87-50,Sam LaPorta: 50+ receiving yards,volume spike x3.2,47,48,1,5,16,11,False,,,
2026-10-04T02:38:35.927810+00:00,nfl,prop_recyds,KXNFLRECYDS-26OCT04DETCAR-DETASTBROWN14-40,Amon-Ra St. Brown: 40+ receiving yards,volume spike x17.7,85,84,-1,24,424,400,False,,,
2026-10-04T02:38:35.927810+00:00,nfl,prop_recyds,KXNFLRECYDS-26OCT04DETCAR-DETASTBROWN14-110,Amon-Ra St. Brown: 110+ receiving yards,volume spike x10.8,23,24,1,4,43,39,False,,,
2026-10-04T02:38:35.927810+00:00,nfl,prop_recyds,KXNFLRECYDS-26OCT05ATLNO-ATLKPITTS8-40,Kyle Pitts Sr.: 40+ receiving yards,price moved +35c,0,35,35,0,2,2,False,,,
2026-10-04T02:38:35.927810+00:00,nfl,prop_rec,KXNFLREC-26OCT04INDWAS-WASSDIGGS3-2,Stefon Diggs: 2+ receptions,price moved +7c,92,99,7,1,44,43,False,,,
2026-10-04T02:38:35.927810+00:00,nfl,prop_rec,KXNFLREC-26OCT04INDWAS-WASSDIGGS3-2,Stefon Diggs: 2+ receptions,volume spike x44.0,92,99,7,1,44,43,False,,,
2026-10-04T02:38:35.927810+00:00,nfl,prop_rec,KXNFLREC-26OCT04INDWAS-WASSDIGGS3-4,Stefon Diggs: 4+ receptions,price moved +13c,64,77,13,4271,4839,568,False,,,
2026-10-04T02:38:35.927810+00:00,nfl,prop_rec,KXNFLREC-26OCT04INDWAS-WASSDIGGS3-6,Stefon Diggs: 6+ receptions,price moved +11c,37,48,11,2064,3485,1421,False,,,
2026-10-04T02:38:35.927810+00:00,nfl,prop_rec,KXNFLREC-26OCT04INDWAS-WASSDIGGS3-7,Stefon Diggs: 7+ receptions,price moved +13c,20,33,13,1211,1938,727,False,,,
2026-10-04T02:38:35.927810+00:00,nfl,prop_rec,KXNFLREC-26OCT04INDWAS-WASSDIGGS3-8,Stefon Diggs: 8+ receptions,volume spike x4.8,11,17,6,99,474,375,False,,,
2026-10-04T02:38:35.927810+00:00,nfl,prop_rec,KXNFLREC-26OCT04INDWAS-WASTMCLAURIN17-2,Terry McLaurin: 2+ receptions,volume spike x30.3,81,78,-3,117,3541,3424,False,,,
2026-10-04T02:38:35.927810+00:00,nfl,prop_rec,KXNFLREC-26OCT04INDWAS-WASTMCLAURIN17-3,Terry McLaurin: 3+ receptions,price moved -8c,67,59,-8,116,1053,937,False,,,
2026-10-04T02:38:35.927810+00:00,nfl,prop_rec,KXNFLREC-26OCT04INDWAS-WASTMCLAURIN17-3,Terry McLaurin: 3+ receptions,volume spike x9.1,67,59,-8,116,1053,937,False,,,
2026-10-04T02:38:35.927810+00:00,nfl,prop_rec,KXNFLREC-26OCT04INDWAS-WASTMCLAURIN17-6,Terry McLaurin: 6+ receptions,price moved +25c,0,25,25,0,38,38,False,,,
2026-10-04T02:38:35.927810+00:00,nfl,prop_rec,KXNFLREC-26OCT04INDWAS-WASAWILLIAMS14-2,Antonio Williams: 2+ receptions,price moved +8c,64,72,8,18408,19230,822,False,,,
2026-10-04T02:38:35.927810+00:00,nfl,prop_rec,KXNFLREC-26OCT04INDWAS-INDJDOWNS2-4,Josh Downs: 4+ receptions,price moved +11c,77,88,11,6,83,77,False,,,
2026-10-04T02:38:35.927810+00:00,nfl,prop_rec,KXNFLREC-26OCT04INDWAS-INDJDOWNS2-4,Josh Downs: 4+ receptions,volume spike x13.8,77,88,11,6,83,77,False,,,
2026-10-04T02:38:35.927810+00:00,nfl,prop_rec,KXNFLREC-26OCT04INDWAS-INDJTAYLOR28-4,Jonathan Taylor: 4+ receptions,volume spike x2242.0,29,33,4,2,4484,4482,False,,,
2026-10-04T02:38:35.927810+00:00,nfl,prop_rec,KXNFLREC-26OCT04INDWAS-INDTWARREN84-7,Tyler Warren: 7+ receptions,volume spike x3.7,38,38,0,43,161,118,False,,,
2026-10-04T02:38:35.927810+00:00,nfl,prop_rec,KXNFLREC-26OCT04INDWAS-INDTWARREN84-9,Tyler Warren: 9+ receptions,volume spike x6.2,18,15,-3,12,75,63,False,,,
2026-10-04T02:38:35.927810+00:00,nfl,prop_rec,KXNFLREC-26OCT04ARINYG-NYGILIKELY9-2,Isaiah Likely: 2+ receptions,price moved +90c,0,90,90,0,1,1,False,,,
2026-10-04T02:38:35.927810+00:00,nfl,prop_rec,KXNFLREC-26OCT04ARINYG-NYGMNABERS1-7,Malik Nabers: 7+ receptions,price moved +24c,0,24,24,0,27,27,False,,,
2026-10-04T02:38:35.927810+00:00,nfl,prop_rec,KXNFLREC-26OCT04ARINYG-NYGMNABERS1-8,Malik Nabers: 8+ receptions,price moved +15c,0,15,15,0,44,44,False,,,
2026-10-04T02:38:35.927810+00:00,nfl,prop_rec,KXNFLREC-26OCT04ARINYG-ARIMHARRISON18-2,Marvin Harrison Jr.: 2+ receptions,price moved +70c,0,70,70,0,111,111,False,,,
2026-10-04T02:38:35.927810+00:00,nfl,prop_rec,KXNFLREC-26OCT04ARINYG-ARIMWILSON14-5,Michael Wilson: 5+ receptions,volume spike x4.3,56,56,0,381,1638,1257,False,,,
2026-10-04T02:38:35.927810+00:00,nfl,prop_rec,KXNFLREC-26OCT04ARINYG-ARIEHIGGINS84-2,Elijah Higgins: 2+ receptions,price moved +22c,0,22,22,0,43,43,False,,,
2026-10-04T02:38:35.927810+00:00,nfl,prop_rec,KXNFLREC-26OCT04DALHOU-HOUJNOEL13-2,Jaylin Noel: 2+ receptions,volume spike x3.8,39,39,0,1305,5021,3716,False,,,
2026-10-04T02:38:35.927810+00:00,nfl,prop_rec,KXNFLREC-26OCT04DALHOU-DALRFLOURNOY19-3,Ryan Flournoy: 3+ receptions,price moved +65c,0,65,65,0,1,1,False,,,
2026-10-04T02:38:35.927810+00:00,nfl,prop_rec,KXNFLREC-26OCT04DALHOU-DALCLAMB88-3,CeeDee Lamb: 3+ receptions,price moved +94c,0,94,94,0,49,49,False,,,
2026-10-04T02:38:35.927810+00:00,nfl,prop_rec,KXNFLREC-26OCT04DALHOU-HOUNCOLLINS12-5,Nico Collins: 5+ receptions,price moved +60c,0,60,60,0,205,205,False,,,
2026-10-04T02:38:35.927810+00:00,nfl,prop_rec,KXNFLREC-26OCT04DALHOU-HOUNCOLLINS12-6,Nico Collins: 6+ receptions,volume spike x86.5,45,44,-1,10,865,855,False,,,
2026-10-04T02:38:35.927810+00:00,nfl,prop_rec,KXNFLREC-26OCT04GBTB-GBMGOLDEN0-7,Matthew Golden: 7+ receptions,price moved +23c,0,23,23,0,76,76,False,,,
2026-10-04T02:38:35.927810+00:00,nfl,prop_rec,KXNFLREC-26OCT04GBTB-GBTKRAFT85-3,Tucker Kraft: 3+ receptions,price moved +75c,0,75,75,0,4,4,False,,,
2026-10-04T02:38:35.927810+00:00,nfl,prop_rec,KXNFLREC-26OCT04GBTB-GBMLLOYD32-2,MarShawn Lloyd: 2+ receptions,price moved +37c,0,37,37,0,609,609,False,,,
2026-10-04T02:38:35.927810+00:00,nfl,prop_rec,KXNFLREC-26OCT04GBTB-GBMLLOYD32-3,MarShawn Lloyd: 3+ receptions,volume spike x27.1,16,17,1,24,650,626,False,,,
2026-10-04T02:38:35.927810+00:00,nfl,prop_rec,KXNFLREC-26OCT04GBTB-GBMLLOYD32-4,MarShawn Lloyd: 4+ receptions,price moved +9c,0,9,9,0,27,27,False,,,
2026-10-04T02:38:35.927810+00:00,nfl,prop_rec,KXNFLREC-26OCT04GBTB-TBTJOHNSON15-2,Tez Johnson: 2+ receptions,volume spike x3.4,32,33,1,7,24,17,False,,,
2026-10-04T02:38:35.927810+00:00,nfl,prop_rec,KXNFLREC-26OCT04JACCIN-CINCBROWN30-4,Chase Brown: 4+ receptions,volume spike x4.2,43,44,1,89,372,283,False,,,
2026-10-04T02:38:35.927810+00:00,nfl,prop_rec,KXNFLREC-26OCT04JACCIN-CINCBROWN30-5,Chase Brown: 5+ receptions,price moved +28c,0,28,28,0,200,200,False,,,
2026-10-04T02:38:35.927810+00:00,nfl,prop_rec,KXNFLREC-26OCT04JACCIN-CINCBROWN30-6,Chase Brown: 6+ receptions,price moved +16c,0,16,16,0,200,200,False,,,
2026-10-04T02:38:35.927810+00:00,nfl,prop_rec,KXNFLREC-26OCT04JACCIN-CINTHIGGINS5-4,Tee Higgins: 4+ receptions,price moved +68c,0,68,68,0,28,28,False,,,
2026-10-04T02:38:35.927810+00:00,nfl,prop_rec,KXNFLREC-26OCT04JACCIN-CINDSAMPLE89-3,Drew Sample: 3+ receptions,price moved +19c,0,19,19,0,149,149,False,,,
2026-10-04T02:38:35.927810+00:00,nfl,prop_rec,KXNFLREC-26OCT04JACCIN-JACBSTRANGE85-5,Brenton Strange: 5+ receptions,price moved +29c,0,29,29,0,75,75,False,,,
2026-10-04T02:38:35.927810+00:00,nfl,prop_rec,KXNFLREC-26OCT04JACCIN-JACBSTRANGE85-6,Brenton Strange: 6+ receptions,price moved +17c,0,17,17,0,100,100,False,,,
2026-10-04T02:38:35.927810+00:00,nfl,prop_rec,KXNFLREC-26OCT04JACCIN-JACJMEYERS3-4,Jakobi Meyers: 4+ receptions,price moved +53c,0,53,53,0,137,137,False,,,
2026-10-04T02:38:35.927810+00:00,nfl,prop_rec,KXNFLREC-26OCT04JACCIN-JACJMEYERS3-6,Jakobi Meyers: 6+ receptions,price moved +20c,0,20,20,0,1,1,False,,,
2026-10-04T02:38:35.927810+00:00,nfl,prop_rec,KXNFLREC-26OCT04JACCIN-JACJMEYERS3-7,Jakobi Meyers: 7+ receptions,price moved +11c,0,11,11,0,1,1,False,,,
2026-10-04T02:38:35.927810+00:00,nfl,prop_rec,KXNFLREC-26OCT04LARPHI-LARKWILLIAMS23-3,Kyren Williams: 3+ receptions,volume spike x4.0,42,42,0,677,2677,2000,False,,,
2026-10-04T02:38:35.927810+00:00,nfl,prop_rec,KXNFLREC-26OCT04LARPHI-LARKWILLIAMS23-4,Kyren Williams: 4+ receptions,volume spike x245.4,20,23,3,9,2209,2200,False,,,
2026-10-04T02:38:35.927810+00:00,nfl,prop_rec,KXNFLREC-26OCT04LARPHI-LARKWILLIAMS23-5,Kyren Williams: 5+ receptions,volume spike x5.3,6,12,6,9,48,39,False,,,
2026-10-04T02:38:35.927810+00:00,nfl,prop_rec,KXNFLREC-26OCT04LARPHI-LARPNACUA12-3,Puka Nacua: 3+ receptions,price moved +93c,0,93,93,0,49,49,False,,,
2026-10-04T02:38:35.927810+00:00,nfl,prop_rec,KXNFLREC-26OCT04LARPHI-LARPNACUA12-7,Puka Nacua: 7+ receptions,volume spike x5.4,41,42,1,1600,8716,7116,False,,,
2026-10-04T02:38:35.927810+00:00,nfl,prop_rec,KXNFLREC-26OCT04LARPHI-LARPNACUA12-8,Puka Nacua: 8+ receptions,volume spike x7.8,29,30,1,374,2905,2531,False,,,
2026-10-04T02:38:35.927810+00:00,nfl,prop_rec,KXNFLREC-26OCT04LARPHI-LARPNACUA12-9,Puka Nacua: 9+ receptions,volume spike x4.3,20,20,0,347,1475,1128,False,,,
2026-10-04T02:38:35.927810+00:00,nfl,prop_rec,KXNFLREC-26OCT04LARPHI-LARPNACUA12-10,Puka Nacua: 10+ receptions,volume spike x9.5,13,12,-1,273,2592,2319,False,,,
2026-10-04T02:38:35.927810+00:00,nfl,prop_rec,KXNFLREC-26OCT04LARPHI-LARPNACUA12-11,Puka Nacua: 11+ receptions,volume spike x248.1,8,7,-1,11,2729,2718,False,,,
2026-10-04T02:38:35.927810+00:00,nfl,prop_rec,KXNFLREC-26OCT04LARPHI-LARPNACUA12-12,Puka Nacua: 12+ receptions,volume spike x3.1,5,5,0,347,1073,726,False,,,
2026-10-04T02:38:35.927810+00:00,nfl,prop_rec,KXNFLREC-26OCT04LARPHI-LARPNACUA12-13,Puka Nacua: 13+ receptions,volume spike x4.1,5,4,-1,259,1070,811,False,,,
2026-10-04T02:38:35.927810+00:00,nfl,prop_rec,KXNFLREC-26OCT04NEBUF-BUFDKINCAID86-2,Dalton Kincaid: 2+ receptions,price moved +92c,0,92,92,0,1,1,False,,,
2026-10-04T02:38:35.927810+00:00,nfl,prop_rec,KXNFLREC-26OCT04NEBUF-BUFDKINCAID86-4,Dalton Kincaid: 4+ receptions,volume spike x35.2,63,58,-5,5,176,171,False,,,
2026-10-04T02:38:35.927810+00:00,nfl,prop_rec,KXNFLREC-26OCT04NEBUF-BUFDKINCAID86-5,Dalton Kincaid: 5+ receptions,volume spike x9.1,46,41,-5,2123,19329,17206,False,,,
2026-10-04T02:38:35.927810+00:00,nfl,prop_rec,KXNFLREC-26OCT04NEBUF-NERDOUBS87-6,Romeo Doubs: 6+ receptions,price moved +15c,0,15,15,0,58,58,False,,,
2026-10-04T02:38:35.927810+00:00,nfl,prop_rec,KXNFLREC-26OCT04NEBUF-NEHHENRY85-4,Hunter Henry: 4+ receptions,volume spike x39.2,46,44,-2,17,666,649,False,,,
2026-10-04T02:38:35.927810+00:00,nfl,prop_rec,KXNFLREC-26OCT04NEBUF-NEKWILLIAMS18-1,Kyle Williams: 1+ receptions,volume spike x1132.0,64,64,0,1,1132,1131,False,,,
2026-10-04T02:38:35.927810+00:00,nfl,prop_rec,KXNFLREC-26OCT04NEBUF-NEKWILLIAMS18-2,Kyle Williams: 2+ receptions,volume spike x4.9,28,29,1,606,2963,2357,False,,,
2026-10-04T02:38:35.927810+00:00,nfl,prop_rec,KXNFLREC-26OCT04NEBUF-NEKWILLIAMS18-3,Kyle Williams: 3+ receptions,volume spike x5.1,11,12,1,1105,5643,4538,False,,,
2026-10-04T02:38:35.927810+00:00,nfl,prop_rec,KXNFLREC-26OCT04NYJCHI-CHILBURDEN10-4,Luther Burden III: 4+ receptions,volume spike x3.7,66,65,-1,14,52,38,False,,,
2026-10-04T02:38:35.927810+00:00,nfl,prop_rec,KXNFLREC-26OCT04NYJCHI-CHICKMET85-2,Cole Kmet: 2+ receptions,volume spike x3.2,38,38,0,6,19,13,False,,,
2026-10-04T02:38:35.927810+00:00,nfl,prop_rec,KXNFLREC-26OCT04NYJCHI-CHIRODUNZE15-4,Rome Odunze: 4+ receptions,price moved +29c,0,29,29,0,0,0,False,,,
2026-10-04T02:38:35.927810+00:00,nfl,prop_rec,KXNFLREC-26OCT04NYJCHI-CHIKRAYMOND14-3,Kalif Raymond: 3+ receptions,price moved +65c,0,65,65,0,1,1,False,,,
2026-10-04T02:38:35.927810+00:00,nfl,prop_rec,KXNFLREC-26OCT04NYJCHI-CHIDSWIFT4-3,D'Andre Swift: 3+ receptions,price moved +39c,0,39,39,0,4,4,False,,,
2026-10-04T02:38:35.927810+00:00,nfl,prop_rec,KXNFLREC-26OCT04NYJCHI-NYJBALLEN0-3,Braelon Allen: 3+ receptions,volume spike x7.0,33,33,0,318,2241,1923,False,,,
2026-10-04T02:38:35.927810+00:00,nfl,prop_rec,KXNFLREC-26OCT04NYJCHI-NYJBALLEN0-4,Braelon Allen: 4+ receptions,volume spike x55.9,10,15,5,15,839,824,False,,,
2026-10-04T02:38:35.927810+00:00,nfl,prop_rec,KXNFLREC-26OCT04NYJCHI-NYJBALLEN0-5,Braelon Allen: 5+ receptions,volume spike x1138.5,5,8,3,2,2277,2275,False,,,
2026-10-04T02:38:35.927810+00:00,nfl,prop_rec,KXNFLREC-26OCT04NYJCHI-NYJIDAVIS32-2,Isaiah Davis: 2+ receptions,volume spike x9.5,46,46,0,313,2976,2663,False,,,
2026-10-04T02:38:35.927810+00:00,nfl,prop_rec,KXNFLREC-26OCT04NYJCHI-NYJIDAVIS32-3,Isaiah Davis: 3+ receptions,volume spike x3.4,24,24,0,93,312,219,False,,,
2026-10-04T02:38:35.927810+00:00,nfl,prop_rec,KXNFLREC-26OCT04NYJCHI-NYJGWILSON5-6,Garrett Wilson: 6+ receptions,price moved +62c,0,62,62,0,1,1,False,,,
2026-10-04T02:38:35.927810+00:00,nfl,prop_rec,KXNFLREC-26OCT04TENBAL-TENCTATE14-2,Carnell Tate: 2+ receptions,price moved +91c,0,91,91,0,1,1,False,,,
2026-10-04T02:38:35.927810+00:00,nfl,prop_rec,KXNFLREC-26OCT04TENBAL-BALJHILL43-2,Justice Hill: 2+ receptions,price moved +52c,0,52,52,0,9,9,False,,,
2026-10-04T02:38:35.927810+00:00,nfl,prop_rec,KXNFLREC-26OCT04TENBAL-BALJHILL43-3,Justice Hill: 3+ receptions,price moved +23c,0,23,23,0,22,22,False,,,
2026-10-04T02:38:35.927810+00:00,nfl,prop_rec,KXNFLREC-26OCT04MIAMIN-MIAJWRIGHT5-2,Jaylen Wright: 2+ receptions,volume spike x14.4,33,35,2,249,3586,3337,False,,,
2026-10-04T02:38:35.927810+00:00,nfl,prop_rec,KXNFLREC-26OCT04MIAMIN-MINJADDISON3-3,Jordan Addison: 3+ receptions,volume spike x7.7,79,81,2,9,69,60,False,,,
2026-10-04T02:38:35.927810+00:00,nfl,prop_rec,KXNFLREC-26OCT04MIAMIN-MINJADDISON3-7,Jordan Addison: 7+ receptions,volume spike x4.8,14,19,5,6,29,23,False,,,
2026-10-04T02:38:35.927810+00:00,nfl,prop_rec,KXNFLREC-26OCT04MIAMIN-MINJADDISON3-8,Jordan Addison: 8+ receptions,price moved +11c,0,11,11,0,178,178,False,,,
2026-10-04T02:38:35.927810+00:00,nfl,prop_rec,KXNFLREC-26OCT04MIAMIN-MINTHOCKENSON87-2,T.J. Hockenson: 2+ receptions,price moved +90c,0,90,90,0,49,49,False,,,
2026-10-04T02:38:35.927810+00:00,nfl,prop_rec,KXNFLREC-26OCT04MIAMIN-MINTHOCKENSON87-6,T.J. Hockenson: 6+ receptions,price moved +26c,0,26,26,0,12,12,False,,,
2026-10-04T02:38:35.927810+00:00,nfl,prop_rec,KXNFLREC-26OCT04MIAMIN-MIAKCOLEMAN21-2,Kevin Coleman Jr.: 2+ receptions,volume spike x6.7,51,49,-2,305,2030,1725,False,,,
2026-10-04T02:38:35.927810+00:00,nfl,prop_rec,KXNFLREC-26OCT04MIAMIN-MIACBELL18-2,Chris Bell: 2+ receptions,price moved +73c,0,73,73,0,76,76,False,,,
2026-10-04T02:38:35.927810+00:00,nfl,prop_rec,KXNFLREC-26OCT04MIAMIN-MIACBELL18-3,Chris Bell: 3+ receptions,volume spike x3.8,50,51,1,158,595,437,False,,,
2026-10-04T02:38:35.927810+00:00,nfl,prop_rec,KXNFLREC-26OCT04MIAMIN-MIACBELL18-5,Chris Bell: 5+ receptions,price moved +16c,0,16,16,0,1000,1000,False,,,
2026-10-04T02:38:35.927810+00:00,nfl,prop_rec,KXNFLREC-26OCT04MIAMIN-MIACBELL18-6,Chris Bell: 6+ receptions,price moved +8c,0,8,8,0,1000,1000,False,,,
2026-10-04T02:38:35.927810+00:00,nfl,prop_rec,KXNFLREC-26OCT04DENSF-DENJWADDLE17-2,Jaylen Waddle: 2+ receptions,price moved +92c,0,92,92,0,2,2,False,,,
2026-10-04T02:38:35.927810+00:00,nfl,prop_rec,KXNFLREC-26OCT04DENSF-DENJWADDLE17-6,Jaylen Waddle: 6+ receptions,price moved +30c,0,30,30,0,0,0,False,,,
2026-10-04T02:38:35.927810+00:00,nfl,prop_rec,KXNFLREC-26OCT04DENSF-DENTFRANKLIN11-2,Troy Franklin: 2+ receptions,price moved +28c,0,28,28,0,3,3,False,,,
2026-10-04T02:38:35.927810+00:00,nfl,prop_rec,KXNFLREC-26OCT04KCLV-KCTKELCE87-6,Travis Kelce: 6+ receptions,price moved +28c,0,28,28,0,0,0,False,,,
2026-10-04T02:38:35.927810+00:00,nfl,prop_rec,KXNFLREC-26OCT04KCLV-KCRRICE4-3,Rashee Rice: 3+ receptions,price moved +86c,0,86,86,0,0,0,False,,,
2026-10-04T02:38:35.927810+00:00,nfl,prop_rec,KXNFLREC-26OCT04KCLV-KCRRICE4-6,Rashee Rice: 6+ receptions,price moved +36c,0,36,36,0,0,0,False,,,
2026-10-04T02:38:35.927810+00:00,nfl,prop_rec,KXNFLREC-26OCT04KCLV-KCKWALKER9-4,Kenneth Walker III: 4+ receptions,volume spike x59.8,37,38,1,52,3108,3056,False,,,
2026-10-04T02:38:35.927810+00:00,nfl,prop_rec,KXNFLREC-26OCT04KCLV-KCXWORTHY1-4,Xavier Worthy: 4+ receptions,price moved +38c,0,38,38,0,3,3,False,,,
2026-10-04T02:38:35.927810+00:00,nfl,prop_rec,KXNFLREC-26OCT04LACSEA-SEATHORTON15-2,Tory Horton: 2+ receptions,price moved +35c,0,35,35,0,100,100,False,,,
2026-10-04T02:38:35.927810+00:00,nfl,prop_rec,KXNFLREC-26OCT04LACSEA-SEAJSMITHNJIGBA11-7,Jaxon Smith-Njigba: 7+ receptions,volume spike x3.8,56,55,-1,755,2853,2098,False,,,
2026-10-04T02:38:35.927810+00:00,nfl,prop_rec,KXNFLREC-26OCT04LACSEA-LACKMITCHELL34-2,Keaton Mitchell: 2+ receptions,volume spike x3.5,50,50,0,82,284,202,False,,,
2026-10-04T02:38:35.927810+00:00,nfl,prop_rec,KXNFLREC-26OCT04LACSEA-SEAGHOLANI36-2,George Holani: 2+ receptions,volume spike x7.9,52,54,2,336,2639,2303,False,,,
2026-10-04T02:38:35.927810+00:00,nfl,prop_rec,KXNFLREC-26OCT04LACSEA-SEAGHOLANI36-3,George Holani: 3+ receptions,price moved +30c,0,30,30,0,2453,2453,False,,,
2026-10-04T02:38:35.927810+00:00,nfl,prop_rec,KXNFLREC-26OCT04LACSEA-SEAGHOLANI36-4,George Holani: 4+ receptions,price moved +15c,0,15,15,0,4850,4850,False,,,
2026-10-04T02:38:35.927810+00:00,nfl,prop_rec,KXNFLREC-26OCT04LACSEA-SEAGHOLANI36-5,George Holani: 5+ receptions,price moved +8c,0,8,8,0,238,238,False,,,
2026-10-04T02:38:35.927810+00:00,nfl,prop_rec,KXNFLREC-26OCT04DETCAR-CARTMCMILLAN4-4,Tetairoa McMillan: 4+ receptions,volume spike x4.0,74,75,1,11,44,33,False,,,
2026-10-04T02:38:35.927810+00:00,nfl,prop_rec,KXNFLREC-26OCT04DETCAR-CARTTREMBLE82-2,Tommy Tremble: 2+ receptions,price moved +57c,0,57,57,0,34,34,False,,,
2026-10-04T02:38:35.927810+00:00,nfl,prop_rec,KXNFLREC-26OCT04DETCAR-CARTTREMBLE82-3,Tommy Tremble: 3+ receptions,volume spike x43.3,31,29,-2,21,910,889,False,,,
2026-10-04T02:38:35.927810+00:00,nfl,prop_rec,KXNFLREC-26OCT04DETCAR-DETJGIBBS0-4,Jahmyr Gibbs: 4+ receptions,price moved +70c,0,70,70,0,20,20,False,,,
2026-10-04T02:38:35.927810+00:00,nfl,prop_rec,KXNFLREC-26OCT04DETCAR-DETASTBROWN14-9,Amon-Ra St. Brown: 9+ receptions,price moved +31c,0,31,31,0,6,6,False,,,
2026-10-04T02:38:35.927810+00:00,nfl,prop_rec,KXNFLREC-26OCT04DETCAR-DETITESLAA18-2,Isaac TeSlaa: 2+ receptions,price moved +48c,0,48,48,0,40,40,False,,,
2026-10-04T02:38:35.927810+00:00,nfl,prop_rec,KXNFLREC-26OCT04DETCAR-DETITESLAA18-3,Isaac TeSlaa: 3+ receptions,price moved +21c,0,21,21,0,1,1,False,,,
2026-10-04T02:38:35.927810+00:00,nfl,prop_rec,KXNFLREC-26OCT04DETCAR-DETJWILLIAMS1-2,Jameson Williams: 2+ receptions,price moved +87c,0,87,87,0,11,11,False,,,
2026-10-04T02:38:35.927810+00:00,nfl,prop_rec,KXNFLREC-26OCT05ATLNO-NOJJOHNSON83-5,Juwan Johnson: 5+ receptions,volume spike x38.5,32,32,0,2,77,75,False,,,
2026-10-04T02:38:35.927810+00:00,nfl,prop_rec,KXNFLREC-26OCT05ATLNO-ATLAHOOPER81-2,Austin Hooper: 2+ receptions,price moved +36c,0,36,36,0,1583,1583,False,,,
2026-10-04T02:38:35.927810+00:00,nfl,prop_rec,KXNFLREC-26OCT05ATLNO-ATLKPITTS8-4,Kyle Pitts Sr.: 4+ receptions,price moved +34c,0,34,34,0,28,28,False,,,
2026-10-04T02:38:35.927810+00:00,nfl,prop_rec,KXNFLREC-26OCT05ATLNO-ATLOZACCHEAUS14-3,Olamide Zaccheaus: 3+ receptions,volume spike x3.7,18,17,-1,10,37,27,False,,,
2026-10-04T02:38:35.927810+00:00,nfl,prop_longrec,KXNFLLONGREC-26OCT04GBTB-TBTHURST17-14,Ted Hurst III: longest reception over 13.5 yards,price moved +56c,0,56,56,0,1541,1541,False,,,
2026-10-04T02:38:35.927810+00:00,nfl,prop_longrec,KXNFLLONGREC-26OCT04JACCIN-CINJCHASE1-26,Ja'Marr Chase: longest reception over 25.5 yards,price moved +53c,0,53,53,0,43,43,False,,,
2026-10-04T02:38:35.927810+00:00,nfl,prop_longrec,KXNFLLONGREC-26OCT04JACCIN-JACBSTRANGE85-17,Brenton Strange: longest reception over 16.5 yards,price moved +52c,0,52,52,0,230,230,False,,,
2026-10-04T02:38:35.927810+00:00,nfl,prop_longrec,KXNFLLONGREC-26OCT04NEBUF-BUFDKINCAID86-22,Dalton Kincaid: longest reception over 21.5 yards,volume spike x413.0,53,51,-2,1,413,412,False,,,
2026-10-04T02:38:35.927810+00:00,nfl,prop_longrec,KXNFLLONGREC-26OCT04DENSF-DENCSUTTON14-18,Courtland Sutton: longest reception over 17.5 yards,price moved +54c,0,54,54,0,0,0,False,,,
2026-10-04T02:38:35.927810+00:00,nfl,prop_longrec,KXNFLLONGREC-26OCT04KCLV-LVBBOWERS89-22,Brock Bowers: longest reception over 21.5 yards,price moved +53c,0,53,53,0,9,9,False,,,
2026-10-04T02:38:35.927810+00:00,nfl,prop_longrec,KXNFLLONGREC-26OCT04KCLV-KCTKELCE87-20,Travis Kelce: longest reception over 19.5 yards,price moved +51c,0,51,51,0,1,1,False,,,
2026-10-04T02:38:35.927810+00:00,nfl,prop_longrec,KXNFLLONGREC-26OCT04DETCAR-DETJWILLIAMS1-22,Jameson Williams: longest reception over 21.5 yards,volume spike x9.1,52,55,3,14,128,114,False,,,
2026-10-04T02:38:35.927810+00:00,nfl,prop_rryds,KXNFLRRYDS-26OCT04ARINYG-ARIJLOVE4-90,Jeremiyah Love: 90+ rushing and receiving yards combined,volume spike x3.5,49,49,0,242,841,599,False,,,
2026-10-04T02:38:35.927810+00:00,nfl,prop_rryds,KXNFLRRYDS-26OCT04ARINYG-ARIJLOVE4-140,Jeremiyah Love: 140+ rushing and receiving yards combined,price moved +11c,0,11,11,0,187,187,False,,,
2026-10-04T02:38:35.927810+00:00,nfl,prop_rryds,KXNFLRRYDS-26OCT04GBTB-TBBIRVING7-70,Bucky Irving: 70+ rushing and receiving yards combined,volume spike x1647.0,55,52,-3,1,1647,1646,False,,,
2026-10-04T02:38:35.927810+00:00,nfl,prop_rryds,KXNFLRRYDS-26OCT04JACCIN-CINCBROWN30-90,Chase Brown: 90+ rushing and receiving yards combined,volume spike x6.3,40,45,5,10,63,53,False,,,
2026-10-04T02:38:35.927810+00:00,nfl,prop_rryds,KXNFLRRYDS-26OCT04NYJCHI-CHIDSWIFT4-105,D'Andre Swift: 105+ rushing and receiving yards combined,volume spike x4.9,30,29,-1,63,310,247,False,,,
2026-10-04T02:38:35.927810+00:00,nfl,prop_rryds,KXNFLRRYDS-26OCT04NYJCHI-NYJIDAVIS32-90,Isaiah Davis: 90+ rushing and receiving yards combined,volume spike x3.5,7,5,-2,40,140,100,False,,,
2026-10-04T02:38:35.927810+00:00,nfl,prop_rryds,KXNFLRRYDS-26OCT04TENBAL-BALDHENRY22-135,Derrick Henry: 135+ rushing and receiving yards combined,price moved -14c,51,37,-14,93,104,11,False,,,
2026-10-04T02:38:35.927810+00:00,nfl,prop_rryds,KXNFLRRYDS-26OCT04TENBAL-TENTPOLLARD20-60,Tony Pollard: 60+ rushing and receiving yards combined,volume spike x28.2,48,53,5,33,932,899,False,,,
2026-10-04T02:38:35.927810+00:00,nfl,prop_rryds,KXNFLRRYDS-26OCT04TENBAL-TENTPOLLARD20-85,Tony Pollard: 85+ rushing and receiving yards combined,price moved -16c,44,28,-16,21,58,37,False,,,
2026-10-04T02:38:35.927810+00:00,nfl,prop_rryds,KXNFLRRYDS-26OCT04TENBAL-BALJHILL43-55,Justice Hill: 55+ rushing and receiving yards combined,price moved +22c,0,22,22,0,20,20,False,,,
2026-10-04T02:38:35.927810+00:00,nfl,prop_rryds,KXNFLRRYDS-26OCT04DENSF-DENRHARVEY12-65,RJ Harvey: 65+ rushing and receiving yards combined,volume spike x16.0,21,21,0,3,48,45,False,,,
2026-10-04T02:38:35.927810+00:00,nfl,prop_rryds,KXNFLRRYDS-26OCT05ATLNO-NOAKAMARA41-60,Alvin Kamara: 60+ rushing and receiving yards combined,volume spike x7.6,48,47,-1,106,810,704,False,,,
2026-10-04T02:38:35.927810+00:00,nfl,prop_rryds,KXNFLRRYDS-26OCT05ATLNO-ATLBROBINSON7-130,Bijan Robinson: 130+ rushing and receiving yards combined,volume spike x3.0,53,53,0,491,1496,1005,False,,,
2026-10-04T02:38:35.927810+00:00,nfl,prop_td,KXNFLTD-26OCT04INDWAS-WASDBROWN6-2,Dyami Brown: 2+ touchdowns,volume spike x4.1,1,1,0,300,1235,935,False,,,
2026-10-04T02:38:35.927810+00:00,nfl,prop_td,KXNFLTD-26OCT04INDWAS-WASAEKELER30-1,Austin Ekeler: 1+ touchdowns,volume spike x6.6,11,11,0,7106,46610,39504,False,,,
2026-10-04T02:38:35.927810+00:00,nfl,prop_td,KXNFLTD-26OCT04INDWAS-WASCOKONKWO85-1,Chig Okonkwo: 1+ touchdowns,volume spike x5.6,18,18,0,172,962,790,False,,,
2026-10-04T02:38:35.927810+00:00,nfl,prop_td,KXNFLTD-26OCT04INDWAS-INDADULIN16-1,Ashton Dulin: 1+ touchdowns,volume spike x8.2,7,8,1,6384,52221,45837,False,,,
2026-10-04T02:38:35.927810+00:00,nfl,prop_td,KXNFLTD-26OCT04INDWAS-INDADULIN16-2,Ashton Dulin: 2+ touchdowns,volume spike x9.9,1,1,0,31,306,275,False,,,
2026-10-04T02:38:35.927810+00:00,nfl,prop_td,KXNFLTD-26OCT04INDWAS-INDNWESTBROOKIKHINE12-1,Nick Westbrook-Ikhine: 1+ touchdowns,volume spike x46.6,6,7,1,81,3772,3691,False,,,
2026-10-04T02:38:35.927810+00:00,nfl,prop_td,KXNFLTD-26OCT04ARINYG-NYGTJOHNSON84-1,Theo Johnson: 1+ touchdowns,volume spike x22.8,10,9,-1,95,2169,2074,False,,,
2026-10-04T02:38:35.927810+00:00,nfl,prop_td,KXNFLTD-26OCT04DALHOU-DALCLAMB88-3,CeeDee Lamb: 3+ touchdowns,volume spike x4.8,2,2,0,247,1182,935,False,,,
2026-10-04T02:38:35.927810+00:00,nfl,prop_td,KXNFLTD-26OCT04DALHOU-DALGPICKENS3-3,George Pickens: 3+ touchdowns,volume spike x4.8,1,1,0,392,1877,1485,False,,,
2026-10-04T02:38:35.927810+00:00,nfl,prop_td,KXNFLTD-26OCT04DALHOU-DALDPRESCOTT4-2,Dak Prescott: 2+ touchdowns,volume spike x3.0,2,1,-1,2024,6117,4093,False,,,
2026-10-04T02:38:35.927810+00:00,nfl,prop_td,KXNFLTD-26OCT04DALHOU-HOUJNOEL13-1,Jaylin Noel: 1+ touchdowns,volume spike x6.1,12,12,0,5649,34282,28633,False,,,
2026-10-04T02:38:35.927810+00:00,nfl,prop_td,KXNFLTD-26OCT04DALHOU-HOUJWAYNE17-1,Jared Wayne: 1+ touchdowns,volume spike x5.3,7,8,1,46,245,199,False,,,
2026-10-04T02:38:35.927810+00:00,nfl,prop_td,KXNFLTD-26OCT04DALHOU-DALBSPANNFORD89-1,Brevyn Spann-Ford: 1+ touchdowns,volume spike x3.3,7,7,0,353,1171,818,False,,,
2026-10-04T02:38:35.927810+00:00,nfl,prop_td,KXNFLTD-26OCT04DALHOU-DALEDEMERCADO31-1,Emari Demercado: 1+ touchdowns,volume spike x3.4,6,7,1,83,284,201,False,,,
2026-10-04T02:38:35.927810+00:00,nfl,prop_td,KXNFLTD-26OCT04GBTB-GBMGOLDEN0-1,Matthew Golden: 1+ touchdowns,volume spike x7.4,30,30,0,835,6177,5342,False,,,
2026-10-04T02:38:35.927810+00:00,nfl,prop_td,KXNFLTD-26OCT04GBTB-GBMGOLDEN0-2,Matthew Golden: 2+ touchdowns,volume spike x3.4,5,5,0,471,1598,1127,False,,,
2026-10-04T02:38:35.927810+00:00,nfl,prop_td,KXNFLTD-26OCT04GBTB-GBKJOHNSON26-1,Kaleb Johnson: 1+ touchdowns,volume spike x3.8,29,27,-2,25,95,70,False,,,
2026-10-04T02:38:35.927810+00:00,nfl,prop_td,KXNFLTD-26OCT04GBTB-GBJSMITH18-2,Jonnu Smith: 2+ touchdowns,volume spike x26.1,3,1,-2,12,313,301,False,,,
2026-10-04T02:38:35.927810+00:00,nfl,prop_td,KXNFLTD-26OCT04JACCIN-CINDSAMPLE89-1,Drew Sample: 1+ touchdowns,price moved +10c,0,10,10,0,66,66,False,,,
2026-10-04T02:38:35.927810+00:00,nfl,prop_td,KXNFLTD-26OCT04JACCIN-JACAABDULLAH20-1,Ameer Abdullah: 1+ touchdowns,price moved +8c,0,8,8,0,5778,5778,False,,,
2026-10-04T02:38:35.927810+00:00,nfl,prop_td,KXNFLTD-26OCT04JACCIN-JACNBOERKIRCHER87-1,Nate Boerkircher: 1+ touchdowns,volume spike x3.5,9,9,0,399,1382,983,False,,,
2026-10-04T02:38:35.927810+00:00,nfl,prop_td,KXNFLTD-26OCT04JACCIN-JACTHUNTER12-1,Travis Hunter: 1+ touchdowns,volume spike x9.8,6,7,1,412,4028,3616,False,,,
2026-10-04T02:38:35.927810+00:00,nfl,prop_td,KXNFLTD-26OCT04JACCIN-JACBTUTEN33-1,Bhayshul Tuten: 1+ touchdowns,volume spike x7.5,45,44,-1,1842,13863,12021,False,,,
2026-10-04T02:38:35.927810+00:00,nfl,prop_td,KXNFLTD-26OCT04JACCIN-CINJENDRIES84-1,Jack Endries: 1+ touchdowns,price moved +8c,0,8,8,0,35,35,False,,,
2026-10-04T02:38:35.927810+00:00,nfl,prop_td,KXNFLTD-26OCT04LARPHI-PHISBARKLEY26-3,Saquon Barkley: 3+ touchdowns,volume spike x5.2,2,2,0,600,3099,2499,False,,,
2026-10-04T02:38:35.927810+00:00,nfl,prop_td,KXNFLTD-26OCT04NEBUF-NERSTEVENSON38-1,Rhamondre Stevenson: 1+ touchdowns,volume spike x3.6,35,35,0,214,772,558,False,,,
2026-10-04T02:38:35.927810+00:00,nfl,prop_td,KXNFLTD-26OCT04NEBUF-NEKWILLIAMS18-1,Kyle Williams: 1+ touchdowns,volume spike x9.2,10,10,0,828,7620,6792,False,,,
2026-10-04T02:38:35.927810+00:00,nfl,prop_td,KXNFLTD-26OCT04NEBUF-BUFSBELL13-1,Skyler Bell: 1+ touchdowns,volume spike x24.0,8,5,-3,23,552,529,False,,,
2026-10-04T02:38:35.927810+00:00,nfl,prop_td,KXNFLTD-26OCT04NYJCHI-CHICLOVELAND84-2,Colston Loveland: 2+ touchdowns,volume spike x6.4,5,4,-1,121,777,656,False,,,
2026-10-04T02:38:35.927810+00:00,nfl,prop_td,KXNFLTD-26OCT04NYJCHI-CHIKMONANGAI25-3,Kyle Monangai: 3+ touchdowns,volume spike x3.4,2,1,-1,202,686,484,False,,,
2026-10-04T02:38:35.927810+00:00,nfl,prop_td,KXNFLTD-26OCT04NYJCHI-CHIRODUNZE15-1,Rome Odunze: 1+ touchdowns,volume spike x4.6,22,22,0,797,3653,2856,False,,,
2026-10-04T02:38:35.927810+00:00,nfl,prop_td,KXNFLTD-26OCT04NYJCHI-NYJBALLEN0-2,Braelon Allen: 2+ touchdowns,volume spike x16.7,10,10,0,67,1121,1054,False,,,
2026-10-04T02:38:35.927810+00:00,nfl,prop_td,KXNFLTD-26OCT04NYJCHI-NYJIDAVIS32-1,Isaiah Davis: 1+ touchdowns,volume spike x7.4,22,21,-1,48,355,307,False,,,
2026-10-04T02:38:35.927810+00:00,nfl,prop_td,KXNFLTD-26OCT04TENBAL-BALMANDREWS89-3,Mark Andrews: 3+ touchdowns,volume spike x7.4,2,1,-1,70,520,450,False,,,
2026-10-04T02:38:35.927810+00:00,nfl,prop_td,KXNFLTD-26OCT04TENBAL-TENCRIDLEY0-1,Calvin Ridley: 1+ touchdowns,volume spike x23.7,7,7,0,11,261,250,False,,,
2026-10-04T02:38:35.927810+00:00,nfl,prop_td,KXNFLTD-26OCT04MIAMIN-MIAMIADST-1,MIA Dolphins D/ST: 1+ touchdowns,volume spike x4.9,13,11,-2,18,88,70,False,,,
2026-10-04T02:38:35.927810+00:00,nfl,prop_td,KXNFLTD-26OCT04MIAMIN-MINDDALLAS31-1,DeeJay Dallas: 1+ touchdowns,volume spike x30.9,11,10,-1,42,1296,1254,False,,,
2026-10-04T02:38:35.927810+00:00,nfl,prop_td,KXNFLTD-26OCT04DENSF-SFGKITTLE85-3,George Kittle: 3+ touchdowns,volume spike x10.8,2,2,0,124,1341,1217,False,,,
2026-10-04T02:38:35.927810+00:00,nfl,prop_td,KXNFLTD-26OCT04DENSF-SFKHODGE86-1,KhaDarel Hodge: 1+ touchdowns,price moved +8c,0,8,8,0,247,247,False,,,
2026-10-04T02:38:35.927810+00:00,nfl,prop_td,KXNFLTD-26OCT04KCLV-LVDYOUNG81-1,Dareke Young: 1+ touchdowns,volume spike x4.4,6,6,0,93,406,313,False,,,
2026-10-04T02:38:35.927810+00:00,nfl,prop_td,KXNFLTD-26OCT04LACSEA-LACJHERBERT10-1,Justin Herbert: 1+ touchdowns,volume spike x17.4,13,13,0,411,7164,6753,False,,,
2026-10-04T02:38:35.927810+00:00,nfl,prop_td,KXNFLTD-26OCT04LACSEA-SEACKUPP10-2,Cooper Kupp: 2+ touchdowns,volume spike x3.7,3,3,0,406,1498,1092,False,,,
2026-10-04T02:38:35.927810+00:00,nfl,prop_td,KXNFLTD-26OCT04LACSEA-LACMVALDESSCANTLING13-1,Marquez Valdes-Scantling: 1+ touchdowns,volume spike x176.8,5,4,-1,149,26349,26200,False,,,
2026-10-04T02:38:35.927810+00:00,nfl,prop_td,KXNFLTD-26OCT04DETCAR-CARMEVANS84-1,Mitchell Evans: 1+ touchdowns,price moved +10c,0,10,10,0,141,141,False,,,
2026-10-04T02:38:35.927810+00:00,nfl,prop_firsttd,KXNFLFIRSTTD-26OCT04INDWAS-INDDJONES17,Daniel Jones: 1st Touchdown,volume spike x10.2,5,5,0,754,7700,6946,False,,,
2026-10-04T02:38:35.927810+00:00,nfl,prop_firsttd,KXNFLFIRSTTD-26OCT04INDWAS-INDDOGLETREE85,Drew Ogletree: 1st Touchdown,volume spike x4.5,2,2,0,13,59,46,False,,,
2026-10-04T02:38:35.927810+00:00,nfl,prop_firsttd,KXNFLFIRSTTD-26OCT04INDWAS-WASJLANE83,Jaylin Lane: 1st Touchdown,volume spike x17.5,1,1,0,284,4960,4676,False,,,
2026-10-04T02:38:35.927810+00:00,nfl,prop_firsttd,KXNFLFIRSTTD-26OCT04INDWAS-INDAGOULD6,Anthony Gould: 1st Touchdown,volume spike x24.5,2,2,0,4,98,94,False,,,
2026-10-04T02:38:35.927810+00:00,nfl,prop_firsttd,KXNFLFIRSTTD-26OCT04INDWAS-INDADULIN16,Ashton Dulin: 1st Touchdown,volume spike x277.6,1,2,1,69,19152,19083,False,,,
2026-10-04T02:38:35.927810+00:00,nfl,prop_firsttd,KXNFLFIRSTTD-26OCT04DALHOU-HOUKBOUTTE14,Kayshon Boutte: 1st Touchdown,volume spike x3.2,4,4,0,627,2032,1405,False,,,
2026-10-04T02:38:35.927810+00:00,nfl,prop_firsttd,KXNFLFIRSTTD-26OCT04DALHOU-DALRFLOURNOY19,Ryan Flournoy: 1st Touchdown,volume spike x8.5,4,5,1,177,1513,1336,False,,,
2026-10-04T02:38:35.927810+00:00,nfl,prop_firsttd,KXNFLFIRSTTD-26OCT04GBTB-TBEEGBUKA2,Emeka Egbuka: 1st Touchdown,volume spike x4.3,6,7,1,65,278,213,False,,,
2026-10-04T02:38:35.927810+00:00,nfl,prop_firsttd,KXNFLFIRSTTD-26OCT04GBTB-TBSTUCKER44,Sean Tucker: 1st Touchdown,volume spike x6.0,3,3,0,31,187,156,False,,,
2026-10-04T02:38:35.927810+00:00,nfl,prop_firsttd,KXNFLFIRSTTD-26OCT04GBTB-GBMGOLDEN0,Matthew Golden: 1st Touchdown,volume spike x7.6,9,9,0,421,3208,2787,False,,,
2026-10-04T02:38:35.927810+00:00,nfl,prop_firsttd,KXNFLFIRSTTD-26OCT04NEBUF-NEDDOUGLAS3,DeMario Douglas: 1st Touchdown,volume spike x13.6,2,3,1,621,8424,7803,False,,,
2026-10-04T02:38:35.927810+00:00,nfl,prop_firsttd,KXNFLFIRSTTD-26OCT04NEBUF-BUFGDORTCH19,Greg Dortch: 1st Touchdown,volume spike x8.8,1,1,0,9,79,70,False,,,
2026-10-04T02:38:35.927810+00:00,nfl,prop_firsttd,KXNFLFIRSTTD-26OCT04NYJCHI-CHICKMET85,Cole Kmet: 1st Touchdown,volume spike x3.1,4,4,0,162,496,334,False,,,
2026-10-04T02:38:35.927810+00:00,nfl,prop_firsttd,KXNFLFIRSTTD-26OCT04NYJCHI-NYJBALLEN0,Braelon Allen: 1st Touchdown,volume spike x3.2,12,12,0,107,342,235,False,,,
2026-10-04T02:38:35.927810+00:00,nfl,prop_firsttd,KXNFLFIRSTTD-26OCT04NYJCHI-CHISROUSH87,Sam Roush: 1st Touchdown,volume spike x8.6,2,1,-1,126,1085,959,False,,,
2026-10-04T02:38:35.927810+00:00,nfl,prop_firsttd,KXNFLFIRSTTD-26OCT04NYJCHI-CHIZTHOMAS13,Zavion Thomas: 1st Touchdown,volume spike x14.4,1,2,1,70,1005,935,False,,,
2026-10-04T02:38:35.927810+00:00,nfl,prop_firsttd,KXNFLFIRSTTD-26OCT04TENBAL-TENEAYOMANOR5,Elic Ayomanor: 1st Touchdown,volume spike x14.6,3,3,0,23,335,312,False,,,
2026-10-04T02:38:35.927810+00:00,nfl,prop_firsttd,KXNFLFIRSTTD-26OCT04TENBAL-BALJCUEVAS85,Josh Cuevas: 1st Touchdown,volume spike x18.5,1,1,0,80,1482,1402,False,,,
2026-10-04T02:38:35.927810+00:00,nfl,prop_firsttd,KXNFLFIRSTTD-26OCT04DENSF-DENCSUTTON14,Courtland Sutton: 1st Touchdown,price moved +7c,0,7,7,0,402,402,False,,,
2026-10-04T02:38:35.927810+00:00,nfl,prop_firsttd,KXNFLFIRSTTD-26OCT04DENSF-SFJCOWING4,Jacob Cowing: 1st Touchdown,volume spike x14.1,2,3,1,80,1125,1045,False,,,
2026-10-04T02:38:35.927810+00:00,nfl,prop_firsttd,KXNFLFIRSTTD-26OCT04KCLV-LVMBENSON19,Malik Benson: 1st Touchdown,volume spike x4.1,2,1,-1,111,451,340,False,,,
2026-10-04T02:38:35.927810+00:00,nfl,prop_firsttd,KXNFLFIRSTTD-26OCT04KCLV-LVMWASHINGTON4,Mike Washington Jr.: 1st Touchdown,volume spike x3.4,4,4,0,60,201,141,False,,,
2026-10-04T02:38:35.927810+00:00,nfl,prop_firsttd,KXNFLFIRSTTD-26OCT05ATLNO-NOJJOHNSON83,Juwan Johnson: 1st Touchdown,volume spike x6.8,8,8,0,128,865,737,False,,,
2026-10-04T02:38:35.927810+00:00,nfl,prop_ffpts,KXNFLFFPTS-26OCT04INDWAS-WASJCROSKEYMERRITT22-12P1,Jacory Croskey-Merritt: Over 12.1 fantasy points,price moved +8c,39,47,8,379,415,36,False,,,
2026-10-04T02:38:35.927810+00:00,nfl,prop_ffpts,KXNFLFFPTS-26OCT04INDWAS-WASSDIGGS3-11P1,Stefon Diggs: Over 11.1 fantasy points,price moved +8c,51,59,8,1123,1292,169,False,,,
2026-10-04T02:38:35.927810+00:00,nfl,prop_ffpts,KXNFLFFPTS-26OCT04INDWAS-WASMMARIOTA8-16P7,Marcus Mariota: Over 16.7 fantasy points,volume spike x4.4,51,51,0,82,362,280,False,,,
2026-10-04T02:38:35.927810+00:00,nfl,prop_ffpts,KXNFLFFPTS-26OCT04INDWAS-WASTMCLAURIN17-11P7,Terry McLaurin: Over 11.7 fantasy points,price moved -18c,22,4,-18,369,422,53,False,,,
2026-10-04T02:38:35.927810+00:00,nfl,prop_ffpts,KXNFLFFPTS-26OCT04INDWAS-INDKALLEN10-8P6,Keenan Allen: Over 8.6 fantasy points,price moved -23c,24,1,-23,2227,2414,187,False,,,
2026-10-04T02:38:35.927810+00:00,nfl,prop_ffpts,KXNFLFFPTS-26OCT04INDWAS-INDJDOWNS2-12P6,Josh Downs: Over 12.6 fantasy points,price moved +10c,60,70,10,277,2162,1885,False,,,
2026-10-04T02:38:35.927810+00:00,nfl,prop_ffpts,KXNFLFFPTS-26OCT04INDWAS-INDJDOWNS2-12P6,Josh Downs: Over 12.6 fantasy points,volume spike x7.8,60,70,10,277,2162,1885,False,,,
2026-10-04T02:38:35.927810+00:00,nfl,prop_ffpts,KXNFLFFPTS-26OCT04INDWAS-INDDJONES17-16P7,Daniel Jones: Over 16.7 fantasy points,volume spike x3.6,49,49,0,68,243,175,False,,,
2026-10-04T02:38:35.927810+00:00,nfl,prop_ffpts,KXNFLFFPTS-26OCT04INDWAS-INDTWARREN84-12,Tyler Warren: Over 12 fantasy points,volume spike x8.1,62,58,-4,96,779,683,False,,,
2026-10-04T02:38:35.927810+00:00,nfl,prop_ffpts,KXNFLFFPTS-26OCT04ARINYG-NYGMNABERS1-13P9,Malik Nabers: Over 13.9 fantasy points,volume spike x5.7,49,43,-6,12,68,56,False,,,
2026-10-04T02:38:35.927810+00:00,nfl,prop_ffpts,KXNFLFFPTS-26OCT04ARINYG-ARITMCBRIDE85-17P6,Trey McBride: Over 17.6 fantasy points,price moved -10c,52,42,-10,708,730,22,False,,,
2026-10-04T02:38:35.927810+00:00,nfl,prop_ffpts,KXNFLFFPTS-26OCT04DALHOU-HOUKFAIRBAIRN15-9,Ka'imi Fairbairn: Over 9 fantasy points,price moved +41c,0,41,41,0,16,16,False,,,
2026-10-04T02:38:35.927810+00:00,nfl,prop_ffpts,KXNFLFFPTS-26OCT04DALHOU-HOUCSTROUD7-18P4,C.J. Stroud: Over 18.4 fantasy points,price moved +45c,0,45,45,0,510,510,False,,,
2026-10-04T02:38:35.927810+00:00,nfl,prop_ffpts,KXNFLFFPTS-26OCT04DALHOU-DALCLAMB88-17P4,CeeDee Lamb: Over 17.4 fantasy points,price moved +46c,0,46,46,0,20,20,False,,,
2026-10-04T02:38:35.927810+00:00,nfl,prop_ffpts,KXNFLFFPTS-26OCT04GBTB-TBEEGBUKA2-10P3,Emeka Egbuka: Over 10.3 fantasy points,price moved +44c,0,44,44,0,43,43,False,,,
2026-10-04T02:38:35.927810+00:00,nfl,prop_ffpts,KXNFLFFPTS-26OCT04GBTB-GBTSMACK28-8P2,Trey Smack: Over 8.2 fantasy points,price moved -10c,52,42,-10,22,38,16,False,,,
2026-10-04T02:38:35.927810+00:00,nfl,prop_ffpts,KXNFLFFPTS-26OCT04JACCIN-CINEMCPHERSON2-8P3,Evan McPherson: Over 8.3 fantasy points,price moved +55c,0,55,55,0,28,28,False,,,
2026-10-04T02:38:35.927810+00:00,nfl,prop_ffpts,KXNFLFFPTS-26OCT04JACCIN-JACTLAWRENCE16-20P3,Trevor Lawrence: Over 20.3 fantasy points,volume spike x4.0,51,48,-3,10,40,30,False,,,
2026-10-04T02:38:35.927810+00:00,nfl,prop_ffpts,KXNFLFFPTS-26OCT04JACCIN-JACCLITTLE39-8P1,Cam Little: Over 8.1 fantasy points,price moved +43c,0,43,43,0,17,17,False,,,
2026-10-04T02:38:35.927810+00:00,nfl,prop_ffpts,KXNFLFFPTS-26OCT04LARPHI-PHIJELLIOTT4-7,Jake Elliott: Over 7 fantasy points,price moved +46c,0,46,46,0,17,17,False,,,
2026-10-04T02:38:35.927810+00:00,nfl,prop_ffpts,KXNFLFFPTS-26OCT04LARPHI-LARMSTAFFORD9-16P5,Matthew Stafford: Over 16.5 fantasy points,price moved +8c,41,49,8,528,867,339,False,,,
2026-10-04T02:38:35.927810+00:00,nfl,prop_ffpts,KXNFLFFPTS-26OCT04LARPHI-LARKWILLIAMS23-13P6,Kyren Williams: Over 13.6 fantasy points,price moved +56c,0,56,56,0,8,8,False,,,
2026-10-04T02:38:35.927810+00:00,nfl,prop_ffpts,KXNFLFFPTS-26OCT04NEBUF-BUFTBASS16-8,Tyler Bass: Over 8 fantasy points,price moved +56c,0,56,56,0,34,34,False,,,
2026-10-04T02:38:35.927810+00:00,nfl,prop_ffpts,KXNFLFFPTS-26OCT04NEBUF-NEABORREGALES8-6P9,Andy Borregales: Over 6.9 fantasy points,price moved +44c,0,44,44,0,17,17,False,,,
2026-10-04T02:38:35.927810+00:00,nfl,prop_ffpts,KXNFLFFPTS-26OCT04NEBUF-NETHENDERSON32-9P5,TreVeyon Henderson: Over 9.5 fantasy points,price moved +50c,0,50,50,0,77,77,False,,,
2026-10-04T02:38:35.927810+00:00,nfl,prop_ffpts,KXNFLFFPTS-26OCT04NYJCHI-CHILBURDEN10-12P6,Luther Burden III: Over 12.6 fantasy points,volume spike x12.3,42,42,0,21,259,238,False,,,
2026-10-04T02:38:35.927810+00:00,nfl,prop_ffpts,KXNFLFFPTS-26OCT04NYJCHI-CHICKEENUM11-14P5,Case Keenum: Over 14.5 fantasy points,price moved +25c,2,27,25,728,814,86,False,,,
2026-10-04T02:38:35.927810+00:00,nfl,prop_ffpts,KXNFLFFPTS-26OCT04NYJCHI-CHIKRAYMOND14-10P1,Kalif Raymond: Over 10.1 fantasy points,volume spike x3.2,33,31,-2,50,158,108,False,,,
2026-10-04T02:38:35.927810+00:00,nfl,prop_ffpts,KXNFLFFPTS-26OCT04NYJCHI-CHICSANTOS8-8,Cairo Santos: Over 8 fantasy points,price moved +41c,0,41,41,0,16,16,False,,,
2026-10-04T02:38:35.927810+00:00,nfl,prop_ffpts,KXNFLFFPTS-26OCT04NYJCHI-CHIDSWIFT4-16P6,D'Andre Swift: Over 16.6 fantasy points,price moved -7c,36,29,-7,10,17,7,False,,,
2026-10-04T02:38:35.927810+00:00,nfl,prop_ffpts,KXNFLFFPTS-26OCT04NYJCHI-NYJGWILSON5-19P1,Garrett Wilson: Over 19.1 fantasy points,price moved +39c,0,39,39,0,119,119,False,,,
2026-10-04T02:38:35.927810+00:00,nfl,prop_ffpts,KXNFLFFPTS-26OCT04MIAMIN-MINWREICHARD16-9P2,Will Reichard: Over 9.2 fantasy points,price moved +14c,37,51,14,585,594,9,False,,,
2026-10-04T02:38:35.927810+00:00,nfl,prop_ffpts,KXNFLFFPTS-26OCT04DENSF-SFBPURDY13-20,Brock Purdy: Over 20 fantasy points,price moved +11c,33,44,11,893,904,11,False,,,
2026-10-04T02:38:35.927810+00:00,nfl,prop_ffpts,KXNFLFFPTS-26OCT04KCLV-LVMGAY14-8P3,Matt Gay: Over 8.3 fantasy points,price moved +39c,0,39,39,0,15,15,False,,,
2026-10-04T02:38:35.927810+00:00,nfl,prop_ffpts,KXNFLFFPTS-26OCT04KCLV-KCKWALKER9-19P8,Kenneth Walker III: Over 19.8 fantasy points,price moved +52c,0,52,52,0,279,279,False,,,
2026-10-04T02:38:35.927810+00:00,nfl,prop_ffpts,KXNFLFFPTS-26OCT04LACSEA-SEASDARNOLD14-16P7,Sam Darnold: Over 16.7 fantasy points,price moved +48c,0,48,48,0,20,20,False,,,
2026-10-04T02:38:35.927810+00:00,nfl,prop_ffpts,KXNFLFFPTS-26OCT04LACSEA-LACJHERBERT10-14P2,Justin Herbert: Over 14.2 fantasy points,price moved +53c,0,53,53,0,45,45,False,,,
2026-10-04T02:38:35.927810+00:00,nfl,prop_ffpts,KXNFLFFPTS-26OCT04DETCAR-CARCHUBBARD30-16P2,Chuba Hubbard: Over 16.2 fantasy points,price moved -7c,54,47,-7,35,45,10,False,,,
2026-10-04T02:38:35.927810+00:00,nfl,prop_ffpts,KXNFLFFPTS-26OCT04DETCAR-CARTMCMILLAN4-14,Tetairoa McMillan: Over 14 fantasy points,price moved +58c,0,58,58,0,41,41,False,,,
2026-10-04T02:38:35.927810+00:00,nfl,prop_ffpts,KXNFLFFPTS-26OCT04DETCAR-DETJWILLIAMS1-11P2,Jameson Williams: Over 11.2 fantasy points,price moved +48c,0,48,48,0,50,50,False,,,
